{
 "Sample": 49450000,
 "posterior": 121.683484102746,
 "likelihood": 0,
 "prior": 121.683484102746,
 "TreeHeight.stacey": 0.328529280351839,
 "snapperCoalescentRate.stacey.1": 1.23285891187176,
 "snapperCoalescentRate.stacey.2": 1.22512380521028,
 "snapperCoalescentRate.stacey.3": 0.810744152868236,
 "snapperCoalescentRate.stacey.4": 0.929023150558852,
 "snapperCoalescentRate.stacey.5": 1.00361630501208,
 "snapperCoalescentRate.stacey.6": 1.2711428582672,
 "snapperCoalescentRate.stacey.7": 1.07018644103877,
 "snapperCoalescentRate.stacey.8": 1.15768878175674,
 "snapperCoalescentRate.stacey.9": 1.08247362013317,
 "snapperCoalescentRate.stacey.10": 1.01704521531871,
 "snapperCoalescentRate.stacey.11": 0.911196458087713,
 "snapperCoalescentRate.stacey.12": 0.877493063227957,
 "snapperCoalescentRate.stacey.13": 1.04668081459659,
 "snapperCoalescentRate.stacey.14": 0.949722556090324,
 "snapperCoalescentRate.stacey.15": 0.874426908352253,
 "snapperCoalescentRate.stacey.16": 1.00177649351499,
 "snapperCoalescentRate.stacey.17": 0.912099723113232,
 "snapperCoalescentRate.stacey.18": 0.924867903014425,
 "snapperCoalescentRate.stacey.19": 0.943963163741469,
 "snapperCoalescentRate.stacey.20": 1.19938200556265,
 "snapperCoalescentRate.stacey.21": 0.950180689073435,
 "snapperCoalescentRate.stacey.22": 1.16344635509198,
 "snapperCoalescentRate.stacey.23": 0.991268923475416,
 "snapperCoalescentRate.stacey.24": 1.16628528280954,
 "snapperCoalescentRate.stacey.25": 0.96550282594159,
 "snapperCoalescentRate.stacey.26": 0.916241220904386,
 "snapperCoalescentRate.stacey.27": 1.0050000304334,
 "snapperCoalescentRate.stacey.28": 0.950549527505899,
 "snapperCoalescentRate.stacey.29": 0.994220458592868,
 "snapperCoalescentRate.stacey.30": 1.08707076087091,
 "snapperCoalescentRate.stacey.31": 0.991149764679843,
 "snapperCoalescentRate.stacey.32": 1.07137961989908,
 "snapperCoalescentRate.stacey.33": 0.960996951958974,
 "snapperCoalescentRate.stacey.34": 0.92194691837607,
 "snapperCoalescentRate.stacey.35": 0.87263059187206,
 "snapperCoalescentRate.stacey.36": 1.02589212385932,
 "snapperCoalescentRate.stacey.37": 0.971779816378173,
 "snapperCoalescentRate.stacey.38": 0.912763017476028,
 "snapperCoalescentRate.stacey.39": 0.937908450197229,
 "snapperCoalescentRate.stacey.40": 0.911941612731589,
 "snapperCoalescentRate.stacey.41": 0.973053757994635,
 "snapperCoalescentRate.stacey.42": 0.949597768076838,
 "snapperCoalescentRate.stacey.43": 1.04066333651399,
 "snapperCoalescentRate.stacey.44": 0.950600145492421,
 "snapperCoalescentRate.stacey.45": 1.02172910413022,
 "snapperCoalescentRate.stacey.46": 0.892571569514871,
 "snapperCoalescentRate.stacey.47": 0.931707463678054,
 "snapperCoalescentRate.stacey.48": 1.11401505980966,
 "snapperCoalescentRate.stacey.49": 0.972100414075084,
 "snapperCoalescentRate.stacey.50": 1.04229032700435,
 "snapperCoalescentRate.stacey.51": 1.08179931140811,
 "snapperCoalescentRate.stacey.52": 1.08148213463291,
 "snapperCoalescentRate.stacey.53": 0.957957109845861,
 "snapperCoalescentRate.stacey.54": 1.0725455171325,
 "snapperCoalescentRate.stacey.55": 0.967052940063143,
 "snapperCoalescentRate.stacey.56": 0.977705647006195,
 "snapperCoalescentRate.stacey.57": 0.987879021693702,
 "snapperCoalescentRate.stacey.58": 0.979346612250659,
 "snapperCoalescentRate.stacey.59": 0.952857430559113,
 "snapperCoalescentRate.stacey.60": 0.98368429620517,
 "snapperCoalescentRate.stacey.61": 1.11066809341085,
 "snapperCoalescentRate.stacey.62": 0.878936262345518,
 "snapperCoalescentRate.stacey.63": 1.16083390874195,
 "snapperCoalescentRate.stacey.64": 0.91475419167548,
 "snapperCoalescentRate.stacey.65": 0.966464380861418,
 "snapperCoalescentRate.stacey.66": 1.03913119543435,
 "snapperCoalescentRate.stacey.67": 0.92708487144432,
 "snapperCoalescentRate.stacey.68": 1.0001729280005,
 "snapperCoalescentRate.stacey.69": 0.941692584788316,
 "snapperCoalescentRate.stacey.70": 0.850312422401075,
 "snapperCoalescentRate.stacey.71": 1.11235294971086,
 "snapperCoalescentRate.stacey.72": 1.00094135293672,
 "snapperCoalescentRate.stacey.73": 0.886628974556574,
 "snapperCoalescentRate.stacey.74": 1.0384263594781,
 "snapperCoalescentRate.stacey.75": 1.19682774054853,
 "snapperCoalescentRate.stacey.76": 0.894361228267425,
 "snapperCoalescentRate.stacey.77": 1.19688431824857,
 "snapperCoalescentRate.stacey.78": 1.11313212101206,
 "snapperCoalescentRate.stacey.79": 1.10092936392015,
 "bdcGrowthRateRate.Species": 0.226924329309433,
 "relativeDeathRate.Species": 0,
 "collapseWeight.Species": 0.0146213785575979,
 "originHeight.Species": 1.10410582058198e+98,
 "BirthDeathCollapseModel.Species": 47.1261141931388,
 "BirthRates.1": 5.23571336112356,
 "BirthRates.2": 4.40736768133317,
 "BirthRates.3": 25.1823729105055,
 "BirthRates.4": 3.39987134455304,
 "clusterCount": 38,