{
 "Sample": 28700000,
 "posterior": 221.783087526233,
 "likelihood": 0,
 "prior": 221.783087526233,
 "TreeHeight.stacey": 0.259322941191456,
 "snapperCoalescentRate.stacey.1": 0.820845441051919,
 "snapperCoalescentRate.stacey.2": 1.0725051236486,
 "snapperCoalescentRate.stacey.3": 1.01810039627071,
 "snapperCoalescentRate.stacey.4": 0.953284372287424,
 "snapperCoalescentRate.stacey.5": 0.987230416873995,
 "snapperCoalescentRate.stacey.6": 0.875646456063815,
 "snapperCoalescentRate.stacey.7": 0.932441673077862,
 "snapperCoalescentRate.stacey.8": 0.884351174049306,
 "snapperCoalescentRate.stacey.9": 0.848016603423545,
 "snapperCoalescentRate.stacey.10": 1.12936665258396,
 "snapperCoalescentRate.stacey.11": 0.739501933718752,
 "snapperCoalescentRate.stacey.12": 0.982110855853163,
 "snapperCoalescentRate.stacey.13": 0.983117147366618,
 "snapperCoalescentRate.stacey.14": 1.00678835255896,
 "snapperCoalescentRate.stacey.15": 0.959305877568149,
 "snapperCoalescentRate.stacey.16": 0.963110362455635,
 "snapperCoalescentRate.stacey.17": 0.920028048750683,
 "snapperCoalescentRate.stacey.18": 1.00070110475911,
 "snapperCoalescentRate.stacey.19": 0.890178875267855,
 "snapperCoalescentRate.stacey.20": 1.00472586609244,
 "snapperCoalescentRate.stacey.21": 1.14870974307898,
 "snapperCoalescentRate.stacey.22": 1.02727374713381,
 "snapperCoalescentRate.stacey.23": 1.02467532658778,
 "snapperCoalescentRate.stacey.24": 1.07909887973675,
 "snapperCoalescentRate.stacey.25": 1.19408840247312,
 "snapperCoalescentRate.stacey.26": 1.03938369762028,
 "snapperCoalescentRate.stacey.27": 1.12186543830238,
 "snapperCoalescentRate.stacey.28": 1.04498626351998,
 "snapperCoalescentRate.stacey.29": 0.961120442324208,
 "snapperCoalescentRate.stacey.30": 1.02205499053268,
 "snapperCoalescentRate.stacey.31": 1.15213947346098,
 "snapperCoalescentRate.stacey.32": 0.95714483733991,
 "snapperCoalescentRate.stacey.33": 0.899832937088809,
 "snapperCoalescentRate.stacey.34": 1.08233687948369,
 "snapperCoalescentRate.stacey.35": 1.01237938499242,
 "snapperCoalescentRate.stacey.36": 1.15617222936542,
 "snapperCoalescentRate.stacey.37": 1.0526190584928,
 "snapperCoalescentRate.stacey.38": 0.97860269558699,
 "snapperCoalescentRate.stacey.39": 1.12607371611245,
 "snapperCoalescentRate.stacey.40": 1.02790988852053,
 "snapperCoalescentRate.stacey.41": 1.2303990196711,
 "snapperCoalescentRate.stacey.42": 0.957739092942365,
 "snapperCoalescentRate.stacey.43": 0.956892039967236,
 "snapperCoalescentRate.stacey.44": 0.811865128193561,
 "snapperCoalescentRate.stacey.45": 0.889615144630059,
 "snapperCoalescentRate.stacey.46": 1.0787110587734,
 "snapperCoalescentRate.stacey.47": 0.962115731183474,
 "snapperCoalescentRate.stacey.48": 1.12637732985895,
 "snapperCoalescentRate.stacey.49": 1.02820558570196,
 "snapperCoalescentRate.stacey.50": 0.964982331511132,
 "snapperCoalescentRate.stacey.51": 1.01706708699471,
 "snapperCoalescentRate.stacey.52": 0.999913989252633,
 "snapperCoalescentRate.stacey.53": 0.995616047103772,
 "snapperCoalescentRate.stacey.54": 0.956836203052339,
 "snapperCoalescentRate.stacey.55": 1.00020086342374,
 "snapperCoalescentRate.stacey.56": 1.01220023152147,
 "snapperCoalescentRate.stacey.57": 0.875837071281127,
 "snapperCoalescentRate.stacey.58": 1.03886593747777,
 "snapperCoalescentRate.stacey.59": 0.917996569408243,
 "snapperCoalescentRate.stacey.60": 0.909293689173213,
 "snapperCoalescentRate.stacey.61": 0.925571524342896,
 "snapperCoalescentRate.stacey.62": 0.938433202740174,
 "snapperCoalescentRate.stacey.63": 0.943189616948098,
 "snapperCoalescentRate.stacey.64": 1.05312308003156,
 "snapperCoalescentRate.stacey.65": 0.999243627267675,
 "snapperCoalescentRate.stacey.66": 0.907104506828927,
 "snapperCoalescentRate.stacey.67": 1.02535446256941,
 "snapperCoalescentRate.stacey.68": 1.15967810261407,
 "snapperCoalescentRate.stacey.69": 1.09734681972554,
 "snapperCoalescentRate.stacey.70": 0.858815988895684,
 "snapperCoalescentRate.stacey.71": 0.963664134634484,
 "snapperCoalescentRate.stacey.72": 0.998374807958394,
 "snapperCoalescentRate.stacey.73": 1.14529371497851,
 "snapperCoalescentRate.stacey.74": 1.04823024737319,
 "snapperCoalescentRate.stacey.75": 0.8841991245532,
 "snapperCoalescentRate.stacey.76": 1.09738864343531,
 "snapperCoalescentRate.stacey.77": 0.956483336852154,
 "snapperCoalescentRate.stacey.78": 1.07467458105,
 "snapperCoalescentRate.stacey.79": 0.975771323950211,
 "bdcGrowthRateRate.Species": 0.220845061479725,
 "relativeDeathRate.Species": 0,
 "collapseWeight.Species": 0.361425238888264,
 "originHeight.Species": 5.60991641567641e+98,
 "BirthDeathCollapseModel.Species": 144.089137615347,
 "BirthRates.1": 22.5568429634343,
 "BirthRates.2": 4.78139775918363,
 "BirthRates.3": 4.04084042393217,
 "BirthRates.4": 13.2311984378417,
 "clusterCount": 25,