{
 "Sample": 30500000,
 "posterior": 305.099204336937,
 "likelihood": 0,
 "prior": 305.099204336937,
 "TreeHeight.stacey": 0.323794561004214,
 "snapperCoalescentRate.stacey.1": 1.00634543000995,
 "snapperCoalescentRate.stacey.2": 0.786850210413022,
 "snapperCoalescentRate.stacey.3": 1.032437550478,
 "snapperCoalescentRate.stacey.4": 0.943711503250208,
 "snapperCoalescentRate.stacey.5": 1.20214002256168,
 "snapperCoalescentRate.stacey.6": 0.984447810920212,
 "snapperCoalescentRate.stacey.7": 1.04702164558483,
 "snapperCoalescentRate.stacey.8": 0.98316480690636,
 "snapperCoalescentRate.stacey.9": 1.01310115664759,
 "snapperCoalescentRate.stacey.10": 1.04542592762926,
 "snapperCoalescentRate.stacey.11": 0.98710564949203,
 "snapperCoalescentRate.stacey.12": 0.997343832546857,
 "snapperCoalescentRate.stacey.13": 0.81730610399233,
 "snapperCoalescentRate.stacey.14": 0.99337057961715,
 "snapperCoalescentRate.stacey.15": 1.10343663513386,
 "snapperCoalescentRate.stacey.16": 0.930896290380103,
 "snapperCoalescentRate.stacey.17": 0.832600816497983,
 "snapperCoalescentRate.stacey.18": 0.89059450868773,
 "snapperCoalescentRate.stacey.19": 1.01768824387088,
 "snapperCoalescentRate.stacey.20": 1.14621996790768,
 "snapperCoalescentRate.stacey.21": 0.917951066391403,
 "snapperCoalescentRate.stacey.22": 1.13345391383122,
 "snapperCoalescentRate.stacey.23": 1.22616955743067,
 "snapperCoalescentRate.stacey.24": 0.925262553994508,
 "snapperCoalescentRate.stacey.25": 1.02695770191651,
 "snapperCoalescentRate.stacey.26": 0.917428455876304,
 "snapperCoalescentRate.stacey.27": 1.04215942925688,
 "snapperCoalescentRate.stacey.28": 1.01869987554606,
 "snapperCoalescentRate.stacey.29": 0.924582539048192,
 "snapperCoalescentRate.stacey.30": 1.0041680834026,
 "snapperCoalescentRate.stacey.31": 0.99614069427269,
 "snapperCoalescentRate.stacey.32": 0.884061791858226,
 "snapperCoalescentRate.stacey.33": 1.10128449585216,
 "snapperCoalescentRate.stacey.34": 1.10353132745357,
 "snapperCoalescentRate.stacey.35": 1.00734836426316,
 "snapperCoalescentRate.stacey.36": 1.08156987318519,
 "snapperCoalescentRate.stacey.37": 1.07473487656168,
 "snapperCoalescentRate.stacey.38": 0.859537179401218,
 "snapperCoalescentRate.stacey.39": 0.984761948713877,
 "snapperCoalescentRate.stacey.40": 1.03642892764677,
 "snapperCoalescentRate.stacey.41": 0.945779777201623,
 "snapperCoalescentRate.stacey.42": 0.859528333270424,
 "snapperCoalescentRate.stacey.43": 1.01820714988579,
 "snapperCoalescentRate.stacey.44": 1.01632138114519,
 "snapperCoalescentRate.stacey.45": 0.931304187270817,
 "snapperCoalescentRate.stacey.46": 1.11555416569614,
 "snapperCoalescentRate.stacey.47": 1.05148017905392,
 "snapperCoalescentRate.stacey.48": 0.907159193754716,
 "snapperCoalescentRate.stacey.49": 0.881138742491279,
 "snapperCoalescentRate.stacey.50": 1.00160755659947,
 "snapperCoalescentRate.stacey.51": 0.81181024807206,
 "snapperCoalescentRate.stacey.52": 1.09396883771381,
 "snapperCoalescentRate.stacey.53": 0.988486769701632,
 "snapperCoalescentRate.stacey.54": 0.863067074780514,
 "snapperCoalescentRate.stacey.55": 0.8936371355039,
 "snapperCoalescentRate.stacey.56": 0.955539414229761,
 "snapperCoalescentRate.stacey.57": 0.851643905356709,
 "snapperCoalescentRate.stacey.58": 1.13183252791277,
 "snapperCoalescentRate.stacey.59": 1.06959961297866,
 "snapperCoalescentRate.stacey.60": 0.954167547238374,
 "snapperCoalescentRate.stacey.61": 0.915848707059909,
 "snapperCoalescentRate.stacey.62": 0.915134413017838,
 "snapperCoalescentRate.stacey.63": 1.01806841582936,
 "snapperCoalescentRate.stacey.64": 0.938088325589737,
 "snapperCoalescentRate.stacey.65": 0.947740768289548,
 "snapperCoalescentRate.stacey.66": 1.01319771210991,
 "snapperCoalescentRate.stacey.67": 0.967277106994189,
 "snapperCoalescentRate.stacey.68": 0.964541549285705,
 "snapperCoalescentRate.stacey.69": 0.944629412495045,
 "snapperCoalescentRate.stacey.70": 0.941840020151081,
 "snapperCoalescentRate.stacey.71": 0.981263310617936,
 "snapperCoalescentRate.stacey.72": 0.963021344071399,
 "snapperCoalescentRate.stacey.73": 1.10879975432731,
 "snapperCoalescentRate.stacey.74": 1.12507819940481,
 "snapperCoalescentRate.stacey.75": 0.880740432420309,
 "snapperCoalescentRate.stacey.76": 1.07544612733692,
 "snapperCoalescentRate.stacey.77": 1.07058752323252,
 "snapperCoalescentRate.stacey.78": 1.02494377531152,
 "snapperCoalescentRate.stacey.79": 0.856532074715884,
 "bdcGrowthRateRate.Species": 0.267544935300857,
 "relativeDeathRate.Species": 0,
 "collapseWeight.Species": 0.769934495633234,
 "originHeight.Species": 7.32049669514937e+98,
 "BirthDeathCollapseModel.Species": 228.672935857306,
 "BirthRates.1": 21.1038403223845,
 "BirthRates.2": 3.43119054012581,
 "BirthRates.3": 4.03000775726089,
 "BirthRates.4": 16.8759122852112,
 "clusterCount": 13,