{
 "Sample": 48700000,
 "posterior": 97.8955190702577,
 "likelihood": 0,
 "prior": 97.8955190702577,
 "TreeHeight.stacey": 0.662659090990825,
 "snapperCoalescentRate.stacey.1": 0.9845435411063,
 "snapperCoalescentRate.stacey.2": 1.07857736149803,
 "snapperCoalescentRate.stacey.3": 1.09996454618978,
 "snapperCoalescentRate.stacey.4": 1.08701313931287,
 "snapperCoalescentRate.stacey.5": 1.27587171415361,
 "snapperCoalescentRate.stacey.6": 1.14067387977889,
 "snapperCoalescentRate.stacey.7": 0.942632330125682,
 "snapperCoalescentRate.stacey.8": 0.8021301233401,
 "snapperCoalescentRate.stacey.9": 0.961181909752904,
 "snapperCoalescentRate.stacey.10": 1.08600058544958,
 "snapperCoalescentRate.stacey.11": 0.938736996043594,
 "snapperCoalescentRate.stacey.12": 1.02484348736001,
 "snapperCoalescentRate.stacey.13": 1.03143720317443,
 "snapperCoalescentRate.stacey.14": 0.971937436565018,
 "snapperCoalescentRate.stacey.15": 0.854353549342565,
 "snapperCoalescentRate.stacey.16": 0.976412080022498,
 "snapperCoalescentRate.stacey.17": 0.947380164793418,
 "snapperCoalescentRate.stacey.18": 1.0357872580362,
 "snapperCoalescentRate.stacey.19": 1.19313859039747,
 "snapperCoalescentRate.stacey.20": 1.12803894014311,
 "snapperCoalescentRate.stacey.21": 0.977124231609928,
 "snapperCoalescentRate.stacey.22": 1.02447969867399,
 "snapperCoalescentRate.stacey.23": 0.856824756308714,
 "snapperCoalescentRate.stacey.24": 0.907328791542395,
 "snapperCoalescentRate.stacey.25": 0.9085195205658,
 "snapperCoalescentRate.stacey.26": 1.07766078190562,
 "snapperCoalescentRate.stacey.27": 1.05315371175944,
 "snapperCoalescentRate.stacey.28": 0.941159312088222,
 "snapperCoalescentRate.stacey.29": 1.0609426603921,
 "snapperCoalescentRate.stacey.30": 0.859254038669284,
 "snapperCoalescentRate.stacey.31": 1.0338768789167,
 "snapperCoalescentRate.stacey.32": 1.09406361960378,
 "snapperCoalescentRate.stacey.33": 0.974795819885631,
 "snapperCoalescentRate.stacey.34": 0.98730191534244,
 "snapperCoalescentRate.stacey.35": 1.13545123183013,
 "snapperCoalescentRate.stacey.36": 1.03303508959415,
 "snapperCoalescentRate.stacey.37": 1.01224183382878,
 "snapperCoalescentRate.stacey.38": 1.08732538169998,
 "snapperCoalescentRate.stacey.39": 0.938901393893186,
 "snapperCoalescentRate.stacey.40": 0.837494021317882,
 "snapperCoalescentRate.stacey.41": 1.12258982899576,
 "snapperCoalescentRate.stacey.42": 1.17177656526462,
 "snapperCoalescentRate.stacey.43": 0.956599314395181,
 "snapperCoalescentRate.stacey.44": 0.948045000890159,
 "snapperCoalescentRate.stacey.45": 0.97996369053073,
 "snapperCoalescentRate.stacey.46": 1.14334645530599,
 "snapperCoalescentRate.stacey.47": 1.05157025817488,
 "snapperCoalescentRate.stacey.48": 1.04854348518561,
 "snapperCoalescentRate.stacey.49": 0.9848693650562,
 "snapperCoalescentRate.stacey.50": 0.913005125223084,
 "snapperCoalescentRate.stacey.51": 1.02337975481806,
 "snapperCoalescentRate.stacey.52": 0.88764655711086,
 "snapperCoalescentRate.stacey.53": 0.912268495838035,
 "snapperCoalescentRate.stacey.54": 0.823981481519557,
 "snapperCoalescentRate.stacey.55": 0.921972243710866,
 "snapperCoalescentRate.stacey.56": 1.13746347616909,
 "snapperCoalescentRate.stacey.57": 1.06004640785361,
 "snapperCoalescentRate.stacey.58": 0.858403517750016,
 "snapperCoalescentRate.stacey.59": 1.111121893315,
 "snapperCoalescentRate.stacey.60": 1.04694244049006,
 "snapperCoalescentRate.stacey.61": 1.01661324062594,
 "snapperCoalescentRate.stacey.62": 0.850108729838743,
 "snapperCoalescentRate.stacey.63": 1.30471662740905,
 "snapperCoalescentRate.stacey.64": 1.03607221071063,
 "snapperCoalescentRate.stacey.65": 1.04588907054595,
 "snapperCoalescentRate.stacey.66": 1.05318523108173,
 "snapperCoalescentRate.stacey.67": 1.06989040408832,
 "snapperCoalescentRate.stacey.68": 0.746894195452239,
 "snapperCoalescentRate.stacey.69": 0.835149689336504,
 "snapperCoalescentRate.stacey.70": 1.03183196710347,
 "snapperCoalescentRate.stacey.71": 1.05515793043701,
 "snapperCoalescentRate.stacey.72": 1.12503067760365,
 "snapperCoalescentRate.stacey.73": 1.04652864938761,
 "snapperCoalescentRate.stacey.74": 1.06462746501895,
 "snapperCoalescentRate.stacey.75": 0.933737930789425,
 "snapperCoalescentRate.stacey.76": 0.850441513987967,
 "snapperCoalescentRate.stacey.77": 1.03169163443998,
 "snapperCoalescentRate.stacey.78": 1.07756081517232,
 "snapperCoalescentRate.stacey.79": 0.881581529748828,
 "bdcGrowthRateRate.Species": 0.162029088614602,
 "relativeDeathRate.Species": 0,
 "collapseWeight.Species": 0.0510209877732684,
 "originHeight.Species": 8.14846012474794e+97,
 "BirthDeathCollapseModel.Species": 30.4359117104732,
 "BirthRates.1": 4.35461143760668,
 "BirthRates.2": 3.98372806344578,
 "BirthRates.3": 3.14542853467413,
 "BirthRates.4": 6.48689009985626,
 "clusterCount": 37,