{
 "Sample": 32500000,
 "posterior": 161.63015335388,
 "likelihood": 0,
 "prior": 161.63015335388,
 "TreeHeight.stacey": 0.928548440542531,
 "snapperCoalescentRate.stacey.1": 0.876509910426365,
 "snapperCoalescentRate.stacey.2": 0.861630298084658,
 "snapperCoalescentRate.stacey.3": 1.00147214718869,
 "snapperCoalescentRate.stacey.4": 0.929123340925093,
 "snapperCoalescentRate.stacey.5": 0.968065718866715,
 "snapperCoalescentRate.stacey.6": 1.030683363616,
 "snapperCoalescentRate.stacey.7": 1.03776470427032,
 "snapperCoalescentRate.stacey.8": 0.942309627611326,
 "snapperCoalescentRate.stacey.9": 1.1368558694567,
 "snapperCoalescentRate.stacey.10": 1.00038142096726,
 "snapperCoalescentRate.stacey.11": 0.89243175650656,
 "snapperCoalescentRate.stacey.12": 0.947299964881924,
 "snapperCoalescentRate.stacey.13": 0.913876993232407,
 "snapperCoalescentRate.stacey.14": 0.867768489944513,
 "snapperCoalescentRate.stacey.15": 1.00237263434133,
 "snapperCoalescentRate.stacey.16": 0.999805899456915,
 "snapperCoalescentRate.stacey.17": 1.00040958673985,
 "snapperCoalescentRate.stacey.18": 1.07207441187548,
 "snapperCoalescentRate.stacey.19": 0.9367475422704,
 "snapperCoalescentRate.stacey.20": 1.10601039042331,
 "snapperCoalescentRate.stacey.21": 1.01583130808694,
 "snapperCoalescentRate.stacey.22": 1.03847772085073,
 "snapperCoalescentRate.stacey.23": 0.81703405882017,
 "snapperCoalescentRate.stacey.24": 0.817871792102162,
 "snapperCoalescentRate.stacey.25": 0.951744271611892,
 "snapperCoalescentRate.stacey.26": 1.06779070964156,
 "snapperCoalescentRate.stacey.27": 0.960073093978519,
 "snapperCoalescentRate.stacey.28": 0.954732496540471,
 "snapperCoalescentRate.stacey.29": 1.06171764515653,
 "snapperCoalescentRate.stacey.30": 0.950607738244886,
 "snapperCoalescentRate.stacey.31": 0.972760817313156,
 "snapperCoalescentRate.stacey.32": 1.24703879646518,
 "snapperCoalescentRate.stacey.33": 0.859460928750822,
 "snapperCoalescentRate.stacey.34": 0.917571390441076,
 "snapperCoalescentRate.stacey.35": 1.05656760075654,
 "snapperCoalescentRate.stacey.36": 0.834403742694168,
 "snapperCoalescentRate.stacey.37": 1.13149401199224,
 "snapperCoalescentRate.stacey.38": 1.04452723770033,
 "snapperCoalescentRate.stacey.39": 0.941281776820839,
 "snapperCoalescentRate.stacey.40": 0.994536006898855,
 "snapperCoalescentRate.stacey.41": 0.881476736489212,
 "snapperCoalescentRate.stacey.42": 0.851698321404918,
 "snapperCoalescentRate.stacey.43": 1.06856041850369,
 "snapperCoalescentRate.stacey.44": 0.982799314720508,
 "snapperCoalescentRate.stacey.45": 0.9219194831246,
 "snapperCoalescentRate.stacey.46": 0.990793143358998,
 "snapperCoalescentRate.stacey.47": 0.940778302786969,
 "snapperCoalescentRate.stacey.48": 1.08848855592446,
 "snapperCoalescentRate.stacey.49": 0.860509066716242,
 "snapperCoalescentRate.stacey.50": 0.933282275325221,
 "snapperCoalescentRate.stacey.51": 0.92607597378418,
 "snapperCoalescentRate.stacey.52": 0.956858077412318,
 "snapperCoalescentRate.stacey.53": 0.962323096999148,
 "snapperCoalescentRate.stacey.54": 1.13279923149874,
 "snapperCoalescentRate.stacey.55": 1.00661661548213,
 "snapperCoalescentRate.stacey.56": 1.13036164919188,
 "snapperCoalescentRate.stacey.57": 1.02377745629918,
 "snapperCoalescentRate.stacey.58": 1.07884382238002,
 "snapperCoalescentRate.stacey.59": 1.03972073135383,
 "snapperCoalescentRate.stacey.60": 1.09147686840977,
 "snapperCoalescentRate.stacey.61": 1.09584264946154,
 "snapperCoalescentRate.stacey.62": 0.834661900734916,
 "snapperCoalescentRate.stacey.63": 1.18879917509386,
 "snapperCoalescentRate.stacey.64": 0.899167371836877,
 "snapperCoalescentRate.stacey.65": 0.927488590464141,
 "snapperCoalescentRate.stacey.66": 1.0535031908621,
 "snapperCoalescentRate.stacey.67": 1.08499765404108,
 "snapperCoalescentRate.stacey.68": 1.00154600823009,
 "snapperCoalescentRate.stacey.69": 0.883756729134761,
 "snapperCoalescentRate.stacey.70": 1.13483856929342,
 "snapperCoalescentRate.stacey.71": 1.25963564030436,
 "snapperCoalescentRate.stacey.72": 1.01798214027517,
 "snapperCoalescentRate.stacey.73": 0.93056845801505,
 "snapperCoalescentRate.stacey.74": 1.09179822404338,
 "snapperCoalescentRate.stacey.75": 1.00797179784324,
 "snapperCoalescentRate.stacey.76": 1.04979257795187,
 "snapperCoalescentRate.stacey.77": 0.876602641054996,
 "snapperCoalescentRate.stacey.78": 1.14155967274278,
 "snapperCoalescentRate.stacey.79": 1.00242189410137,
 "bdcGrowthRateRate.Species": 0.180715023136772,
 "relativeDeathRate.Species": 0,
 "collapseWeight.Species": 0.389605797101898,
 "originHeight.Species": 1.49746237258256e+98,
 "BirthDeathCollapseModel.Species": 86.1242329355402,
 "BirthRates.1": 3.44106412887517,
 "BirthRates.2": 1.37199472919636,
 "BirthRates.3": 3.96530605083368,
 "BirthRates.4": 4.2237321422076,
 "clusterCount": 27,