{
 "Sample": 30000000,
 "posterior": 388.094748052339,
 "likelihood": 0,
 "prior": 388.094748052339,
 "TreeHeight.stacey": 0.630757298344028,
 "snapperCoalescentRate.stacey.1": 1.01265706269455,
 "snapperCoalescentRate.stacey.2": 0.921460303715407,
 "snapperCoalescentRate.stacey.3": 0.794894399991278,
 "snapperCoalescentRate.stacey.4": 1.08456462852054,
 "snapperCoalescentRate.stacey.5": 1.04087264351352,
 "snapperCoalescentRate.stacey.6": 0.949794975254089,
 "snapperCoalescentRate.stacey.7": 1.03138296187535,
 "snapperCoalescentRate.stacey.8": 1.04676326500004,
 "snapperCoalescentRate.stacey.9": 0.90271603591043,
 "snapperCoalescentRate.stacey.10": 0.928965825137615,
 "snapperCoalescentRate.stacey.11": 0.940306643235916,
 "snapperCoalescentRate.stacey.12": 0.981808645368025,
 "snapperCoalescentRate.stacey.13": 0.993513542713949,
 "snapperCoalescentRate.stacey.14": 0.82658993899263,
 "snapperCoalescentRate.stacey.15": 0.998514636395713,
 "snapperCoalescentRate.stacey.16": 1.08211618522814,
 "snapperCoalescentRate.stacey.17": 0.992906778995782,
 "snapperCoalescentRate.stacey.18": 1.04479913249817,
 "snapperCoalescentRate.stacey.19": 1.07547220431794,
 "snapperCoalescentRate.stacey.20": 1.16818984838323,
 "snapperCoalescentRate.stacey.21": 0.854269339850374,
 "snapperCoalescentRate.stacey.22": 1.01915383086989,
 "snapperCoalescentRate.stacey.23": 1.10333719547702,
 "snapperCoalescentRate.stacey.24": 1.14523462032522,
 "snapperCoalescentRate.stacey.25": 1.24757267679441,
 "snapperCoalescentRate.stacey.26": 0.994375544457155,
 "snapperCoalescentRate.stacey.27": 0.917452955633576,
 "snapperCoalescentRate.stacey.28": 1.00845124180024,
 "snapperCoalescentRate.stacey.29": 1.11069626367365,
 "snapperCoalescentRate.stacey.30": 0.855427740676283,
 "snapperCoalescentRate.stacey.31": 0.99855152169996,
 "snapperCoalescentRate.stacey.32": 1.15963199504172,
 "snapperCoalescentRate.stacey.33": 0.879866063295466,
 "snapperCoalescentRate.stacey.34": 0.908906630889542,
 "snapperCoalescentRate.stacey.35": 0.993210873884901,
 "snapperCoalescentRate.stacey.36": 0.810084087832392,
 "snapperCoalescentRate.stacey.37": 0.833273176669554,
 "snapperCoalescentRate.stacey.38": 0.885560236759076,
 "snapperCoalescentRate.stacey.39": 1.01890865350944,
 "snapperCoalescentRate.stacey.40": 1.09020925113538,
 "snapperCoalescentRate.stacey.41": 1.06583284353696,
 "snapperCoalescentRate.stacey.42": 1.06338029276122,
 "snapperCoalescentRate.stacey.43": 0.879189675978789,
 "snapperCoalescentRate.stacey.44": 0.867260801620192,
 "snapperCoalescentRate.stacey.45": 1.07693500108079,
 "snapperCoalescentRate.stacey.46": 1.0376197611859,
 "snapperCoalescentRate.stacey.47": 0.901298657484948,
 "snapperCoalescentRate.stacey.48": 1.09714543402239,
 "snapperCoalescentRate.stacey.49": 0.913043119527111,
 "snapperCoalescentRate.stacey.50": 1.05136675738671,
 "snapperCoalescentRate.stacey.51": 0.818654052517773,
 "snapperCoalescentRate.stacey.52": 1.09182128481479,
 "snapperCoalescentRate.stacey.53": 0.962026966062858,
 "snapperCoalescentRate.stacey.54": 1.00201043990618,
 "snapperCoalescentRate.stacey.55": 0.872936559474706,
 "snapperCoalescentRate.stacey.56": 1.14969523915244,
 "snapperCoalescentRate.stacey.57": 0.948027137435227,
 "snapperCoalescentRate.stacey.58": 1.04804950522502,
 "snapperCoalescentRate.stacey.59": 0.871966981893123,
 "snapperCoalescentRate.stacey.60": 0.976505715754754,
 "snapperCoalescentRate.stacey.61": 1.0847882493312,
 "snapperCoalescentRate.stacey.62": 1.17878677992447,
 "snapperCoalescentRate.stacey.63": 0.965021474070648,
 "snapperCoalescentRate.stacey.64": 1.0122532483964,
 "snapperCoalescentRate.stacey.65": 1.02324201993083,
 "snapperCoalescentRate.stacey.66": 1.00993426484504,
 "snapperCoalescentRate.stacey.67": 1.06683401998934,
 "snapperCoalescentRate.stacey.68": 0.926821404496499,
 "snapperCoalescentRate.stacey.69": 1.01467711623926,
 "snapperCoalescentRate.stacey.70": 0.824612211618428,
 "snapperCoalescentRate.stacey.71": 1.04836863926821,
 "snapperCoalescentRate.stacey.72": 0.959570238308065,
 "snapperCoalescentRate.stacey.73": 1.04666781846605,
 "snapperCoalescentRate.stacey.74": 1.04671931928011,
 "snapperCoalescentRate.stacey.75": 0.960201426219997,
 "snapperCoalescentRate.stacey.76": 1.04376513778994,
 "snapperCoalescentRate.stacey.77": 0.928832610168096,
 "snapperCoalescentRate.stacey.78": 1.08560765131639,
 "snapperCoalescentRate.stacey.79": 0.940786813988617,
 "bdcGrowthRateRate.Species": 0.177765100853365,
 "relativeDeathRate.Species": 0,
 "collapseWeight.Species": 0.855483923601724,
 "originHeight.Species": 8.06823991191186e+98,
 "BirthDeathCollapseModel.Species": 314.465424830653,
 "BirthRates.1": 21.0751085387226,
 "BirthRates.2": 1.22610542520033,
 "BirthRates.3": 1.27134279052608,
 "BirthRates.4": 3.143107137612,
 "clusterCount": 4,