{
 "Sample": 45150000,
 "posterior": 236.697557208228,
 "likelihood": 0,
 "prior": 236.697557208228,
 "TreeHeight.stacey": 0.436393883809028,
 "snapperCoalescentRate.stacey.1": 0.96895123137609,
 "snapperCoalescentRate.stacey.2": 1.11096963373471,
 "snapperCoalescentRate.stacey.3": 0.865809346903843,
 "snapperCoalescentRate.stacey.4": 0.967224142847809,
 "snapperCoalescentRate.stacey.5": 1.09661148815159,
 "snapperCoalescentRate.stacey.6": 0.958230968471885,
 "snapperCoalescentRate.stacey.7": 1.02802872998587,
 "snapperCoalescentRate.stacey.8": 1.05149061118727,
 "snapperCoalescentRate.stacey.9": 0.867732347146171,
 "snapperCoalescentRate.stacey.10": 0.926603130942168,
 "snapperCoalescentRate.stacey.11": 1.0733673382121,
 "snapperCoalescentRate.stacey.12": 0.758796109177276,
 "snapperCoalescentRate.stacey.13": 0.820048071301343,
 "snapperCoalescentRate.stacey.14": 0.934452882571413,
 "snapperCoalescentRate.stacey.15": 0.957436403909262,
 "snapperCoalescentRate.stacey.16": 1.15329094549506,
 "snapperCoalescentRate.stacey.17": 0.880241127733319,
 "snapperCoalescentRate.stacey.18": 0.879406986294834,
 "snapperCoalescentRate.stacey.19": 0.921318278227422,
 "snapperCoalescentRate.stacey.20": 0.987406847852022,
 "snapperCoalescentRate.stacey.21": 0.936015746791501,
 "snapperCoalescentRate.stacey.22": 0.94792157975135,
 "snapperCoalescentRate.stacey.23": 1.19360133557495,
 "snapperCoalescentRate.stacey.24": 1.14200155524794,
 "snapperCoalescentRate.stacey.25": 1.10605590900522,
 "snapperCoalescentRate.stacey.26": 1.00899407064682,
 "snapperCoalescentRate.stacey.27": 0.901735598643568,
 "snapperCoalescentRate.stacey.28": 0.93423488612466,
 "snapperCoalescentRate.stacey.29": 0.915048131799255,
 "snapperCoalescentRate.stacey.30": 0.83029601999826,
 "snapperCoalescentRate.stacey.31": 0.962283760699049,
 "snapperCoalescentRate.stacey.32": 1.03982952225963,
 "snapperCoalescentRate.stacey.33": 0.972721022442532,
 "snapperCoalescentRate.stacey.34": 0.903958810169941,
 "snapperCoalescentRate.stacey.35": 0.836579541673234,
 "snapperCoalescentRate.stacey.36": 0.880336647998557,
 "snapperCoalescentRate.stacey.37": 1.14360021374099,
 "snapperCoalescentRate.stacey.38": 0.922188217773256,
 "snapperCoalescentRate.stacey.39": 1.03386078069822,
 "snapperCoalescentRate.stacey.40": 0.909628791798309,
 "snapperCoalescentRate.stacey.41": 1.06974776086582,
 "snapperCoalescentRate.stacey.42": 1.06246471987196,
 "snapperCoalescentRate.stacey.43": 0.994802389764318,
 "snapperCoalescentRate.stacey.44": 0.824825784136867,
 "snapperCoalescentRate.stacey.45": 0.874657738314203,
 "snapperCoalescentRate.stacey.46": 1.07364290648218,
 "snapperCoalescentRate.stacey.47": 1.11122809609088,
 "snapperCoalescentRate.stacey.48": 1.03373708861466,
 "snapperCoalescentRate.stacey.49": 0.856192155797121,
 "snapperCoalescentRate.stacey.50": 0.954857984521986,
 "snapperCoalescentRate.stacey.51": 1.08395790093941,
 "snapperCoalescentRate.stacey.52": 0.99929646334334,
 "snapperCoalescentRate.stacey.53": 0.948081202464717,
 "snapperCoalescentRate.stacey.54": 0.922146284883384,
 "snapperCoalescentRate.stacey.55": 1.09185678015434,
 "snapperCoalescentRate.stacey.56": 0.891175250204839,
 "snapperCoalescentRate.stacey.57": 1.01548964630894,
 "snapperCoalescentRate.stacey.58": 0.910391382477944,
 "snapperCoalescentRate.stacey.59": 0.923164741384696,
 "snapperCoalescentRate.stacey.60": 0.914607795779186,
 "snapperCoalescentRate.stacey.61": 1.24367042382036,
 "snapperCoalescentRate.stacey.62": 0.97161330901886,
 "snapperCoalescentRate.stacey.63": 1.05808442508574,
 "snapperCoalescentRate.stacey.64": 0.991714675146804,
 "snapperCoalescentRate.stacey.65": 0.902163587577571,
 "snapperCoalescentRate.stacey.66": 0.756326511697519,
 "snapperCoalescentRate.stacey.67": 0.959921525629319,
 "snapperCoalescentRate.stacey.68": 1.01200136797563,
 "snapperCoalescentRate.stacey.69": 0.932723941421425,
 "snapperCoalescentRate.stacey.70": 0.848838748116764,
 "snapperCoalescentRate.stacey.71": 0.994386723774867,
 "snapperCoalescentRate.stacey.72": 1.05294306416381,
 "snapperCoalescentRate.stacey.73": 1.0230490806456,
 "snapperCoalescentRate.stacey.74": 0.885351058300628,
 "snapperCoalescentRate.stacey.75": 0.829439266779766,
 "snapperCoalescentRate.stacey.76": 1.00208686739466,
 "snapperCoalescentRate.stacey.77": 0.98314833957935,
 "snapperCoalescentRate.stacey.78": 1.07647757315034,
 "snapperCoalescentRate.stacey.79": 0.920056024029241,
 "bdcGrowthRateRate.Species": 0.132068786436063,
 "relativeDeathRate.Species": 0,
 "collapseWeight.Species": 0.556957782162915,
 "originHeight.Species": 7.11475824570924e+98,
 "BirthDeathCollapseModel.Species": 167.190622084574,
 "BirthRates.1": 5.81857291524882,
 "BirthRates.2": 0.127779282404245,
 "BirthRates.3": 1.79335210983013,
 "BirthRates.4": 22.3987100134828,
 "clusterCount": 20,