{
 "Sample": 29500000,
 "posterior": 345.168059184974,
 "likelihood": 0,
 "prior": 345.168059184974,
 "TreeHeight.stacey": 0.101134763409127,
 "snapperCoalescentRate.stacey.1": 1.03474422468573,
 "snapperCoalescentRate.stacey.2": 1.1271510956055,
 "snapperCoalescentRate.stacey.3": 1.11876832073614,
 "snapperCoalescentRate.stacey.4": 1.14012700653809,
 "snapperCoalescentRate.stacey.5": 0.802683392249668,
 "snapperCoalescentRate.stacey.6": 1.08006441941777,
 "snapperCoalescentRate.stacey.7": 1.10513792975442,
 "snapperCoalescentRate.stacey.8": 0.903524562740486,
 "snapperCoalescentRate.stacey.9": 0.976976493943262,
 "snapperCoalescentRate.stacey.10": 1.14308659381083,
 "snapperCoalescentRate.stacey.11": 0.881608685076807,
 "snapperCoalescentRate.stacey.12": 0.905725130248688,
 "snapperCoalescentRate.stacey.13": 1.13662814749065,
 "snapperCoalescentRate.stacey.14": 1.13589792092991,
 "snapperCoalescentRate.stacey.15": 0.923415729185032,
 "snapperCoalescentRate.stacey.16": 1.03593643445763,
 "snapperCoalescentRate.stacey.17": 0.938783087256823,
 "snapperCoalescentRate.stacey.18": 1.14528521818564,
 "snapperCoalescentRate.stacey.19": 0.922465462920957,
 "snapperCoalescentRate.stacey.20": 1.03368051059014,
 "snapperCoalescentRate.stacey.21": 0.927849287958509,
 "snapperCoalescentRate.stacey.22": 1.00581208115847,
 "snapperCoalescentRate.stacey.23": 0.90994805757861,
 "snapperCoalescentRate.stacey.24": 0.954604940546928,
 "snapperCoalescentRate.stacey.25": 1.06239645389021,
 "snapperCoalescentRate.stacey.26": 1.03145100510341,
 "snapperCoalescentRate.stacey.27": 1.06425815664526,
 "snapperCoalescentRate.stacey.28": 0.960280184111614,
 "snapperCoalescentRate.stacey.29": 1.24063087778197,
 "snapperCoalescentRate.stacey.30": 1.00421264261247,
 "snapperCoalescentRate.stacey.31": 0.957305731486242,
 "snapperCoalescentRate.stacey.32": 1.04739875809569,
 "snapperCoalescentRate.stacey.33": 0.872896168769949,
 "snapperCoalescentRate.stacey.34": 1.13148682459346,
 "snapperCoalescentRate.stacey.35": 1.07302205356135,
 "snapperCoalescentRate.stacey.36": 1.12270559952697,
 "snapperCoalescentRate.stacey.37": 0.853725464497359,
 "snapperCoalescentRate.stacey.38": 1.04355776262376,
 "snapperCoalescentRate.stacey.39": 1.02127139707625,
 "snapperCoalescentRate.stacey.40": 1.0953198123627,
 "snapperCoalescentRate.stacey.41": 1.13558697176366,
 "snapperCoalescentRate.stacey.42": 1.1329893947708,
 "snapperCoalescentRate.stacey.43": 1.03191337853453,
 "snapperCoalescentRate.stacey.44": 1.0095848292866,
 "snapperCoalescentRate.stacey.45": 1.21358879893644,
 "snapperCoalescentRate.stacey.46": 0.834692849096904,
 "snapperCoalescentRate.stacey.47": 0.969785927772734,
 "snapperCoalescentRate.stacey.48": 0.817309668442373,
 "snapperCoalescentRate.stacey.49": 0.814929520627264,
 "snapperCoalescentRate.stacey.50": 1.00016080093447,
 "snapperCoalescentRate.stacey.51": 0.827162691785428,
 "snapperCoalescentRate.stacey.52": 1.09117360085593,
 "snapperCoalescentRate.stacey.53": 1.12887278604176,
 "snapperCoalescentRate.stacey.54": 1.16896917465934,
 "snapperCoalescentRate.stacey.55": 0.952347853186675,
 "snapperCoalescentRate.stacey.56": 0.999830463027014,
 "snapperCoalescentRate.stacey.57": 0.99790258939602,
 "snapperCoalescentRate.stacey.58": 1.0194116372426,
 "snapperCoalescentRate.stacey.59": 0.872855251957153,
 "snapperCoalescentRate.stacey.60": 1.03426460848629,
 "snapperCoalescentRate.stacey.61": 0.883903386443655,
 "snapperCoalescentRate.stacey.62": 0.982613427584682,
 "snapperCoalescentRate.stacey.63": 0.92415801118073,
 "snapperCoalescentRate.stacey.64": 1.03515882860045,
 "snapperCoalescentRate.stacey.65": 1.08160880153199,
 "snapperCoalescentRate.stacey.66": 0.863905432949277,
 "snapperCoalescentRate.stacey.67": 0.924527718936303,
 "snapperCoalescentRate.stacey.68": 1.10086348711321,
 "snapperCoalescentRate.stacey.69": 1.22440636857916,
 "snapperCoalescentRate.stacey.70": 0.790683972026627,
 "snapperCoalescentRate.stacey.71": 0.931278734748411,
 "snapperCoalescentRate.stacey.72": 1.00191694100554,
 "snapperCoalescentRate.stacey.73": 0.885386867545181,
 "snapperCoalescentRate.stacey.74": 1.09307287279047,
 "snapperCoalescentRate.stacey.75": 1.21706347612595,
 "snapperCoalescentRate.stacey.76": 1.00714594207709,
 "snapperCoalescentRate.stacey.77": 1.19849592053653,
 "snapperCoalescentRate.stacey.78": 1.01303038202143,
 "snapperCoalescentRate.stacey.79": 0.90477484200585,
 "bdcGrowthRateRate.Species": 0.216013267130714,
 "relativeDeathRate.Species": 0,
 "collapseWeight.Species": 0.803337894477527,
 "originHeight.Species": 6.44904325337511e+98,
 "BirthDeathCollapseModel.Species": 283.340913955656,
 "BirthRates.1": 79.5559315655071,
 "BirthRates.2": 14.1808854960433,
 "BirthRates.3": 10.3029552888485,
 "BirthRates.4": 12.2828584750903,
 "clusterCount": 8,