{
 "Sample": 37850000,
 "posterior": 203.241817793428,
 "likelihood": 0,
 "prior": 203.241817793428,
 "TreeHeight.stacey": 0.0704511944674388,
 "snapperCoalescentRate.stacey.1": 1.07527688620605,
 "snapperCoalescentRate.stacey.2": 0.924468570143156,
 "snapperCoalescentRate.stacey.3": 0.773991427353346,
 "snapperCoalescentRate.stacey.4": 1.02613330863589,
 "snapperCoalescentRate.stacey.5": 1.06684480807753,
 "snapperCoalescentRate.stacey.6": 0.990021036745066,
 "snapperCoalescentRate.stacey.7": 0.897773582601785,
 "snapperCoalescentRate.stacey.8": 0.920676071847196,
 "snapperCoalescentRate.stacey.9": 0.984081265408759,
 "snapperCoalescentRate.stacey.10": 0.976942488597225,
 "snapperCoalescentRate.stacey.11": 0.902200355769233,
 "snapperCoalescentRate.stacey.12": 0.817682724726253,
 "snapperCoalescentRate.stacey.13": 0.905781680250715,
 "snapperCoalescentRate.stacey.14": 1.00919966660848,
 "snapperCoalescentRate.stacey.15": 0.982774991313086,
 "snapperCoalescentRate.stacey.16": 0.918969943995291,
 "snapperCoalescentRate.stacey.17": 1.19126019181715,
 "snapperCoalescentRate.stacey.18": 1.09853824839931,
 "snapperCoalescentRate.stacey.19": 1.00340964396998,
 "snapperCoalescentRate.stacey.20": 0.948264574396834,
 "snapperCoalescentRate.stacey.21": 1.01535611092701,
 "snapperCoalescentRate.stacey.22": 1.06377298568353,
 "snapperCoalescentRate.stacey.23": 0.98844673685157,
 "snapperCoalescentRate.stacey.24": 0.975284138447479,
 "snapperCoalescentRate.stacey.25": 0.993797858378355,
 "snapperCoalescentRate.stacey.26": 0.885123824033399,
 "snapperCoalescentRate.stacey.27": 0.848462872955589,
 "snapperCoalescentRate.stacey.28": 1.00325956453299,
 "snapperCoalescentRate.stacey.29": 0.962726966178819,
 "snapperCoalescentRate.stacey.30": 1.02164093893532,
 "snapperCoalescentRate.stacey.31": 0.993669108144272,
 "snapperCoalescentRate.stacey.32": 1.00263119497336,
 "snapperCoalescentRate.stacey.33": 1.04148237518435,
 "snapperCoalescentRate.stacey.34": 1.18821132415569,
 "snapperCoalescentRate.stacey.35": 1.00907993658179,
 "snapperCoalescentRate.stacey.36": 1.07168102323556,
 "snapperCoalescentRate.stacey.37": 1.11545723603747,
 "snapperCoalescentRate.stacey.38": 0.905602522558725,
 "snapperCoalescentRate.stacey.39": 0.971977695919667,
 "snapperCoalescentRate.stacey.40": 0.96933962750455,
 "snapperCoalescentRate.stacey.41": 1.05873588660116,
 "snapperCoalescentRate.stacey.42": 1.06124057630536,
 "snapperCoalescentRate.stacey.43": 1.15235890626227,
 "snapperCoalescentRate.stacey.44": 0.85857731314294,
 "snapperCoalescentRate.stacey.45": 1.02098941242189,
 "snapperCoalescentRate.stacey.46": 1.08004743223807,
 "snapperCoalescentRate.stacey.47": 0.941611970059663,
 "snapperCoalescentRate.stacey.48": 1.01985869433129,
 "snapperCoalescentRate.stacey.49": 1.07465451143708,
 "snapperCoalescentRate.stacey.50": 0.83308076257949,
 "snapperCoalescentRate.stacey.51": 0.960279070634382,
 "snapperCoalescentRate.stacey.52": 0.962205522787275,
 "snapperCoalescentRate.stacey.53": 0.973949909678259,
 "snapperCoalescentRate.stacey.54": 0.951657162220774,
 "snapperCoalescentRate.stacey.55": 0.914576175002839,
 "snapperCoalescentRate.stacey.56": 0.97644178735065,
 "snapperCoalescentRate.stacey.57": 0.935794325229702,
 "snapperCoalescentRate.stacey.58": 0.912997260753754,
 "snapperCoalescentRate.stacey.59": 1.01031178005653,
 "snapperCoalescentRate.stacey.60": 0.945769732080273,
 "snapperCoalescentRate.stacey.61": 1.11385866844585,
 "snapperCoalescentRate.stacey.62": 1.10270639518193,
 "snapperCoalescentRate.stacey.63": 1.08693396148177,
 "snapperCoalescentRate.stacey.64": 1.06622677952515,
 "snapperCoalescentRate.stacey.65": 1.01916203696114,
 "snapperCoalescentRate.stacey.66": 0.976342167347079,
 "snapperCoalescentRate.stacey.67": 0.967033012548239,
 "snapperCoalescentRate.stacey.68": 1.11882431197166,
 "snapperCoalescentRate.stacey.69": 1.12041113706798,
 "snapperCoalescentRate.stacey.70": 1.08110524071585,
 "snapperCoalescentRate.stacey.71": 1.09202909590409,
 "snapperCoalescentRate.stacey.72": 0.827228649351383,
 "snapperCoalescentRate.stacey.73": 0.902547947291438,
 "snapperCoalescentRate.stacey.74": 1.15516550778982,
 "snapperCoalescentRate.stacey.75": 1.00918851693171,
 "snapperCoalescentRate.stacey.76": 0.960291097309299,
 "snapperCoalescentRate.stacey.77": 0.994634719797295,
 "snapperCoalescentRate.stacey.78": 0.920271382256102,
 "snapperCoalescentRate.stacey.79": 1.12540780502538,
 "bdcGrowthRateRate.Species": 0.188767872597942,
 "relativeDeathRate.Species": 0,
 "collapseWeight.Species": 0.0932257620764692,
 "originHeight.Species": 7.28099386250147e+98,
 "BirthDeathCollapseModel.Species": 120.71800413482,
 "BirthRates.1": 53.9489167367661,
 "BirthRates.2": 22.6018947610897,
 "BirthRates.3": 18.3877494499745,
 "BirthRates.4": 16.4973868793853,
 "clusterCount": 39,