{
 "Sample": 38600000,
 "posterior": 367.240788036943,
 "likelihood": 0,
 "prior": 367.240788036943,
 "TreeHeight.stacey": 0.219395826964682,
 "snapperCoalescentRate.stacey.1": 1.06391765044548,
 "snapperCoalescentRate.stacey.2": 1.05229456012547,
 "snapperCoalescentRate.stacey.3": 1.05840490562255,
 "snapperCoalescentRate.stacey.4": 1.16720383305765,
 "snapperCoalescentRate.stacey.5": 1.06584798141129,
 "snapperCoalescentRate.stacey.6": 0.863289689018989,
 "snapperCoalescentRate.stacey.7": 1.05394785329021,
 "snapperCoalescentRate.stacey.8": 1.1424206601062,
 "snapperCoalescentRate.stacey.9": 0.956406053400878,
 "snapperCoalescentRate.stacey.10": 0.940682350844401,
 "snapperCoalescentRate.stacey.11": 0.984268305462172,
 "snapperCoalescentRate.stacey.12": 1.10923225321329,
 "snapperCoalescentRate.stacey.13": 1.01528507564524,
 "snapperCoalescentRate.stacey.14": 0.887194918189795,
 "snapperCoalescentRate.stacey.15": 0.805469976517906,
 "snapperCoalescentRate.stacey.16": 1.00414522123523,
 "snapperCoalescentRate.stacey.17": 0.788588534684071,
 "snapperCoalescentRate.stacey.18": 0.921226797223147,
 "snapperCoalescentRate.stacey.19": 0.982196124292742,
 "snapperCoalescentRate.stacey.20": 1.22149613812545,
 "snapperCoalescentRate.stacey.21": 1.00584730957147,
 "snapperCoalescentRate.stacey.22": 1.0010695163956,
 "snapperCoalescentRate.stacey.23": 0.899132050970285,
 "snapperCoalescentRate.stacey.24": 0.966219530771928,
 "snapperCoalescentRate.stacey.25": 0.981737649060072,
 "snapperCoalescentRate.stacey.26": 1.19273037412714,
 "snapperCoalescentRate.stacey.27": 1.0368485362867,
 "snapperCoalescentRate.stacey.28": 0.772349459575711,
 "snapperCoalescentRate.stacey.29": 1.13024536084654,
 "snapperCoalescentRate.stacey.30": 0.971030025408296,
 "snapperCoalescentRate.stacey.31": 0.870240403469884,
 "snapperCoalescentRate.stacey.32": 1.11054605009614,
 "snapperCoalescentRate.stacey.33": 0.921038730314748,
 "snapperCoalescentRate.stacey.34": 1.03265717570416,
 "snapperCoalescentRate.stacey.35": 1.17827974533136,
 "snapperCoalescentRate.stacey.36": 1.06479315257669,
 "snapperCoalescentRate.stacey.37": 1.14965206825493,
 "snapperCoalescentRate.stacey.38": 1.13673235232931,
 "snapperCoalescentRate.stacey.39": 1.07576195929185,
 "snapperCoalescentRate.stacey.40": 0.933810389215846,
 "snapperCoalescentRate.stacey.41": 0.960424276954956,
 "snapperCoalescentRate.stacey.42": 0.884858707727477,
 "snapperCoalescentRate.stacey.43": 1.06634165907207,
 "snapperCoalescentRate.stacey.44": 1.07462083470577,
 "snapperCoalescentRate.stacey.45": 0.96252457212358,
 "snapperCoalescentRate.stacey.46": 1.24331305864761,
 "snapperCoalescentRate.stacey.47": 0.970209574654284,
 "snapperCoalescentRate.stacey.48": 0.99818615529988,
 "snapperCoalescentRate.stacey.49": 1.07357831170513,
 "snapperCoalescentRate.stacey.50": 1.03635766691367,
 "snapperCoalescentRate.stacey.51": 1.02231287461009,
 "snapperCoalescentRate.stacey.52": 0.974514350446996,
 "snapperCoalescentRate.stacey.53": 0.987023809782208,
 "snapperCoalescentRate.stacey.54": 1.13413788641451,
 "snapperCoalescentRate.stacey.55": 1.04632538453554,
 "snapperCoalescentRate.stacey.56": 0.942598794252624,
 "snapperCoalescentRate.stacey.57": 0.987401407445798,
 "snapperCoalescentRate.stacey.58": 0.893322344436526,
 "snapperCoalescentRate.stacey.59": 1.02584005840777,
 "snapperCoalescentRate.stacey.60": 0.997636777098295,
 "snapperCoalescentRate.stacey.61": 0.91761167172755,
 "snapperCoalescentRate.stacey.62": 1.13330446271137,
 "snapperCoalescentRate.stacey.63": 0.957714797511848,
 "snapperCoalescentRate.stacey.64": 1.08940633481364,
 "snapperCoalescentRate.stacey.65": 0.926804453398538,
 "snapperCoalescentRate.stacey.66": 0.971484794095925,
 "snapperCoalescentRate.stacey.67": 0.860347327291527,
 "snapperCoalescentRate.stacey.68": 0.971736440648634,
 "snapperCoalescentRate.stacey.69": 0.980907066874433,
 "snapperCoalescentRate.stacey.70": 0.914709555045515,
 "snapperCoalescentRate.stacey.71": 1.1137515201965,
 "snapperCoalescentRate.stacey.72": 0.868725064546931,
 "snapperCoalescentRate.stacey.73": 0.860671153456293,
 "snapperCoalescentRate.stacey.74": 1.15612328351703,
 "snapperCoalescentRate.stacey.75": 1.14113766396069,
 "snapperCoalescentRate.stacey.76": 1.02569421048388,
 "snapperCoalescentRate.stacey.77": 0.99692599713065,
 "snapperCoalescentRate.stacey.78": 1.03232887603645,
 "snapperCoalescentRate.stacey.79": 1.10639551388126,
 "bdcGrowthRateRate.Species": 0.261917023754046,
 "relativeDeathRate.Species": 0,
 "collapseWeight.Species": 0.802154538572879,
 "originHeight.Species": 9.25685708491167e+98,
 "BirthDeathCollapseModel.Species": 298.132463799127,
 "BirthRates.1": 72.604522151134,
 "BirthRates.2": 5.61032873847896,
 "BirthRates.3": 6.09366001338762,
 "BirthRates.4": 11.294020451801,
 "clusterCount": 6,