{
 "Sample": 30750000,
 "posterior": 365.256680336642,
 "likelihood": 0,
 "prior": 365.256680336642,
 "TreeHeight.stacey": 0.232052040985889,
 "snapperCoalescentRate.stacey.1": 0.980257666420324,
 "snapperCoalescentRate.stacey.2": 0.9342608852958,
 "snapperCoalescentRate.stacey.3": 1.12770415811504,
 "snapperCoalescentRate.stacey.4": 1.00578306339349,
 "snapperCoalescentRate.stacey.5": 0.969863528593178,
 "snapperCoalescentRate.stacey.6": 1.06325652037011,
 "snapperCoalescentRate.stacey.7": 0.982819571231257,
 "snapperCoalescentRate.stacey.8": 1.08512889074221,
 "snapperCoalescentRate.stacey.9": 0.956734866007982,
 "snapperCoalescentRate.stacey.10": 0.992441093732487,
 "snapperCoalescentRate.stacey.11": 1.1134214524123,
 "snapperCoalescentRate.stacey.12": 1.14902195537361,
 "snapperCoalescentRate.stacey.13": 1.08604235657853,
 "snapperCoalescentRate.stacey.14": 0.931591510159966,
 "snapperCoalescentRate.stacey.15": 1.11640799273746,
 "snapperCoalescentRate.stacey.16": 0.971916101033162,
 "snapperCoalescentRate.stacey.17": 0.951375247621485,
 "snapperCoalescentRate.stacey.18": 1.05918768319682,
 "snapperCoalescentRate.stacey.19": 0.93843760040855,
 "snapperCoalescentRate.stacey.20": 0.968611965644684,
 "snapperCoalescentRate.stacey.21": 0.995587724706013,
 "snapperCoalescentRate.stacey.22": 1.01090477488531,
 "snapperCoalescentRate.stacey.23": 1.07582493695251,
 "snapperCoalescentRate.stacey.24": 1.23541617392494,
 "snapperCoalescentRate.stacey.25": 0.933267027389966,
 "snapperCoalescentRate.stacey.26": 1.05640408763586,
 "snapperCoalescentRate.stacey.27": 1.10814229691749,
 "snapperCoalescentRate.stacey.28": 0.92066841453015,
 "snapperCoalescentRate.stacey.29": 0.911262071234049,
 "snapperCoalescentRate.stacey.30": 0.848876922322205,
 "snapperCoalescentRate.stacey.31": 1.04400324952362,
 "snapperCoalescentRate.stacey.32": 0.9849657580794,
 "snapperCoalescentRate.stacey.33": 0.871792030703213,
 "snapperCoalescentRate.stacey.34": 1.02553777731087,
 "snapperCoalescentRate.stacey.35": 1.0674629912953,
 "snapperCoalescentRate.stacey.36": 1.04969664394247,
 "snapperCoalescentRate.stacey.37": 1.0490343401003,
 "snapperCoalescentRate.stacey.38": 0.878981326669981,
 "snapperCoalescentRate.stacey.39": 1.03846382299077,
 "snapperCoalescentRate.stacey.40": 0.905999695806508,
 "snapperCoalescentRate.stacey.41": 1.09221263634566,
 "snapperCoalescentRate.stacey.42": 0.981336082012436,
 "snapperCoalescentRate.stacey.43": 1.10145520055915,
 "snapperCoalescentRate.stacey.44": 0.869968394310844,
 "snapperCoalescentRate.stacey.45": 0.92082237715501,
 "snapperCoalescentRate.stacey.46": 1.03440723474283,
 "snapperCoalescentRate.stacey.47": 0.861575365588602,
 "snapperCoalescentRate.stacey.48": 1.12605538342546,
 "snapperCoalescentRate.stacey.49": 0.947004768618554,
 "snapperCoalescentRate.stacey.50": 1.04841976090267,
 "snapperCoalescentRate.stacey.51": 1.03908184774647,
 "snapperCoalescentRate.stacey.52": 0.927493307763332,
 "snapperCoalescentRate.stacey.53": 0.812753250686302,
 "snapperCoalescentRate.stacey.54": 0.89852453290316,
 "snapperCoalescentRate.stacey.55": 1.01186429560316,
 "snapperCoalescentRate.stacey.56": 1.21393268124855,
 "snapperCoalescentRate.stacey.57": 0.880852896562069,
 "snapperCoalescentRate.stacey.58": 1.07453505855363,
 "snapperCoalescentRate.stacey.59": 0.824963465450308,
 "snapperCoalescentRate.stacey.60": 0.97568029457634,
 "snapperCoalescentRate.stacey.61": 1.03978362201574,
 "snapperCoalescentRate.stacey.62": 0.926720564937608,
 "snapperCoalescentRate.stacey.63": 1.10764975820572,
 "snapperCoalescentRate.stacey.64": 0.918183412390741,
 "snapperCoalescentRate.stacey.65": 0.965092821965883,
 "snapperCoalescentRate.stacey.66": 0.936786760394991,
 "snapperCoalescentRate.stacey.67": 0.902186328066173,
 "snapperCoalescentRate.stacey.68": 1.09588297267696,
 "snapperCoalescentRate.stacey.69": 1.03369052818034,
 "snapperCoalescentRate.stacey.70": 1.00393755886201,
 "snapperCoalescentRate.stacey.71": 0.905269828319791,
 "snapperCoalescentRate.stacey.72": 1.13346043461629,
 "snapperCoalescentRate.stacey.73": 0.938630221582269,
 "snapperCoalescentRate.stacey.74": 1.08444236551432,
 "snapperCoalescentRate.stacey.75": 1.04225779169384,
 "snapperCoalescentRate.stacey.76": 0.946125914789139,
 "snapperCoalescentRate.stacey.77": 0.809273353314021,
 "snapperCoalescentRate.stacey.78": 0.940314226882822,
 "snapperCoalescentRate.stacey.79": 0.858994780182196,
 "bdcGrowthRateRate.Species": 0.168643484954227,
 "relativeDeathRate.Species": 0,
 "collapseWeight.Species": 0.719552833113575,
 "originHeight.Species": 6.28145459576093e+98,
 "BirthDeathCollapseModel.Species": 287.187439950645,
 "BirthRates.1": 41.5229598655198,
 "BirthRates.2": 4.33429824700332,
 "BirthRates.3": 8.5110636294059,
 "BirthRates.4": 17.5571522623413,
 "clusterCount": 7,