{
 "Sample": 46450000,
 "posterior": 239.307484281983,
 "likelihood": 0,
 "prior": 239.307484281983,
 "TreeHeight.stacey": 0.226430948747972,
 "snapperCoalescentRate.stacey.1": 1.03591565690877,
 "snapperCoalescentRate.stacey.2": 1.16690576488469,
 "snapperCoalescentRate.stacey.3": 0.853155857530157,
 "snapperCoalescentRate.stacey.4": 0.774252738278904,
 "snapperCoalescentRate.stacey.5": 1.16720772034083,
 "snapperCoalescentRate.stacey.6": 1.28366943440379,
 "snapperCoalescentRate.stacey.7": 1.01291130477986,
 "snapperCoalescentRate.stacey.8": 1.11270676302905,
 "snapperCoalescentRate.stacey.9": 0.932724078258552,
 "snapperCoalescentRate.stacey.10": 0.854005223283205,
 "snapperCoalescentRate.stacey.11": 0.890845834760226,
 "snapperCoalescentRate.stacey.12": 0.983706263955861,
 "snapperCoalescentRate.stacey.13": 1.00774672226566,
 "snapperCoalescentRate.stacey.14": 1.14320456821678,
 "snapperCoalescentRate.stacey.15": 1.15128225554357,
 "snapperCoalescentRate.stacey.16": 0.945909378986913,
 "snapperCoalescentRate.stacey.17": 1.01157977298169,
 "snapperCoalescentRate.stacey.18": 0.952338721720198,
 "snapperCoalescentRate.stacey.19": 0.961363950094305,
 "snapperCoalescentRate.stacey.20": 0.957194251962658,
 "snapperCoalescentRate.stacey.21": 1.08602577417794,
 "snapperCoalescentRate.stacey.22": 0.902808423752111,
 "snapperCoalescentRate.stacey.23": 0.782228884952714,
 "snapperCoalescentRate.stacey.24": 1.01854846858352,
 "snapperCoalescentRate.stacey.25": 0.968186258108174,
 "snapperCoalescentRate.stacey.26": 1.05622289177176,
 "snapperCoalescentRate.stacey.27": 0.931292396255201,
 "snapperCoalescentRate.stacey.28": 1.19906279225075,
 "snapperCoalescentRate.stacey.29": 1.11070632340906,
 "snapperCoalescentRate.stacey.30": 1.15079069196422,
 "snapperCoalescentRate.stacey.31": 1.01124819826481,
 "snapperCoalescentRate.stacey.32": 0.860627156837389,
 "snapperCoalescentRate.stacey.33": 1.11432681014259,
 "snapperCoalescentRate.stacey.34": 1.00191965269333,
 "snapperCoalescentRate.stacey.35": 1.17339945601487,
 "snapperCoalescentRate.stacey.36": 1.04854099011615,
 "snapperCoalescentRate.stacey.37": 0.966621098071545,
 "snapperCoalescentRate.stacey.38": 0.938050106148417,
 "snapperCoalescentRate.stacey.39": 0.944024149274967,
 "snapperCoalescentRate.stacey.40": 0.980786790170683,
 "snapperCoalescentRate.stacey.41": 0.776035757001623,
 "snapperCoalescentRate.stacey.42": 0.874290985689709,
 "snapperCoalescentRate.stacey.43": 0.986888759076789,
 "snapperCoalescentRate.stacey.44": 1.03874884323323,
 "snapperCoalescentRate.stacey.45": 1.04879119201761,
 "snapperCoalescentRate.stacey.46": 1.1208174501022,
 "snapperCoalescentRate.stacey.47": 1.21711277044036,
 "snapperCoalescentRate.stacey.48": 0.800143982604967,
 "snapperCoalescentRate.stacey.49": 1.06919003168742,
 "snapperCoalescentRate.stacey.50": 0.87642356316746,
 "snapperCoalescentRate.stacey.51": 1.13044428304333,
 "snapperCoalescentRate.stacey.52": 0.95265959546966,
 "snapperCoalescentRate.stacey.53": 1.09461030382879,
 "snapperCoalescentRate.stacey.54": 1.05303980060061,
 "snapperCoalescentRate.stacey.55": 1.16992947088317,
 "snapperCoalescentRate.stacey.56": 0.929129654773864,
 "snapperCoalescentRate.stacey.57": 1.07540487647169,
 "snapperCoalescentRate.stacey.58": 0.823546884359592,
 "snapperCoalescentRate.stacey.59": 0.966085117720514,
 "snapperCoalescentRate.stacey.60": 0.787283374972013,
 "snapperCoalescentRate.stacey.61": 1.1124033327645,
 "snapperCoalescentRate.stacey.62": 1.05549769618212,
 "snapperCoalescentRate.stacey.63": 0.832527833428241,
 "snapperCoalescentRate.stacey.64": 1.05411741373621,
 "snapperCoalescentRate.stacey.65": 1.03465125913007,
 "snapperCoalescentRate.stacey.66": 1.16687993547252,
 "snapperCoalescentRate.stacey.67": 1.12048336354442,
 "snapperCoalescentRate.stacey.68": 0.892934524550397,
 "snapperCoalescentRate.stacey.69": 0.956511677954087,
 "snapperCoalescentRate.stacey.70": 0.921211984758786,
 "snapperCoalescentRate.stacey.71": 1.02621167642253,
 "snapperCoalescentRate.stacey.72": 0.863284428645532,
 "snapperCoalescentRate.stacey.73": 1.12092910763345,
 "snapperCoalescentRate.stacey.74": 0.926742874840557,
 "snapperCoalescentRate.stacey.75": 0.989828876139847,
 "snapperCoalescentRate.stacey.76": 0.988102466153835,
 "snapperCoalescentRate.stacey.77": 0.854666893818303,
 "snapperCoalescentRate.stacey.78": 0.890621661424413,
 "snapperCoalescentRate.stacey.79": 0.977472523809705,
 "bdcGrowthRateRate.Species": 0.213967516497123,
 "relativeDeathRate.Species": 0,
 "collapseWeight.Species": 0.579720087101075,
 "originHeight.Species": 1.47333129545761e+98,
 "BirthDeathCollapseModel.Species": 181.128299173688,
 "BirthRates.1": 23.3835871366232,
 "BirthRates.2": 17.373973960403,
 "BirthRates.3": 2.05819601890889,
 "BirthRates.4": 5.18684407382599,
 "clusterCount": 20,