{
 "Sample": 28950000,
 "posterior": 364.389355874109,
 "likelihood": 0,
 "prior": 364.389355874109,
 "TreeHeight.stacey": 0.0957041943064118,
 "snapperCoalescentRate.stacey.1": 1.02767084476113,
 "snapperCoalescentRate.stacey.2": 0.883156578405081,
 "snapperCoalescentRate.stacey.3": 0.962338339238762,
 "snapperCoalescentRate.stacey.4": 0.99138236760857,
 "snapperCoalescentRate.stacey.5": 0.944969649751232,
 "snapperCoalescentRate.stacey.6": 0.976729588114235,
 "snapperCoalescentRate.stacey.7": 1.10267745038506,
 "snapperCoalescentRate.stacey.8": 0.963324157321362,
 "snapperCoalescentRate.stacey.9": 0.92573382969135,
 "snapperCoalescentRate.stacey.10": 1.29370349483649,
 "snapperCoalescentRate.stacey.11": 0.945646025280286,
 "snapperCoalescentRate.stacey.12": 1.06976711236332,
 "snapperCoalescentRate.stacey.13": 1.10435727573184,
 "snapperCoalescentRate.stacey.14": 0.896291826523832,
 "snapperCoalescentRate.stacey.15": 1.02891269771429,
 "snapperCoalescentRate.stacey.16": 0.874412730332037,
 "snapperCoalescentRate.stacey.17": 0.933337250336177,
 "snapperCoalescentRate.stacey.18": 0.779054178231497,
 "snapperCoalescentRate.stacey.19": 0.786181091658321,
 "snapperCoalescentRate.stacey.20": 1.0038308075183,
 "snapperCoalescentRate.stacey.21": 0.95606973842155,
 "snapperCoalescentRate.stacey.22": 0.893016160926221,
 "snapperCoalescentRate.stacey.23": 0.997518565642163,
 "snapperCoalescentRate.stacey.24": 1.07005056498362,
 "snapperCoalescentRate.stacey.25": 1.13165044389435,
 "snapperCoalescentRate.stacey.26": 1.00873743323215,
 "snapperCoalescentRate.stacey.27": 1.13452035952617,
 "snapperCoalescentRate.stacey.28": 0.974063778450537,
 "snapperCoalescentRate.stacey.29": 1.17289864346947,
 "snapperCoalescentRate.stacey.30": 1.04143107271203,
 "snapperCoalescentRate.stacey.31": 1.11586790125106,
 "snapperCoalescentRate.stacey.32": 1.13866847626368,
 "snapperCoalescentRate.stacey.33": 1.04540862781563,
 "snapperCoalescentRate.stacey.34": 1.00730163785008,
 "snapperCoalescentRate.stacey.35": 1.08837028771137,
 "snapperCoalescentRate.stacey.36": 0.863256362257924,
 "snapperCoalescentRate.stacey.37": 1.01826291962691,
 "snapperCoalescentRate.stacey.38": 0.949606310811173,
 "snapperCoalescentRate.stacey.39": 1.02174264561799,
 "snapperCoalescentRate.stacey.40": 0.869678025421424,
 "snapperCoalescentRate.stacey.41": 1.03915142179864,
 "snapperCoalescentRate.stacey.42": 1.02979441560061,
 "snapperCoalescentRate.stacey.43": 1.05719840978209,
 "snapperCoalescentRate.stacey.44": 0.958526339431687,
 "snapperCoalescentRate.stacey.45": 0.930834705748358,
 "snapperCoalescentRate.stacey.46": 0.837598996455799,
 "snapperCoalescentRate.stacey.47": 0.977374321092024,
 "snapperCoalescentRate.stacey.48": 0.934090115860535,
 "snapperCoalescentRate.stacey.49": 0.887136188102423,
 "snapperCoalescentRate.stacey.50": 0.979725686433689,
 "snapperCoalescentRate.stacey.51": 0.99055466255664,
 "snapperCoalescentRate.stacey.52": 0.956079853805422,
 "snapperCoalescentRate.stacey.53": 1.08306010461659,
 "snapperCoalescentRate.stacey.54": 0.874596677556881,
 "snapperCoalescentRate.stacey.55": 1.09867095917449,
 "snapperCoalescentRate.stacey.56": 0.986157427346074,
 "snapperCoalescentRate.stacey.57": 0.908174220020004,
 "snapperCoalescentRate.stacey.58": 1.03675728983211,
 "snapperCoalescentRate.stacey.59": 1.02486486928561,
 "snapperCoalescentRate.stacey.60": 0.922766939088566,
 "snapperCoalescentRate.stacey.61": 1.10438544653771,
 "snapperCoalescentRate.stacey.62": 0.913397868304695,
 "snapperCoalescentRate.stacey.63": 1.20041426330561,
 "snapperCoalescentRate.stacey.64": 1.11939718440463,
 "snapperCoalescentRate.stacey.65": 1.20448822301034,
 "snapperCoalescentRate.stacey.66": 0.957158520425899,
 "snapperCoalescentRate.stacey.67": 1.16164358229024,
 "snapperCoalescentRate.stacey.68": 1.05385788069273,
 "snapperCoalescentRate.stacey.69": 1.01440325959195,
 "snapperCoalescentRate.stacey.70": 0.867808615328869,
 "snapperCoalescentRate.stacey.71": 0.977964943524316,
 "snapperCoalescentRate.stacey.72": 0.792028782899657,
 "snapperCoalescentRate.stacey.73": 1.06256466075679,
 "snapperCoalescentRate.stacey.74": 0.986935077695161,
 "snapperCoalescentRate.stacey.75": 1.01416118100827,
 "snapperCoalescentRate.stacey.76": 0.918178663792851,
 "snapperCoalescentRate.stacey.77": 0.861862210823867,
 "snapperCoalescentRate.stacey.78": 1.10010181494523,
 "snapperCoalescentRate.stacey.79": 0.967658853108734,
 "bdcGrowthRateRate.Species": 0.188328801476827,
 "relativeDeathRate.Species": 0,
 "collapseWeight.Species": 0.807287740310418,
 "originHeight.Species": 1.44434244754166e+98,
 "BirthDeathCollapseModel.Species": 292.842554288876,
 "BirthRates.1": 95.3954101986828,
 "BirthRates.2": 12.7756246336005,
 "BirthRates.3": 10.9394747291262,
 "BirthRates.4": 12.9622551004521,
 "clusterCount": 7,