{
 "Sample": 29250000,
 "posterior": 112.534021682229,
 "likelihood": 0,
 "prior": 112.534021682229,
 "TreeHeight.stacey": 0.608322117739133,
 "snapperCoalescentRate.stacey.1": 0.863273415100583,
 "snapperCoalescentRate.stacey.2": 0.976060504425587,
 "snapperCoalescentRate.stacey.3": 1.01726831325939,
 "snapperCoalescentRate.stacey.4": 0.903986117868352,
 "snapperCoalescentRate.stacey.5": 0.785418086829916,
 "snapperCoalescentRate.stacey.6": 1.02367003115481,
 "snapperCoalescentRate.stacey.7": 0.981818373579906,
 "snapperCoalescentRate.stacey.8": 0.982644064307526,
 "snapperCoalescentRate.stacey.9": 0.888526193187377,
 "snapperCoalescentRate.stacey.10": 0.85425877026546,
 "snapperCoalescentRate.stacey.11": 1.11493773615403,
 "snapperCoalescentRate.stacey.12": 0.850807735760215,
 "snapperCoalescentRate.stacey.13": 0.930539747954268,
 "snapperCoalescentRate.stacey.14": 0.967766978502539,
 "snapperCoalescentRate.stacey.15": 0.98843574349051,
 "snapperCoalescentRate.stacey.16": 1.06665462098615,
 "snapperCoalescentRate.stacey.17": 1.13477987385382,
 "snapperCoalescentRate.stacey.18": 1.00667240474965,
 "snapperCoalescentRate.stacey.19": 1.01381481068383,
 "snapperCoalescentRate.stacey.20": 0.864315589475073,
 "snapperCoalescentRate.stacey.21": 0.777806226686343,
 "snapperCoalescentRate.stacey.22": 1.03246500479378,
 "snapperCoalescentRate.stacey.23": 1.02475874179744,
 "snapperCoalescentRate.stacey.24": 1.05224682939018,
 "snapperCoalescentRate.stacey.25": 0.910825710465792,
 "snapperCoalescentRate.stacey.26": 1.07984883530716,
 "snapperCoalescentRate.stacey.27": 1.01912262100506,
 "snapperCoalescentRate.stacey.28": 0.990169478486757,
 "snapperCoalescentRate.stacey.29": 1.1035833822144,
 "snapperCoalescentRate.stacey.30": 0.86278309753686,
 "snapperCoalescentRate.stacey.31": 1.00673873314344,
 "snapperCoalescentRate.stacey.32": 1.15307638325341,
 "snapperCoalescentRate.stacey.33": 0.941235599171679,
 "snapperCoalescentRate.stacey.34": 1.0570902279855,
 "snapperCoalescentRate.stacey.35": 0.984035388266145,
 "snapperCoalescentRate.stacey.36": 1.01813334368492,
 "snapperCoalescentRate.stacey.37": 1.03210860519666,
 "snapperCoalescentRate.stacey.38": 0.981846153796159,
 "snapperCoalescentRate.stacey.39": 0.831315555167933,
 "snapperCoalescentRate.stacey.40": 1.10937671732261,
 "snapperCoalescentRate.stacey.41": 0.922495819557335,
 "snapperCoalescentRate.stacey.42": 1.09793246648494,
 "snapperCoalescentRate.stacey.43": 0.978519310528664,
 "snapperCoalescentRate.stacey.44": 0.989769985535735,
 "snapperCoalescentRate.stacey.45": 1.24849649290903,
 "snapperCoalescentRate.stacey.46": 1.00478359640692,
 "snapperCoalescentRate.stacey.47": 1.09153288477404,
 "snapperCoalescentRate.stacey.48": 1.02100157491609,
 "snapperCoalescentRate.stacey.49": 0.921501644332865,
 "snapperCoalescentRate.stacey.50": 1.06525109166653,
 "snapperCoalescentRate.stacey.51": 0.949023215172984,
 "snapperCoalescentRate.stacey.52": 1.0907271472524,
 "snapperCoalescentRate.stacey.53": 0.910598772395924,
 "snapperCoalescentRate.stacey.54": 1.00561835468152,
 "snapperCoalescentRate.stacey.55": 0.93417838428546,
 "snapperCoalescentRate.stacey.56": 0.848382466313407,
 "snapperCoalescentRate.stacey.57": 0.974084671553615,
 "snapperCoalescentRate.stacey.58": 1.11536736992737,
 "snapperCoalescentRate.stacey.59": 1.01130310450748,
 "snapperCoalescentRate.stacey.60": 0.958060207606567,
 "snapperCoalescentRate.stacey.61": 0.994944605762775,
 "snapperCoalescentRate.stacey.62": 0.964947333243508,
 "snapperCoalescentRate.stacey.63": 0.971626565547082,
 "snapperCoalescentRate.stacey.64": 1.19649712652764,
 "snapperCoalescentRate.stacey.65": 1.13152691952208,
 "snapperCoalescentRate.stacey.66": 0.932846554709718,
 "snapperCoalescentRate.stacey.67": 0.866672750985541,
 "snapperCoalescentRate.stacey.68": 1.03507898178979,
 "snapperCoalescentRate.stacey.69": 0.934489737645489,
 "snapperCoalescentRate.stacey.70": 0.880570771941519,
 "snapperCoalescentRate.stacey.71": 1.14849242798104,
 "snapperCoalescentRate.stacey.72": 0.963883702859456,
 "snapperCoalescentRate.stacey.73": 0.865349390808764,
 "snapperCoalescentRate.stacey.74": 1.10483169122183,
 "snapperCoalescentRate.stacey.75": 0.905091434413509,
 "snapperCoalescentRate.stacey.76": 0.8804591755946,
 "snapperCoalescentRate.stacey.77": 1.08576165796783,
 "snapperCoalescentRate.stacey.78": 0.896582209209588,
 "snapperCoalescentRate.stacey.79": 1.17793876209851,
 "bdcGrowthRateRate.Species": 0.165452821780079,
 "relativeDeathRate.Species": 0,
 "collapseWeight.Species": 0.0836929969837415,
 "originHeight.Species": 9.08162314548514e+98,
 "BirthDeathCollapseModel.Species": 37.534166931006,
 "BirthRates.1": 2.32105366937451,
 "BirthRates.2": 4.46098233759439,
 "BirthRates.3": 5.02734432908835,
 "BirthRates.4": 21.3929030770135,
 "clusterCount": 35,