{
 "Sample": 35050000,
 "posterior": 164.061522354373,
 "likelihood": 0,
 "prior": 164.061522354373,
 "TreeHeight.stacey": 0.455276217369171,
 "snapperCoalescentRate.stacey.1": 1.08884122670806,
 "snapperCoalescentRate.stacey.2": 1.08217532433018,
 "snapperCoalescentRate.stacey.3": 1.34146280095819,
 "snapperCoalescentRate.stacey.4": 1.0963103110528,
 "snapperCoalescentRate.stacey.5": 0.939408025622481,
 "snapperCoalescentRate.stacey.6": 1.08508209218709,
 "snapperCoalescentRate.stacey.7": 0.863938660067937,
 "snapperCoalescentRate.stacey.8": 0.923888490478894,
 "snapperCoalescentRate.stacey.9": 1.10985207473763,
 "snapperCoalescentRate.stacey.10": 1.04221173221132,
 "snapperCoalescentRate.stacey.11": 1.01570074118748,
 "snapperCoalescentRate.stacey.12": 0.968094601211876,
 "snapperCoalescentRate.stacey.13": 1.0212943320348,
 "snapperCoalescentRate.stacey.14": 0.949635361817893,
 "snapperCoalescentRate.stacey.15": 1.22958375599166,
 "snapperCoalescentRate.stacey.16": 0.969039985191047,
 "snapperCoalescentRate.stacey.17": 1.00372023153948,
 "snapperCoalescentRate.stacey.18": 0.927265445151679,
 "snapperCoalescentRate.stacey.19": 1.02858144017751,
 "snapperCoalescentRate.stacey.20": 0.849434325203414,
 "snapperCoalescentRate.stacey.21": 0.98968469748373,
 "snapperCoalescentRate.stacey.22": 0.913857398326641,
 "snapperCoalescentRate.stacey.23": 0.960288813019488,
 "snapperCoalescentRate.stacey.24": 1.30381258480948,
 "snapperCoalescentRate.stacey.25": 1.01246304536647,
 "snapperCoalescentRate.stacey.26": 0.995334459247645,
 "snapperCoalescentRate.stacey.27": 0.997331565272896,
 "snapperCoalescentRate.stacey.28": 0.934318491898029,
 "snapperCoalescentRate.stacey.29": 1.22708417739191,
 "snapperCoalescentRate.stacey.30": 1.15885127461104,
 "snapperCoalescentRate.stacey.31": 0.960934792611929,
 "snapperCoalescentRate.stacey.32": 1.05470821991112,
 "snapperCoalescentRate.stacey.33": 0.927574111285716,
 "snapperCoalescentRate.stacey.34": 0.933096818080072,
 "snapperCoalescentRate.stacey.35": 0.952681565161495,
 "snapperCoalescentRate.stacey.36": 0.872225640694823,
 "snapperCoalescentRate.stacey.37": 0.911601984618811,
 "snapperCoalescentRate.stacey.38": 1.02243004642048,
 "snapperCoalescentRate.stacey.39": 0.934646746673161,
 "snapperCoalescentRate.stacey.40": 0.888559756504367,
 "snapperCoalescentRate.stacey.41": 0.939520606852888,
 "snapperCoalescentRate.stacey.42": 0.922503728247286,
 "snapperCoalescentRate.stacey.43": 1.00403072267826,
 "snapperCoalescentRate.stacey.44": 0.889749762864766,
 "snapperCoalescentRate.stacey.45": 0.967898079489613,
 "snapperCoalescentRate.stacey.46": 0.980031374929538,
 "snapperCoalescentRate.stacey.47": 1.12336654813548,
 "snapperCoalescentRate.stacey.48": 1.02904737552145,
 "snapperCoalescentRate.stacey.49": 0.928034782416554,
 "snapperCoalescentRate.stacey.50": 0.995005318395295,
 "snapperCoalescentRate.stacey.51": 1.05040239642299,
 "snapperCoalescentRate.stacey.52": 1.05444306457001,
 "snapperCoalescentRate.stacey.53": 1.20340038800512,
 "snapperCoalescentRate.stacey.54": 1.05632329565645,
 "snapperCoalescentRate.stacey.55": 1.11562833567477,
 "snapperCoalescentRate.stacey.56": 0.96836569367508,
 "snapperCoalescentRate.stacey.57": 0.964840936270755,
 "snapperCoalescentRate.stacey.58": 1.10080603190266,
 "snapperCoalescentRate.stacey.59": 0.915210122195871,
 "snapperCoalescentRate.stacey.60": 1.07172342567708,
 "snapperCoalescentRate.stacey.61": 0.950636744678867,
 "snapperCoalescentRate.stacey.62": 0.967992335875256,
 "snapperCoalescentRate.stacey.63": 1.18527837848673,
 "snapperCoalescentRate.stacey.64": 0.946574105974506,
 "snapperCoalescentRate.stacey.65": 0.980588430798717,
 "snapperCoalescentRate.stacey.66": 1.11251709052494,
 "snapperCoalescentRate.stacey.67": 0.979292837259582,
 "snapperCoalescentRate.stacey.68": 1.07875656042149,
 "snapperCoalescentRate.stacey.69": 1.0873682273033,
 "snapperCoalescentRate.stacey.70": 0.965082061762745,
 "snapperCoalescentRate.stacey.71": 1.16523702312005,
 "snapperCoalescentRate.stacey.72": 1.03223592481712,
 "snapperCoalescentRate.stacey.73": 0.885163053966966,
 "snapperCoalescentRate.stacey.74": 0.878735269262511,
 "snapperCoalescentRate.stacey.75": 1.13255007391927,
 "snapperCoalescentRate.stacey.76": 0.927595215876013,
 "snapperCoalescentRate.stacey.77": 0.924340506103036,
 "snapperCoalescentRate.stacey.78": 1.23165380463227,
 "snapperCoalescentRate.stacey.79": 1.00696395511348,
 "bdcGrowthRateRate.Species": 0.288001119097499,
 "relativeDeathRate.Species": 0,
 "collapseWeight.Species": 0.268232534212104,
 "originHeight.Species": 4.69761348249833e+98,
 "BirthDeathCollapseModel.Species": 94.7427941563671,
 "BirthRates.1": 8.18371859379415,
 "BirthRates.2": 11.6933917476475,
 "BirthRates.3": 7.50540708924622,
 "BirthRates.4": 16.1491520128435,
 "clusterCount": 29,