{
 "Sample": 27950000,
 "posterior": 398.641005143403,
 "likelihood": 0,
 "prior": 398.641005143403,
 "TreeHeight.stacey": 0.304562409960713,
 "snapperCoalescentRate.stacey.1": 0.907291608928465,
 "snapperCoalescentRate.stacey.2": 0.837974741927117,
 "snapperCoalescentRate.stacey.3": 0.99096823025372,
 "snapperCoalescentRate.stacey.4": 0.835599565132147,
 "snapperCoalescentRate.stacey.5": 1.01621727076282,
 "snapperCoalescentRate.stacey.6": 0.974138321782932,
 "snapperCoalescentRate.stacey.7": 1.12607257689356,
 "snapperCoalescentRate.stacey.8": 0.98876572828423,
 "snapperCoalescentRate.stacey.9": 0.848499106796229,
 "snapperCoalescentRate.stacey.10": 1.09036328948348,
 "snapperCoalescentRate.stacey.11": 1.08570316398239,
 "snapperCoalescentRate.stacey.12": 0.916827544744965,
 "snapperCoalescentRate.stacey.13": 0.90483736437916,
 "snapperCoalescentRate.stacey.14": 1.00909283536559,
 "snapperCoalescentRate.stacey.15": 0.943744185253864,
 "snapperCoalescentRate.stacey.16": 1.19876291654988,
 "snapperCoalescentRate.stacey.17": 1.12793303840715,
 "snapperCoalescentRate.stacey.18": 1.24033743824005,
 "snapperCoalescentRate.stacey.19": 0.82848831403487,
 "snapperCoalescentRate.stacey.20": 1.12233372394538,
 "snapperCoalescentRate.stacey.21": 1.02113994307914,
 "snapperCoalescentRate.stacey.22": 1.07803207316486,
 "snapperCoalescentRate.stacey.23": 1.06116182129111,
 "snapperCoalescentRate.stacey.24": 1.06455428609977,
 "snapperCoalescentRate.stacey.25": 1.15132843776503,
 "snapperCoalescentRate.stacey.26": 0.935720871486177,
 "snapperCoalescentRate.stacey.27": 0.896338714863547,
 "snapperCoalescentRate.stacey.28": 1.0430670094814,
 "snapperCoalescentRate.stacey.29": 0.992233976096248,
 "snapperCoalescentRate.stacey.30": 1.03294891167724,
 "snapperCoalescentRate.stacey.31": 0.884033735530363,
 "snapperCoalescentRate.stacey.32": 0.984255212730801,
 "snapperCoalescentRate.stacey.33": 1.055368237406,
 "snapperCoalescentRate.stacey.34": 0.933122397229722,
 "snapperCoalescentRate.stacey.35": 0.969797455105096,
 "snapperCoalescentRate.stacey.36": 0.958890746736556,
 "snapperCoalescentRate.stacey.37": 0.990839906821974,
 "snapperCoalescentRate.stacey.38": 0.969702498065129,
 "snapperCoalescentRate.stacey.39": 1.0344622950495,
 "snapperCoalescentRate.stacey.40": 1.06644885934239,
 "snapperCoalescentRate.stacey.41": 0.891695576925427,
 "snapperCoalescentRate.stacey.42": 0.985376944692724,
 "snapperCoalescentRate.stacey.43": 1.10011385985094,
 "snapperCoalescentRate.stacey.44": 0.98495584374749,
 "snapperCoalescentRate.stacey.45": 1.03412400255181,
 "snapperCoalescentRate.stacey.46": 1.06943873845792,
 "snapperCoalescentRate.stacey.47": 1.05301089176886,
 "snapperCoalescentRate.stacey.48": 1.13970948755425,
 "snapperCoalescentRate.stacey.49": 1.14822729721177,
 "snapperCoalescentRate.stacey.50": 1.03200283581561,
 "snapperCoalescentRate.stacey.51": 0.892465349476521,
 "snapperCoalescentRate.stacey.52": 1.18223714167985,
 "snapperCoalescentRate.stacey.53": 1.00580799801218,
 "snapperCoalescentRate.stacey.54": 0.81856996827818,
 "snapperCoalescentRate.stacey.55": 1.15485898342292,
 "snapperCoalescentRate.stacey.56": 0.986359435938064,
 "snapperCoalescentRate.stacey.57": 1.03465085955959,
 "snapperCoalescentRate.stacey.58": 1.0469971321058,
 "snapperCoalescentRate.stacey.59": 1.04368383722679,
 "snapperCoalescentRate.stacey.60": 0.919391537153838,
 "snapperCoalescentRate.stacey.61": 1.09984831458002,
 "snapperCoalescentRate.stacey.62": 0.880213385026373,
 "snapperCoalescentRate.stacey.63": 1.08108071063351,
 "snapperCoalescentRate.stacey.64": 0.950047459812432,
 "snapperCoalescentRate.stacey.65": 1.05197358273839,
 "snapperCoalescentRate.stacey.66": 0.821863482188448,
 "snapperCoalescentRate.stacey.67": 1.01434201592328,
 "snapperCoalescentRate.stacey.68": 0.995931661140626,
 "snapperCoalescentRate.stacey.69": 0.984918952344815,
 "snapperCoalescentRate.stacey.70": 0.877138178771747,
 "snapperCoalescentRate.stacey.71": 1.15717697919628,
 "snapperCoalescentRate.stacey.72": 1.14203025257465,
 "snapperCoalescentRate.stacey.73": 0.950413861259416,
 "snapperCoalescentRate.stacey.74": 0.980765380295397,
 "snapperCoalescentRate.stacey.75": 0.904662547157898,
 "snapperCoalescentRate.stacey.76": 1.09749050619542,
 "snapperCoalescentRate.stacey.77": 1.00982396056357,
 "snapperCoalescentRate.stacey.78": 1.09235642072482,
 "snapperCoalescentRate.stacey.79": 0.867538244889098,
 "bdcGrowthRateRate.Species": 0.133774995366395,
 "relativeDeathRate.Species": 0,
 "collapseWeight.Species": 0.845889423150033,
 "originHeight.Species": 8.76004093234614e+98,
 "BirthDeathCollapseModel.Species": 326.891789857998,
 "BirthRates.1": 57.2522075203186,
 "BirthRates.2": 3.98395774007897,
 "BirthRates.3": 5.09819565671009,
 "BirthRates.4": 9.01463949564904,
 "clusterCount": 3,