{
 "Sample": 25200000,
 "posterior": 221.506820639437,
 "likelihood": 0,
 "prior": 221.506820639437,
 "TreeHeight.stacey": 0.985335212943424,
 "snapperCoalescentRate.stacey.1": 0.840736220203591,
 "snapperCoalescentRate.stacey.2": 1.04982081348564,
 "snapperCoalescentRate.stacey.3": 0.954517128422856,
 "snapperCoalescentRate.stacey.4": 1.04823140691062,
 "snapperCoalescentRate.stacey.5": 0.926476864730554,
 "snapperCoalescentRate.stacey.6": 1.01542286548693,
 "snapperCoalescentRate.stacey.7": 0.8091182792861,
 "snapperCoalescentRate.stacey.8": 0.94061090275619,
 "snapperCoalescentRate.stacey.9": 0.997703660552516,
 "snapperCoalescentRate.stacey.10": 0.986264617509708,
 "snapperCoalescentRate.stacey.11": 0.868034480413874,
 "snapperCoalescentRate.stacey.12": 0.992920415252879,
 "snapperCoalescentRate.stacey.13": 0.942170296129776,
 "snapperCoalescentRate.stacey.14": 0.940333561309063,
 "snapperCoalescentRate.stacey.15": 1.01921016799029,
 "snapperCoalescentRate.stacey.16": 0.951038300737269,
 "snapperCoalescentRate.stacey.17": 0.930051268764594,
 "snapperCoalescentRate.stacey.18": 1.08318980084994,
 "snapperCoalescentRate.stacey.19": 0.918737754888533,
 "snapperCoalescentRate.stacey.20": 0.986380029474648,
 "snapperCoalescentRate.stacey.21": 0.89513204985895,
 "snapperCoalescentRate.stacey.22": 0.974482431908099,
 "snapperCoalescentRate.stacey.23": 0.948459537251156,
 "snapperCoalescentRate.stacey.24": 0.919759423761197,
 "snapperCoalescentRate.stacey.25": 0.925331285790289,
 "snapperCoalescentRate.stacey.26": 0.952738446663134,
 "snapperCoalescentRate.stacey.27": 1.09492903217811,
 "snapperCoalescentRate.stacey.28": 1.02724562949728,
 "snapperCoalescentRate.stacey.29": 1.06502624745345,
 "snapperCoalescentRate.stacey.30": 0.883723805772994,
 "snapperCoalescentRate.stacey.31": 1.00421823434872,
 "snapperCoalescentRate.stacey.32": 1.09865663103549,
 "snapperCoalescentRate.stacey.33": 1.01304193421329,
 "snapperCoalescentRate.stacey.34": 0.98174981709781,
 "snapperCoalescentRate.stacey.35": 1.05297239158289,
 "snapperCoalescentRate.stacey.36": 0.995427152956676,
 "snapperCoalescentRate.stacey.37": 0.858886567422025,
 "snapperCoalescentRate.stacey.38": 0.985105664952006,
 "snapperCoalescentRate.stacey.39": 1.15023042898104,
 "snapperCoalescentRate.stacey.40": 0.896238723527505,
 "snapperCoalescentRate.stacey.41": 0.998612852943872,
 "snapperCoalescentRate.stacey.42": 0.917752063243006,
 "snapperCoalescentRate.stacey.43": 1.16802949945418,
 "snapperCoalescentRate.stacey.44": 1.10664546318799,
 "snapperCoalescentRate.stacey.45": 1.0819535356509,
 "snapperCoalescentRate.stacey.46": 0.981486725921153,
 "snapperCoalescentRate.stacey.47": 0.937526458158981,
 "snapperCoalescentRate.stacey.48": 1.09444416689004,
 "snapperCoalescentRate.stacey.49": 0.929411166630961,
 "snapperCoalescentRate.stacey.50": 1.12652175582798,
 "snapperCoalescentRate.stacey.51": 0.973503678325676,
 "snapperCoalescentRate.stacey.52": 1.17051203220419,
 "snapperCoalescentRate.stacey.53": 1.05139233640788,
 "snapperCoalescentRate.stacey.54": 1.21485420236298,
 "snapperCoalescentRate.stacey.55": 1.10598495516824,
 "snapperCoalescentRate.stacey.56": 1.10353798937216,
 "snapperCoalescentRate.stacey.57": 0.802673031920498,
 "snapperCoalescentRate.stacey.58": 0.98417459643705,
 "snapperCoalescentRate.stacey.59": 1.10973463172288,
 "snapperCoalescentRate.stacey.60": 0.855441668739248,
 "snapperCoalescentRate.stacey.61": 0.914320604639215,
 "snapperCoalescentRate.stacey.62": 1.05220684047006,
 "snapperCoalescentRate.stacey.63": 0.839689103139138,
 "snapperCoalescentRate.stacey.64": 1.13468677519763,
 "snapperCoalescentRate.stacey.65": 1.07503998235379,
 "snapperCoalescentRate.stacey.66": 0.871029012609644,
 "snapperCoalescentRate.stacey.67": 0.929400937275895,
 "snapperCoalescentRate.stacey.68": 0.95547530212441,
 "snapperCoalescentRate.stacey.69": 0.96579667837115,
 "snapperCoalescentRate.stacey.70": 1.17201496081976,
 "snapperCoalescentRate.stacey.71": 0.843847048237268,
 "snapperCoalescentRate.stacey.72": 1.1235594339407,
 "snapperCoalescentRate.stacey.73": 1.29118428380933,
 "snapperCoalescentRate.stacey.74": 1.11959014813337,
 "snapperCoalescentRate.stacey.75": 0.973132749836597,
 "snapperCoalescentRate.stacey.76": 1.08499827926624,
 "snapperCoalescentRate.stacey.77": 0.91251521867146,
 "snapperCoalescentRate.stacey.78": 0.840339906784417,
 "snapperCoalescentRate.stacey.79": 1.01751916353295,
 "bdcGrowthRateRate.Species": 0.193588209571232,
 "relativeDeathRate.Species": 0,
 "collapseWeight.Species": 0.578302812782221,
 "originHeight.Species": 2.1997253654178e+98,
 "BirthDeathCollapseModel.Species": 149.271106539018,
 "BirthRates.1": 2.60535061737449,
 "BirthRates.2": 0.194101311064679,
 "BirthRates.3": 0.123789862284855,
 "BirthRates.4": 12.6405133303094,
 "clusterCount": 21,