{
 "Sample": 40600000,
 "posterior": 200.321633723086,
 "likelihood": 0,
 "prior": 200.321633723086,
 "TreeHeight.stacey": 0.246178354582417,
 "snapperCoalescentRate.stacey.1": 1.04871685191416,
 "snapperCoalescentRate.stacey.2": 0.968345754933156,
 "snapperCoalescentRate.stacey.3": 1.00273900575679,
 "snapperCoalescentRate.stacey.4": 0.868375118835336,
 "snapperCoalescentRate.stacey.5": 1.046723878586,
 "snapperCoalescentRate.stacey.6": 1.01287050231583,
 "snapperCoalescentRate.stacey.7": 0.977274755114816,
 "snapperCoalescentRate.stacey.8": 1.09441340769767,
 "snapperCoalescentRate.stacey.9": 0.937227405565126,
 "snapperCoalescentRate.stacey.10": 0.945160441168431,
 "snapperCoalescentRate.stacey.11": 1.02294029080847,
 "snapperCoalescentRate.stacey.12": 1.06480944304111,
 "snapperCoalescentRate.stacey.13": 1.06017174380052,
 "snapperCoalescentRate.stacey.14": 0.97604890727999,
 "snapperCoalescentRate.stacey.15": 0.901226629277136,
 "snapperCoalescentRate.stacey.16": 1.05697239071185,
 "snapperCoalescentRate.stacey.17": 0.923826268459558,
 "snapperCoalescentRate.stacey.18": 1.03515548000655,
 "snapperCoalescentRate.stacey.19": 0.708233813556521,
 "snapperCoalescentRate.stacey.20": 0.906966658319099,
 "snapperCoalescentRate.stacey.21": 1.01834278554982,
 "snapperCoalescentRate.stacey.22": 0.93756647008191,
 "snapperCoalescentRate.stacey.23": 0.924851745563756,
 "snapperCoalescentRate.stacey.24": 0.934744592719963,
 "snapperCoalescentRate.stacey.25": 0.890317245563128,
 "snapperCoalescentRate.stacey.26": 0.94314617830359,
 "snapperCoalescentRate.stacey.27": 0.898564049851998,
 "snapperCoalescentRate.stacey.28": 0.902312900019729,
 "snapperCoalescentRate.stacey.29": 1.10229556258366,
 "snapperCoalescentRate.stacey.30": 1.08120485653586,
 "snapperCoalescentRate.stacey.31": 1.02807819586535,
 "snapperCoalescentRate.stacey.32": 0.923342284962083,
 "snapperCoalescentRate.stacey.33": 0.958471020039826,
 "snapperCoalescentRate.stacey.34": 1.02602773894182,
 "snapperCoalescentRate.stacey.35": 1.03614620200964,
 "snapperCoalescentRate.stacey.36": 1.07324505171003,
 "snapperCoalescentRate.stacey.37": 0.964619035208775,
 "snapperCoalescentRate.stacey.38": 1.06615213624664,
 "snapperCoalescentRate.stacey.39": 1.00587642292337,
 "snapperCoalescentRate.stacey.40": 1.14548290468147,
 "snapperCoalescentRate.stacey.41": 1.01559821217279,
 "snapperCoalescentRate.stacey.42": 0.898916444000661,
 "snapperCoalescentRate.stacey.43": 1.00127147184991,
 "snapperCoalescentRate.stacey.44": 1.08313073451565,
 "snapperCoalescentRate.stacey.45": 1.08087789547775,
 "snapperCoalescentRate.stacey.46": 0.932950894315898,
 "snapperCoalescentRate.stacey.47": 0.968864268739803,
 "snapperCoalescentRate.stacey.48": 0.958488065352534,
 "snapperCoalescentRate.stacey.49": 0.938780063622378,
 "snapperCoalescentRate.stacey.50": 1.13130888892701,
 "snapperCoalescentRate.stacey.51": 0.983156712128245,
 "snapperCoalescentRate.stacey.52": 1.01711957071033,
 "snapperCoalescentRate.stacey.53": 0.929926575276294,
 "snapperCoalescentRate.stacey.54": 1.07542742710188,
 "snapperCoalescentRate.stacey.55": 1.01129937463413,
 "snapperCoalescentRate.stacey.56": 1.02250993752159,
 "snapperCoalescentRate.stacey.57": 0.819558025530643,
 "snapperCoalescentRate.stacey.58": 1.17667165690026,
 "snapperCoalescentRate.stacey.59": 0.773880620157611,
 "snapperCoalescentRate.stacey.60": 1.02272803040125,
 "snapperCoalescentRate.stacey.61": 1.11598268602049,
 "snapperCoalescentRate.stacey.62": 1.12164031276541,
 "snapperCoalescentRate.stacey.63": 0.798373892361485,
 "snapperCoalescentRate.stacey.64": 1.13309268825488,
 "snapperCoalescentRate.stacey.65": 0.907428514507229,
 "snapperCoalescentRate.stacey.66": 0.95953695969318,
 "snapperCoalescentRate.stacey.67": 1.16994903231764,
 "snapperCoalescentRate.stacey.68": 0.853097793692091,
 "snapperCoalescentRate.stacey.69": 0.993688381738099,
 "snapperCoalescentRate.stacey.70": 1.03250832678665,
 "snapperCoalescentRate.stacey.71": 1.01668717532304,
 "snapperCoalescentRate.stacey.72": 1.03025653875423,
 "snapperCoalescentRate.stacey.73": 0.917633184967738,
 "snapperCoalescentRate.stacey.74": 0.936219046923706,
 "snapperCoalescentRate.stacey.75": 1.03927806081713,
 "snapperCoalescentRate.stacey.76": 0.872677094675188,
 "snapperCoalescentRate.stacey.77": 0.762542199175091,
 "snapperCoalescentRate.stacey.78": 1.02735281182758,
 "snapperCoalescentRate.stacey.79": 1.19317921968638,
 "bdcGrowthRateRate.Species": 0.2047438918336,
 "relativeDeathRate.Species": 0,
 "collapseWeight.Species": 0.31457507150834,
 "originHeight.Species": 7.18514429239466e+98,
 "BirthDeathCollapseModel.Species": 125.638417798514,
 "BirthRates.1": 14.7521645813318,
 "BirthRates.2": 9.09511267868214,
 "BirthRates.3": 6.34404033913276,
 "BirthRates.4": 8.77195418761998,
 "clusterCount": 27,