{
 "Sample": 27200000,
 "posterior": 209.359626075637,
 "likelihood": 0,
 "prior": 209.359626075637,
 "TreeHeight.stacey": 0.081839884887622,
 "snapperCoalescentRate.stacey.1": 0.97697705366816,
 "snapperCoalescentRate.stacey.2": 0.97557255344175,
 "snapperCoalescentRate.stacey.3": 1.05527123919131,
 "snapperCoalescentRate.stacey.4": 0.899413650901436,
 "snapperCoalescentRate.stacey.5": 0.915858286289718,
 "snapperCoalescentRate.stacey.6": 0.929577536677731,
 "snapperCoalescentRate.stacey.7": 0.834591143810151,
 "snapperCoalescentRate.stacey.8": 0.874598464031045,
 "snapperCoalescentRate.stacey.9": 0.776309574259005,
 "snapperCoalescentRate.stacey.10": 1.05038683285337,
 "snapperCoalescentRate.stacey.11": 0.947591414664627,
 "snapperCoalescentRate.stacey.12": 0.947412627042434,
 "snapperCoalescentRate.stacey.13": 0.819833577617877,
 "snapperCoalescentRate.stacey.14": 1.10203739737537,
 "snapperCoalescentRate.stacey.15": 0.991048435748281,
 "snapperCoalescentRate.stacey.16": 1.06434938341694,
 "snapperCoalescentRate.stacey.17": 1.10688162749557,
 "snapperCoalescentRate.stacey.18": 1.01547635735937,
 "snapperCoalescentRate.stacey.19": 0.981927006983689,
 "snapperCoalescentRate.stacey.20": 1.19329967796267,
 "snapperCoalescentRate.stacey.21": 0.961962738720115,
 "snapperCoalescentRate.stacey.22": 1.00708147102516,
 "snapperCoalescentRate.stacey.23": 1.12979075121043,
 "snapperCoalescentRate.stacey.24": 1.0749668289107,
 "snapperCoalescentRate.stacey.25": 0.764837839931891,
 "snapperCoalescentRate.stacey.26": 0.869636995651719,
 "snapperCoalescentRate.stacey.27": 1.03361003494577,
 "snapperCoalescentRate.stacey.28": 0.883193504999395,
 "snapperCoalescentRate.stacey.29": 1.13426923545361,
 "snapperCoalescentRate.stacey.30": 1.1792849792324,
 "snapperCoalescentRate.stacey.31": 1.04073399410159,
 "snapperCoalescentRate.stacey.32": 0.985829431139147,
 "snapperCoalescentRate.stacey.33": 0.910466669611797,
 "snapperCoalescentRate.stacey.34": 0.936344578100152,
 "snapperCoalescentRate.stacey.35": 0.942817109741289,
 "snapperCoalescentRate.stacey.36": 1.03658673805956,
 "snapperCoalescentRate.stacey.37": 0.995347766287933,
 "snapperCoalescentRate.stacey.38": 1.05239195838715,
 "snapperCoalescentRate.stacey.39": 1.02615022821753,
 "snapperCoalescentRate.stacey.40": 1.22081533162104,
 "snapperCoalescentRate.stacey.41": 1.09829070169437,
 "snapperCoalescentRate.stacey.42": 0.90807304527362,
 "snapperCoalescentRate.stacey.43": 1.01387655357642,
 "snapperCoalescentRate.stacey.44": 0.750993176982132,
 "snapperCoalescentRate.stacey.45": 1.03340943844609,
 "snapperCoalescentRate.stacey.46": 1.04166530636936,
 "snapperCoalescentRate.stacey.47": 0.800720607684233,
 "snapperCoalescentRate.stacey.48": 0.934772070801162,
 "snapperCoalescentRate.stacey.49": 0.885824587440859,
 "snapperCoalescentRate.stacey.50": 0.895344404700496,
 "snapperCoalescentRate.stacey.51": 1.03745243880116,
 "snapperCoalescentRate.stacey.52": 0.934011675366183,
 "snapperCoalescentRate.stacey.53": 0.893264641987162,
 "snapperCoalescentRate.stacey.54": 0.908357067100819,
 "snapperCoalescentRate.stacey.55": 0.827613633336948,
 "snapperCoalescentRate.stacey.56": 1.01049309770434,
 "snapperCoalescentRate.stacey.57": 0.982536574624545,
 "snapperCoalescentRate.stacey.58": 0.970503370133211,
 "snapperCoalescentRate.stacey.59": 1.14798004086716,
 "snapperCoalescentRate.stacey.60": 0.857800986363252,
 "snapperCoalescentRate.stacey.61": 0.959668209548875,
 "snapperCoalescentRate.stacey.62": 1.06866973760579,
 "snapperCoalescentRate.stacey.63": 1.13729017314528,
 "snapperCoalescentRate.stacey.64": 0.944747731127256,
 "snapperCoalescentRate.stacey.65": 0.964514628873823,
 "snapperCoalescentRate.stacey.66": 0.904269759790786,
 "snapperCoalescentRate.stacey.67": 1.01452338344044,
 "snapperCoalescentRate.stacey.68": 0.981799282211917,
 "snapperCoalescentRate.stacey.69": 1.03981622392676,
 "snapperCoalescentRate.stacey.70": 1.0996090397842,
 "snapperCoalescentRate.stacey.71": 0.924132298200875,
 "snapperCoalescentRate.stacey.72": 0.935112412497499,
 "snapperCoalescentRate.stacey.73": 1.00785682297138,
 "snapperCoalescentRate.stacey.74": 0.97109178595272,
 "snapperCoalescentRate.stacey.75": 0.87845909401745,
 "snapperCoalescentRate.stacey.76": 1.06566168946234,
 "snapperCoalescentRate.stacey.77": 0.842432642006386,
 "snapperCoalescentRate.stacey.78": 1.04691784967679,
 "snapperCoalescentRate.stacey.79": 1.19205071855976,
 "bdcGrowthRateRate.Species": 0.188456591120288,
 "relativeDeathRate.Species": 0,
 "collapseWeight.Species": 0.310853213018004,
 "originHeight.Species": 1.43094574369835e+98,
 "BirthDeathCollapseModel.Species": 140.076243788989,
 "BirthRates.1": 37.2611648791446,
 "BirthRates.2": 38.7929928697215,
 "BirthRates.3": 24.2381334939979,
 "BirthRates.4": 18.7553189755741,
 "clusterCount": 29,