{
 "Sample": 25950000,
 "posterior": 204.525574522247,
 "likelihood": 0,
 "prior": 204.525574522247,
 "TreeHeight.stacey": 0.220838268342651,
 "snapperCoalescentRate.stacey.1": 0.844874213244393,
 "snapperCoalescentRate.stacey.2": 0.834599034076104,
 "snapperCoalescentRate.stacey.3": 1.01565018827628,
 "snapperCoalescentRate.stacey.4": 1.03744508514748,
 "snapperCoalescentRate.stacey.5": 1.00164688535083,
 "snapperCoalescentRate.stacey.6": 1.00450284809377,
 "snapperCoalescentRate.stacey.7": 1.1209104084183,
 "snapperCoalescentRate.stacey.8": 0.934820413968451,
 "snapperCoalescentRate.stacey.9": 1.04729770858951,
 "snapperCoalescentRate.stacey.10": 1.04341455668369,
 "snapperCoalescentRate.stacey.11": 1.01510181588613,
 "snapperCoalescentRate.stacey.12": 0.944387327673026,
 "snapperCoalescentRate.stacey.13": 1.0986981305948,
 "snapperCoalescentRate.stacey.14": 1.01097241454317,
 "snapperCoalescentRate.stacey.15": 1.13817080561195,
 "snapperCoalescentRate.stacey.16": 1.3133610283383,
 "snapperCoalescentRate.stacey.17": 1.027132693531,
 "snapperCoalescentRate.stacey.18": 0.97960890599968,
 "snapperCoalescentRate.stacey.19": 0.99708130895884,
 "snapperCoalescentRate.stacey.20": 1.02690302088966,
 "snapperCoalescentRate.stacey.21": 0.903460758374199,
 "snapperCoalescentRate.stacey.22": 1.00227673374036,
 "snapperCoalescentRate.stacey.23": 1.03995003454529,
 "snapperCoalescentRate.stacey.24": 1.02205836521234,
 "snapperCoalescentRate.stacey.25": 0.964615036589608,
 "snapperCoalescentRate.stacey.26": 0.810575884834682,
 "snapperCoalescentRate.stacey.27": 1.02969913719578,
 "snapperCoalescentRate.stacey.28": 0.846178286743472,
 "snapperCoalescentRate.stacey.29": 0.933818267045001,
 "snapperCoalescentRate.stacey.30": 1.17818134206916,
 "snapperCoalescentRate.stacey.31": 0.915556886178446,
 "snapperCoalescentRate.stacey.32": 1.00148099283972,
 "snapperCoalescentRate.stacey.33": 1.11078919894565,
 "snapperCoalescentRate.stacey.34": 0.994096457510725,
 "snapperCoalescentRate.stacey.35": 0.919878595521352,
 "snapperCoalescentRate.stacey.36": 1.0963238315393,
 "snapperCoalescentRate.stacey.37": 0.945935429684074,
 "snapperCoalescentRate.stacey.38": 0.870827184206523,
 "snapperCoalescentRate.stacey.39": 0.820685971052844,
 "snapperCoalescentRate.stacey.40": 0.967438706152318,
 "snapperCoalescentRate.stacey.41": 0.791425157352663,
 "snapperCoalescentRate.stacey.42": 1.06732813857081,
 "snapperCoalescentRate.stacey.43": 1.09470846704888,
 "snapperCoalescentRate.stacey.44": 1.17826944989594,
 "snapperCoalescentRate.stacey.45": 0.827900903662742,
 "snapperCoalescentRate.stacey.46": 1.12131063720636,
 "snapperCoalescentRate.stacey.47": 0.999039249865489,
 "snapperCoalescentRate.stacey.48": 0.956172509385991,
 "snapperCoalescentRate.stacey.49": 1.04390830307927,
 "snapperCoalescentRate.stacey.50": 1.11906318912105,
 "snapperCoalescentRate.stacey.51": 0.857753582047767,
 "snapperCoalescentRate.stacey.52": 0.918052327374941,
 "snapperCoalescentRate.stacey.53": 0.972382738591375,
 "snapperCoalescentRate.stacey.54": 0.890489579657083,
 "snapperCoalescentRate.stacey.55": 1.04215668232005,
 "snapperCoalescentRate.stacey.56": 1.17879001743921,
 "snapperCoalescentRate.stacey.57": 0.888907099254344,
 "snapperCoalescentRate.stacey.58": 0.992726695071472,
 "snapperCoalescentRate.stacey.59": 0.926125834044355,
 "snapperCoalescentRate.stacey.60": 0.947817276120269,
 "snapperCoalescentRate.stacey.61": 0.974984753884692,
 "snapperCoalescentRate.stacey.62": 0.987040306571728,
 "snapperCoalescentRate.stacey.63": 1.19562436195328,
 "snapperCoalescentRate.stacey.64": 1.13603470370092,
 "snapperCoalescentRate.stacey.65": 1.16872652018361,
 "snapperCoalescentRate.stacey.66": 0.993637500046652,
 "snapperCoalescentRate.stacey.67": 0.950306791452489,
 "snapperCoalescentRate.stacey.68": 1.00068874433486,
 "snapperCoalescentRate.stacey.69": 1.00196712777719,
 "snapperCoalescentRate.stacey.70": 1.0037168775851,
 "snapperCoalescentRate.stacey.71": 1.01403188462897,
 "snapperCoalescentRate.stacey.72": 0.900541561532893,
 "snapperCoalescentRate.stacey.73": 1.19386863183847,
 "snapperCoalescentRate.stacey.74": 0.986686719879128,
 "snapperCoalescentRate.stacey.75": 0.961018197686786,
 "snapperCoalescentRate.stacey.76": 0.908661233725953,
 "snapperCoalescentRate.stacey.77": 1.03065674934647,
 "snapperCoalescentRate.stacey.78": 1.09224697632403,
 "snapperCoalescentRate.stacey.79": 1.2382645481125,
 "bdcGrowthRateRate.Species": 0.273948304998479,
 "relativeDeathRate.Species": 0,
 "collapseWeight.Species": 0.31661212359803,
 "originHeight.Species": 5.09914496059589e+98,
 "BirthDeathCollapseModel.Species": 136.648247388401,
 "BirthRates.1": 29.9907870354372,
 "BirthRates.2": 22.0569178297543,
 "BirthRates.3": 3.25160528985211,
 "BirthRates.4": 14.0709817190599,
 "clusterCount": 27,