{
 "Sample": 37300000,
 "posterior": 208.577780451722,
 "likelihood": 0,
 "prior": 208.577780451722,
 "TreeHeight.stacey": 0.113603374526986,
 "snapperCoalescentRate.stacey.1": 0.887283273736648,
 "snapperCoalescentRate.stacey.2": 0.852002568655319,
 "snapperCoalescentRate.stacey.3": 0.946748632231575,
 "snapperCoalescentRate.stacey.4": 1.08782246572397,
 "snapperCoalescentRate.stacey.5": 0.986666107072164,
 "snapperCoalescentRate.stacey.6": 0.973689053477577,
 "snapperCoalescentRate.stacey.7": 0.982149100483328,
 "snapperCoalescentRate.stacey.8": 0.99094832234372,
 "snapperCoalescentRate.stacey.9": 0.980162682297984,
 "snapperCoalescentRate.stacey.10": 1.08933138980819,
 "snapperCoalescentRate.stacey.11": 0.882027998298837,
 "snapperCoalescentRate.stacey.12": 0.978745092316501,
 "snapperCoalescentRate.stacey.13": 0.918000159443734,
 "snapperCoalescentRate.stacey.14": 1.12457211832783,
 "snapperCoalescentRate.stacey.15": 1.23400740007479,
 "snapperCoalescentRate.stacey.16": 0.934412237249871,
 "snapperCoalescentRate.stacey.17": 0.924263016913257,
 "snapperCoalescentRate.stacey.18": 0.829730261651096,
 "snapperCoalescentRate.stacey.19": 0.879601416553618,
 "snapperCoalescentRate.stacey.20": 1.03153653847581,
 "snapperCoalescentRate.stacey.21": 0.812214822742334,
 "snapperCoalescentRate.stacey.22": 0.818356630561339,
 "snapperCoalescentRate.stacey.23": 1.13232654780143,
 "snapperCoalescentRate.stacey.24": 1.17497901916264,
 "snapperCoalescentRate.stacey.25": 0.931747196243678,
 "snapperCoalescentRate.stacey.26": 1.028118402913,
 "snapperCoalescentRate.stacey.27": 0.92695897824367,
 "snapperCoalescentRate.stacey.28": 0.926783531150256,
 "snapperCoalescentRate.stacey.29": 1.0510500648742,
 "snapperCoalescentRate.stacey.30": 1.17219402367727,
 "snapperCoalescentRate.stacey.31": 0.839321854672275,
 "snapperCoalescentRate.stacey.32": 1.00736170721773,
 "snapperCoalescentRate.stacey.33": 0.923713654563548,
 "snapperCoalescentRate.stacey.34": 0.841362320180157,
 "snapperCoalescentRate.stacey.35": 0.999749039432159,
 "snapperCoalescentRate.stacey.36": 1.07468858194465,
 "snapperCoalescentRate.stacey.37": 1.06966560229128,
 "snapperCoalescentRate.stacey.38": 0.945573927344491,
 "snapperCoalescentRate.stacey.39": 1.08904025060926,
 "snapperCoalescentRate.stacey.40": 1.09207951361857,
 "snapperCoalescentRate.stacey.41": 1.14458083276997,
 "snapperCoalescentRate.stacey.42": 0.920268848593459,
 "snapperCoalescentRate.stacey.43": 1.11195899969664,
 "snapperCoalescentRate.stacey.44": 0.814924886951418,
 "snapperCoalescentRate.stacey.45": 0.946905325608713,
 "snapperCoalescentRate.stacey.46": 1.07825370169308,
 "snapperCoalescentRate.stacey.47": 0.828588943477186,
 "snapperCoalescentRate.stacey.48": 1.19107343676955,
 "snapperCoalescentRate.stacey.49": 1.04012694986421,
 "snapperCoalescentRate.stacey.50": 1.06696349991933,
 "snapperCoalescentRate.stacey.51": 0.853603335779044,
 "snapperCoalescentRate.stacey.52": 0.899799059024746,
 "snapperCoalescentRate.stacey.53": 1.02504197783135,
 "snapperCoalescentRate.stacey.54": 0.975560738011888,
 "snapperCoalescentRate.stacey.55": 1.0940166836434,
 "snapperCoalescentRate.stacey.56": 0.943038011281515,
 "snapperCoalescentRate.stacey.57": 0.966923447651668,
 "snapperCoalescentRate.stacey.58": 1.07725060971207,
 "snapperCoalescentRate.stacey.59": 0.928740799875999,
 "snapperCoalescentRate.stacey.60": 0.849740179955707,
 "snapperCoalescentRate.stacey.61": 0.845625384915812,
 "snapperCoalescentRate.stacey.62": 1.01286844845651,
 "snapperCoalescentRate.stacey.63": 0.875382163710024,
 "snapperCoalescentRate.stacey.64": 0.839741340813952,
 "snapperCoalescentRate.stacey.65": 0.89338209185349,
 "snapperCoalescentRate.stacey.66": 0.891328802134068,
 "snapperCoalescentRate.stacey.67": 1.04683684002345,
 "snapperCoalescentRate.stacey.68": 0.921530760870036,
 "snapperCoalescentRate.stacey.69": 0.997946806400077,
 "snapperCoalescentRate.stacey.70": 0.816310019564428,
 "snapperCoalescentRate.stacey.71": 1.07151283733419,
 "snapperCoalescentRate.stacey.72": 0.830200138542734,
 "snapperCoalescentRate.stacey.73": 1.04901821699732,
 "snapperCoalescentRate.stacey.74": 0.910651148643266,
 "snapperCoalescentRate.stacey.75": 0.854874808248849,
 "snapperCoalescentRate.stacey.76": 1.00438116834343,
 "snapperCoalescentRate.stacey.77": 1.16475907648838,
 "snapperCoalescentRate.stacey.78": 0.962777741759316,
 "snapperCoalescentRate.stacey.79": 0.898929243833579,
 "bdcGrowthRateRate.Species": 0.184464763074892,
 "relativeDeathRate.Species": 0,
 "collapseWeight.Species": 0.34269273670845,
 "originHeight.Species": 3.02038858459015e+98,
 "BirthDeathCollapseModel.Species": 142.038725557803,
 "BirthRates.1": 45.8117292563921,
 "BirthRates.2": 38.8429721772002,
 "BirthRates.3": 10.8809852199078,
 "BirthRates.4": 5.46397164956221,
 "clusterCount": 28,