{
 "Sample": 41900000,
 "posterior": 100.847371443247,
 "likelihood": 0,
 "prior": 100.847371443247,
 "TreeHeight.stacey": 0.505981838761411,
 "snapperCoalescentRate.stacey.1": 0.924976980563607,
 "snapperCoalescentRate.stacey.2": 0.981277567886709,
 "snapperCoalescentRate.stacey.3": 1.11902835516612,
 "snapperCoalescentRate.stacey.4": 0.948970610756764,
 "snapperCoalescentRate.stacey.5": 0.936330181015747,
 "snapperCoalescentRate.stacey.6": 1.12209710861243,
 "snapperCoalescentRate.stacey.7": 1.09444249782445,
 "snapperCoalescentRate.stacey.8": 1.01075377225375,
 "snapperCoalescentRate.stacey.9": 0.906503905716181,
 "snapperCoalescentRate.stacey.10": 0.770474573396515,
 "snapperCoalescentRate.stacey.11": 1.10596346377565,
 "snapperCoalescentRate.stacey.12": 1.04451152076594,
 "snapperCoalescentRate.stacey.13": 0.954873921325721,
 "snapperCoalescentRate.stacey.14": 0.918308969054926,
 "snapperCoalescentRate.stacey.15": 0.918310409285312,
 "snapperCoalescentRate.stacey.16": 0.955932954213533,
 "snapperCoalescentRate.stacey.17": 1.13318574398691,
 "snapperCoalescentRate.stacey.18": 0.899283496453962,
 "snapperCoalescentRate.stacey.19": 0.929517821954138,
 "snapperCoalescentRate.stacey.20": 0.919852711752174,
 "snapperCoalescentRate.stacey.21": 0.965692546179355,
 "snapperCoalescentRate.stacey.22": 1.03457057588589,
 "snapperCoalescentRate.stacey.23": 1.03920498341715,
 "snapperCoalescentRate.stacey.24": 0.971091993844121,
 "snapperCoalescentRate.stacey.25": 1.01473721525021,
 "snapperCoalescentRate.stacey.26": 1.07168733099307,
 "snapperCoalescentRate.stacey.27": 0.937111823570939,
 "snapperCoalescentRate.stacey.28": 1.11217127285073,
 "snapperCoalescentRate.stacey.29": 1.03649593047358,
 "snapperCoalescentRate.stacey.30": 0.950279355623077,
 "snapperCoalescentRate.stacey.31": 0.952048198911737,
 "snapperCoalescentRate.stacey.32": 1.01824185432263,
 "snapperCoalescentRate.stacey.33": 0.85597191121909,
 "snapperCoalescentRate.stacey.34": 0.892933922117285,
 "snapperCoalescentRate.stacey.35": 1.07560123154051,
 "snapperCoalescentRate.stacey.36": 0.84703157006255,
 "snapperCoalescentRate.stacey.37": 0.925310063335946,
 "snapperCoalescentRate.stacey.38": 0.914801293196187,
 "snapperCoalescentRate.stacey.39": 0.848938594235926,
 "snapperCoalescentRate.stacey.40": 1.11624708560579,
 "snapperCoalescentRate.stacey.41": 0.984899608828428,
 "snapperCoalescentRate.stacey.42": 0.944346665757869,
 "snapperCoalescentRate.stacey.43": 0.986990887814346,
 "snapperCoalescentRate.stacey.44": 1.0412928551266,
 "snapperCoalescentRate.stacey.45": 0.955339700377641,
 "snapperCoalescentRate.stacey.46": 0.916093698339228,
 "snapperCoalescentRate.stacey.47": 1.09313317138931,
 "snapperCoalescentRate.stacey.48": 1.12373900015846,
 "snapperCoalescentRate.stacey.49": 0.939287764644261,
 "snapperCoalescentRate.stacey.50": 1.1094414584596,
 "snapperCoalescentRate.stacey.51": 1.12186513471304,
 "snapperCoalescentRate.stacey.52": 1.14621436663,
 "snapperCoalescentRate.stacey.53": 0.950698062288325,
 "snapperCoalescentRate.stacey.54": 0.907557473787794,
 "snapperCoalescentRate.stacey.55": 1.18885984893086,
 "snapperCoalescentRate.stacey.56": 0.883904053730422,
 "snapperCoalescentRate.stacey.57": 0.895134777768535,
 "snapperCoalescentRate.stacey.58": 0.924336433999582,
 "snapperCoalescentRate.stacey.59": 1.10579711612032,
 "snapperCoalescentRate.stacey.60": 0.965649251052099,
 "snapperCoalescentRate.stacey.61": 0.940252567400538,
 "snapperCoalescentRate.stacey.62": 0.945754331539791,
 "snapperCoalescentRate.stacey.63": 0.92473866669537,
 "snapperCoalescentRate.stacey.64": 1.04851089134823,
 "snapperCoalescentRate.stacey.65": 1.06772906126165,
 "snapperCoalescentRate.stacey.66": 1.05480780991479,
 "snapperCoalescentRate.stacey.67": 0.972798480329372,
 "snapperCoalescentRate.stacey.68": 1.10722915919079,
 "snapperCoalescentRate.stacey.69": 0.978212111584858,
 "snapperCoalescentRate.stacey.70": 1.02053366813579,
 "snapperCoalescentRate.stacey.71": 0.98911400300689,
 "snapperCoalescentRate.stacey.72": 1.11471826953996,
 "snapperCoalescentRate.stacey.73": 1.0250443977398,
 "snapperCoalescentRate.stacey.74": 1.007718285805,
 "snapperCoalescentRate.stacey.75": 0.966986555271161,
 "snapperCoalescentRate.stacey.76": 0.846843524023872,
 "snapperCoalescentRate.stacey.77": 0.870422576074002,
 "snapperCoalescentRate.stacey.78": 1.02562669814869,
 "snapperCoalescentRate.stacey.79": 0.969799150491231,
 "bdcGrowthRateRate.Species": 0.259456007072306,
 "relativeDeathRate.Species": 0,
 "collapseWeight.Species": 0.0779996229060498,
 "originHeight.Species": 2.71736925328793e+98,
 "BirthDeathCollapseModel.Species": 19.254787763735,
 "BirthRates.1": 1.30754418647634,
 "BirthRates.2": 8.51933664077054,
 "BirthRates.3": 6.48876424919263,
 "BirthRates.4": 8.86321850377103,
 "clusterCount": 39,