{
 "Sample": 24950000,
 "posterior": 121.48418597324,
 "likelihood": 0,
 "prior": 121.48418597324,
 "TreeHeight.stacey": 0.570692038643524,
 "snapperCoalescentRate.stacey.1": 1.01800766490443,
 "snapperCoalescentRate.stacey.2": 0.917186474189362,
 "snapperCoalescentRate.stacey.3": 0.962845818988432,
 "snapperCoalescentRate.stacey.4": 1.0833219297183,
 "snapperCoalescentRate.stacey.5": 1.08693655193018,
 "snapperCoalescentRate.stacey.6": 1.07257282112949,
 "snapperCoalescentRate.stacey.7": 0.872655002542601,
 "snapperCoalescentRate.stacey.8": 0.995184109314142,
 "snapperCoalescentRate.stacey.9": 0.983895661995182,
 "snapperCoalescentRate.stacey.10": 1.18535794171924,
 "snapperCoalescentRate.stacey.11": 1.14768424723371,
 "snapperCoalescentRate.stacey.12": 1.21400261238051,
 "snapperCoalescentRate.stacey.13": 0.889396203849425,
 "snapperCoalescentRate.stacey.14": 0.85180137926134,
 "snapperCoalescentRate.stacey.15": 1.0342471365675,
 "snapperCoalescentRate.stacey.16": 0.975189232231816,
 "snapperCoalescentRate.stacey.17": 1.0326804432298,
 "snapperCoalescentRate.stacey.18": 1.09848184771403,
 "snapperCoalescentRate.stacey.19": 0.992168289507093,
 "snapperCoalescentRate.stacey.20": 0.959964646144889,
 "snapperCoalescentRate.stacey.21": 0.954058703826948,
 "snapperCoalescentRate.stacey.22": 0.751097380169741,
 "snapperCoalescentRate.stacey.23": 1.00872721529034,
 "snapperCoalescentRate.stacey.24": 0.973037982774375,
 "snapperCoalescentRate.stacey.25": 0.943272344422488,
 "snapperCoalescentRate.stacey.26": 1.00755435605418,
 "snapperCoalescentRate.stacey.27": 0.9395508365653,
 "snapperCoalescentRate.stacey.28": 1.28490900838763,
 "snapperCoalescentRate.stacey.29": 1.05702042088174,
 "snapperCoalescentRate.stacey.30": 0.766633723441099,
 "snapperCoalescentRate.stacey.31": 1.0453849819988,
 "snapperCoalescentRate.stacey.32": 0.896366491140124,
 "snapperCoalescentRate.stacey.33": 0.944123067857064,
 "snapperCoalescentRate.stacey.34": 1.07243412275919,
 "snapperCoalescentRate.stacey.35": 0.769636614837454,
 "snapperCoalescentRate.stacey.36": 1.05328160255255,
 "snapperCoalescentRate.stacey.37": 0.97788479916952,
 "snapperCoalescentRate.stacey.38": 0.836465101753403,
 "snapperCoalescentRate.stacey.39": 1.04483191715743,
 "snapperCoalescentRate.stacey.40": 0.960807582516761,
 "snapperCoalescentRate.stacey.41": 0.852026427004754,
 "snapperCoalescentRate.stacey.42": 1.07667494246723,
 "snapperCoalescentRate.stacey.43": 0.955583741529699,
 "snapperCoalescentRate.stacey.44": 0.864639609958285,
 "snapperCoalescentRate.stacey.45": 1.09585956391975,
 "snapperCoalescentRate.stacey.46": 1.09444007523397,
 "snapperCoalescentRate.stacey.47": 0.960881189879471,
 "snapperCoalescentRate.stacey.48": 0.933875862269512,
 "snapperCoalescentRate.stacey.49": 1.04471865467457,
 "snapperCoalescentRate.stacey.50": 1.06716314575894,
 "snapperCoalescentRate.stacey.51": 1.01894735704003,
 "snapperCoalescentRate.stacey.52": 0.97827927131189,
 "snapperCoalescentRate.stacey.53": 1.04434517645926,
 "snapperCoalescentRate.stacey.54": 0.941760070240675,
 "snapperCoalescentRate.stacey.55": 0.919706346274528,
 "snapperCoalescentRate.stacey.56": 0.96299548313106,
 "snapperCoalescentRate.stacey.57": 1.09093829103093,
 "snapperCoalescentRate.stacey.58": 0.931305110641742,
 "snapperCoalescentRate.stacey.59": 1.06652748564004,
 "snapperCoalescentRate.stacey.60": 1.20858223249493,
 "snapperCoalescentRate.stacey.61": 0.996638837369981,
 "snapperCoalescentRate.stacey.62": 1.09768905174735,
 "snapperCoalescentRate.stacey.63": 0.915531934309444,
 "snapperCoalescentRate.stacey.64": 1.04384612315437,
 "snapperCoalescentRate.stacey.65": 0.857361253424644,
 "snapperCoalescentRate.stacey.66": 0.901801735058553,
 "snapperCoalescentRate.stacey.67": 1.02109926593999,
 "snapperCoalescentRate.stacey.68": 1.07528692880831,
 "snapperCoalescentRate.stacey.69": 1.04488052408298,
 "snapperCoalescentRate.stacey.70": 0.975270015517701,
 "snapperCoalescentRate.stacey.71": 0.747643080941902,
 "snapperCoalescentRate.stacey.72": 1.17796204128449,
 "snapperCoalescentRate.stacey.73": 1.05878734280707,
 "snapperCoalescentRate.stacey.74": 0.984324058138221,
 "snapperCoalescentRate.stacey.75": 0.933742569014992,
 "snapperCoalescentRate.stacey.76": 0.946211168404074,
 "snapperCoalescentRate.stacey.77": 1.18358288903343,
 "snapperCoalescentRate.stacey.78": 1.37086347019673,
 "snapperCoalescentRate.stacey.79": 1.10746109144596,
 "bdcGrowthRateRate.Species": 0.219391552655286,
 "relativeDeathRate.Species": 0,
 "collapseWeight.Species": 0.0935783869596396,
 "originHeight.Species": 1.00727139363827e+98,
 "BirthDeathCollapseModel.Species": 59.7310434593028,
 "BirthRates.1": 6.65360524985558,
 "BirthRates.2": 2.98368611265686,
 "BirthRates.3": 5.21097422645777,
 "BirthRates.4": 6.0817529278576,
 "clusterCount": 33,