{
 "Sample": 33300000,
 "posterior": 116.01204489832,
 "likelihood": 0,
 "prior": 116.01204489832,
 "TreeHeight.stacey": 0.417855800568772,
 "snapperCoalescentRate.stacey.1": 0.910298909979388,
 "snapperCoalescentRate.stacey.2": 0.813855512617735,
 "snapperCoalescentRate.stacey.3": 1.08576421684278,
 "snapperCoalescentRate.stacey.4": 1.00737719744453,
 "snapperCoalescentRate.stacey.5": 1.0263300733928,
 "snapperCoalescentRate.stacey.6": 1.01959626072814,
 "snapperCoalescentRate.stacey.7": 0.900785724674376,
 "snapperCoalescentRate.stacey.8": 1.18482828639064,
 "snapperCoalescentRate.stacey.9": 0.927078268539825,
 "snapperCoalescentRate.stacey.10": 1.02088898457192,
 "snapperCoalescentRate.stacey.11": 1.01201736569728,
 "snapperCoalescentRate.stacey.12": 0.971590880154483,
 "snapperCoalescentRate.stacey.13": 0.888139856181777,
 "snapperCoalescentRate.stacey.14": 0.932272844376002,
 "snapperCoalescentRate.stacey.15": 1.13694704205405,
 "snapperCoalescentRate.stacey.16": 0.940105440147962,
 "snapperCoalescentRate.stacey.17": 0.933606027668652,
 "snapperCoalescentRate.stacey.18": 1.107587788527,
 "snapperCoalescentRate.stacey.19": 1.11172194067147,
 "snapperCoalescentRate.stacey.20": 0.938563030882406,
 "snapperCoalescentRate.stacey.21": 1.19129679438045,
 "snapperCoalescentRate.stacey.22": 1.13347484078654,
 "snapperCoalescentRate.stacey.23": 0.968938579006723,
 "snapperCoalescentRate.stacey.24": 1.04850167022544,
 "snapperCoalescentRate.stacey.25": 1.13110387067417,
 "snapperCoalescentRate.stacey.26": 1.01169238962219,
 "snapperCoalescentRate.stacey.27": 0.843156747685866,
 "snapperCoalescentRate.stacey.28": 1.12992757700582,
 "snapperCoalescentRate.stacey.29": 0.948767175459352,
 "snapperCoalescentRate.stacey.30": 0.979946321433746,
 "snapperCoalescentRate.stacey.31": 0.938801994105083,
 "snapperCoalescentRate.stacey.32": 0.754081957326312,
 "snapperCoalescentRate.stacey.33": 0.819019094047398,
 "snapperCoalescentRate.stacey.34": 0.854293889707332,
 "snapperCoalescentRate.stacey.35": 0.928638264751073,
 "snapperCoalescentRate.stacey.36": 1.04162362133985,
 "snapperCoalescentRate.stacey.37": 1.01792126666088,
 "snapperCoalescentRate.stacey.38": 0.962498675169596,
 "snapperCoalescentRate.stacey.39": 1.12541889216772,
 "snapperCoalescentRate.stacey.40": 1.04100227369275,
 "snapperCoalescentRate.stacey.41": 0.86719101099361,
 "snapperCoalescentRate.stacey.42": 1.11842356299019,
 "snapperCoalescentRate.stacey.43": 1.039024069071,
 "snapperCoalescentRate.stacey.44": 1.08088745338629,
 "snapperCoalescentRate.stacey.45": 0.990124930934423,
 "snapperCoalescentRate.stacey.46": 1.08551887056726,
 "snapperCoalescentRate.stacey.47": 0.84758403871135,
 "snapperCoalescentRate.stacey.48": 1.11820143508052,
 "snapperCoalescentRate.stacey.49": 0.888269721607549,
 "snapperCoalescentRate.stacey.50": 0.929011980764112,
 "snapperCoalescentRate.stacey.51": 1.08968385027637,
 "snapperCoalescentRate.stacey.52": 1.00506438145214,
 "snapperCoalescentRate.stacey.53": 1.21505160201201,
 "snapperCoalescentRate.stacey.54": 1.28676547025431,
 "snapperCoalescentRate.stacey.55": 1.21960227817943,
 "snapperCoalescentRate.stacey.56": 1.04205396881879,
 "snapperCoalescentRate.stacey.57": 1.10237777854835,
 "snapperCoalescentRate.stacey.58": 1.10631966087582,
 "snapperCoalescentRate.stacey.59": 0.859253249161511,
 "snapperCoalescentRate.stacey.60": 1.0429123869016,
 "snapperCoalescentRate.stacey.61": 1.01152183262438,
 "snapperCoalescentRate.stacey.62": 1.02725571469083,
 "snapperCoalescentRate.stacey.63": 0.991841881144604,
 "snapperCoalescentRate.stacey.64": 1.0995752118231,
 "snapperCoalescentRate.stacey.65": 0.962860358790554,
 "snapperCoalescentRate.stacey.66": 0.914685451498315,
 "snapperCoalescentRate.stacey.67": 1.03833904162194,
 "snapperCoalescentRate.stacey.68": 1.14951975849494,
 "snapperCoalescentRate.stacey.69": 1.07157524244509,
 "snapperCoalescentRate.stacey.70": 0.966296309295663,
 "snapperCoalescentRate.stacey.71": 0.899008271358367,
 "snapperCoalescentRate.stacey.72": 1.01300259254572,
 "snapperCoalescentRate.stacey.73": 0.942007410866842,
 "snapperCoalescentRate.stacey.74": 1.08392144092633,
 "snapperCoalescentRate.stacey.75": 0.917481982385438,
 "snapperCoalescentRate.stacey.76": 0.862620943402983,
 "snapperCoalescentRate.stacey.77": 0.97083792402091,
 "snapperCoalescentRate.stacey.78": 1.02071917483055,
 "snapperCoalescentRate.stacey.79": 1.14029496830065,
 "bdcGrowthRateRate.Species": 0.161206031586774,
 "relativeDeathRate.Species": 0,
 "collapseWeight.Species": 0.0334239895079704,
 "originHeight.Species": 2.10550626416936e+98,
 "BirthDeathCollapseModel.Species": 48.1973277942982,
 "BirthRates.1": 8.47213408309706,
 "BirthRates.2": 2.56947456711785,
 "BirthRates.3": 4.64548567987484,
 "BirthRates.4": 14.0735980490872,
 "clusterCount": 36,