{
 "Sample": 49200000,
 "posterior": 134.118842982197,
 "likelihood": 0,
 "prior": 134.118842982197,
 "TreeHeight.stacey": 0.738785152228478,
 "snapperCoalescentRate.stacey.1": 1.04717615649126,
 "snapperCoalescentRate.stacey.2": 1.04992245583704,
 "snapperCoalescentRate.stacey.3": 0.851396562118162,
 "snapperCoalescentRate.stacey.4": 0.883309038567334,
 "snapperCoalescentRate.stacey.5": 1.05793196728991,
 "snapperCoalescentRate.stacey.6": 1.01136153003539,
 "snapperCoalescentRate.stacey.7": 0.967999229710714,
 "snapperCoalescentRate.stacey.8": 0.891835002004457,
 "snapperCoalescentRate.stacey.9": 1.06688634799454,
 "snapperCoalescentRate.stacey.10": 0.99217992634828,
 "snapperCoalescentRate.stacey.11": 0.897944136467442,
 "snapperCoalescentRate.stacey.12": 1.14729735637378,
 "snapperCoalescentRate.stacey.13": 0.992136103785959,
 "snapperCoalescentRate.stacey.14": 0.907998131477366,
 "snapperCoalescentRate.stacey.15": 1.15096324976082,
 "snapperCoalescentRate.stacey.16": 0.776061461487554,
 "snapperCoalescentRate.stacey.17": 0.877401807907512,
 "snapperCoalescentRate.stacey.18": 1.06857918319599,
 "snapperCoalescentRate.stacey.19": 1.06098683097772,
 "snapperCoalescentRate.stacey.20": 1.16847061442381,
 "snapperCoalescentRate.stacey.21": 1.01024937271602,
 "snapperCoalescentRate.stacey.22": 1.07731034949246,
 "snapperCoalescentRate.stacey.23": 0.909122579856802,
 "snapperCoalescentRate.stacey.24": 1.1478269631402,
 "snapperCoalescentRate.stacey.25": 1.08153183134467,
 "snapperCoalescentRate.stacey.26": 0.793009220091829,
 "snapperCoalescentRate.stacey.27": 1.01735095557421,
 "snapperCoalescentRate.stacey.28": 1.0317522001352,
 "snapperCoalescentRate.stacey.29": 0.975677642158494,
 "snapperCoalescentRate.stacey.30": 0.837591617895003,
 "snapperCoalescentRate.stacey.31": 1.07522406514835,
 "snapperCoalescentRate.stacey.32": 0.967137658632855,
 "snapperCoalescentRate.stacey.33": 1.08973465143003,
 "snapperCoalescentRate.stacey.34": 1.10143963637471,
 "snapperCoalescentRate.stacey.35": 0.94822973167898,
 "snapperCoalescentRate.stacey.36": 1.02338753189442,
 "snapperCoalescentRate.stacey.37": 0.996286507489402,
 "snapperCoalescentRate.stacey.38": 0.975093452925393,
 "snapperCoalescentRate.stacey.39": 0.918755308901754,
 "snapperCoalescentRate.stacey.40": 1.06956299712419,
 "snapperCoalescentRate.stacey.41": 0.897469225674638,
 "snapperCoalescentRate.stacey.42": 1.03326177638132,
 "snapperCoalescentRate.stacey.43": 0.844315446013119,
 "snapperCoalescentRate.stacey.44": 0.907058914219045,
 "snapperCoalescentRate.stacey.45": 1.00266806690838,
 "snapperCoalescentRate.stacey.46": 1.05752355199239,
 "snapperCoalescentRate.stacey.47": 0.851478200550994,
 "snapperCoalescentRate.stacey.48": 1.00799281957397,
 "snapperCoalescentRate.stacey.49": 1.09621948469871,
 "snapperCoalescentRate.stacey.50": 0.940651375207401,
 "snapperCoalescentRate.stacey.51": 1.04999687573782,
 "snapperCoalescentRate.stacey.52": 0.957213013471113,
 "snapperCoalescentRate.stacey.53": 1.14018392156751,
 "snapperCoalescentRate.stacey.54": 0.82384212820662,
 "snapperCoalescentRate.stacey.55": 0.879691917569517,
 "snapperCoalescentRate.stacey.56": 1.05665567711798,
 "snapperCoalescentRate.stacey.57": 0.876822252895565,
 "snapperCoalescentRate.stacey.58": 1.04047618787091,
 "snapperCoalescentRate.stacey.59": 1.10064059346474,
 "snapperCoalescentRate.stacey.60": 1.02802050622624,
 "snapperCoalescentRate.stacey.61": 0.984989477344558,
 "snapperCoalescentRate.stacey.62": 0.9592491164477,
 "snapperCoalescentRate.stacey.63": 0.94028634927418,
 "snapperCoalescentRate.stacey.64": 1.0155536862548,
 "snapperCoalescentRate.stacey.65": 1.05823431170875,
 "snapperCoalescentRate.stacey.66": 0.977771835319822,
 "snapperCoalescentRate.stacey.67": 0.914732226471138,
 "snapperCoalescentRate.stacey.68": 0.916005239159823,
 "snapperCoalescentRate.stacey.69": 0.825582956422823,
 "snapperCoalescentRate.stacey.70": 0.942036486811949,
 "snapperCoalescentRate.stacey.71": 0.938690288454918,
 "snapperCoalescentRate.stacey.72": 0.973688328903586,
 "snapperCoalescentRate.stacey.73": 1.09160580223627,
 "snapperCoalescentRate.stacey.74": 0.966782438110102,
 "snapperCoalescentRate.stacey.75": 0.986340497073317,
 "snapperCoalescentRate.stacey.76": 1.04370482555759,
 "snapperCoalescentRate.stacey.77": 0.963843698706436,
 "snapperCoalescentRate.stacey.78": 1.08479065003315,
 "snapperCoalescentRate.stacey.79": 1.07062782179004,
 "bdcGrowthRateRate.Species": 0.213834319562348,
 "relativeDeathRate.Species": 0,
 "collapseWeight.Species": 0.219852516081354,
 "originHeight.Species": 1.98651129325927e+98,
 "BirthDeathCollapseModel.Species": 55.1502537645182,
 "BirthRates.1": 1.94680993644465,
 "BirthRates.2": 0.344707983464695,
 "BirthRates.3": 1.21761356684167,
 "BirthRates.4": 11.7198340106963,
 "clusterCount": 34,