{
 "Sample": 31500000,
 "posterior": 216.458936368708,
 "likelihood": 0,
 "prior": 216.458936368708,
 "TreeHeight.stacey": 0.200581845658546,
 "snapperCoalescentRate.stacey.1": 0.920310390745776,
 "snapperCoalescentRate.stacey.2": 0.863905633376057,
 "snapperCoalescentRate.stacey.3": 1.04134417704509,
 "snapperCoalescentRate.stacey.4": 0.99170184299445,
 "snapperCoalescentRate.stacey.5": 0.963996359337516,
 "snapperCoalescentRate.stacey.6": 0.94605961818269,
 "snapperCoalescentRate.stacey.7": 1.11097155057063,
 "snapperCoalescentRate.stacey.8": 1.03445414967025,
 "snapperCoalescentRate.stacey.9": 1.2712031215757,
 "snapperCoalescentRate.stacey.10": 0.987890479729367,
 "snapperCoalescentRate.stacey.11": 0.859531914479163,
 "snapperCoalescentRate.stacey.12": 1.08957833497272,
 "snapperCoalescentRate.stacey.13": 1.03641393134343,
 "snapperCoalescentRate.stacey.14": 0.852173467731006,
 "snapperCoalescentRate.stacey.15": 1.21280540332604,
 "snapperCoalescentRate.stacey.16": 0.971950939089961,
 "snapperCoalescentRate.stacey.17": 0.904316195798055,
 "snapperCoalescentRate.stacey.18": 1.0635692216196,
 "snapperCoalescentRate.stacey.19": 1.0775625992668,
 "snapperCoalescentRate.stacey.20": 1.10938023706611,
 "snapperCoalescentRate.stacey.21": 1.01695908901473,
 "snapperCoalescentRate.stacey.22": 1.00763780744511,
 "snapperCoalescentRate.stacey.23": 0.965901392167552,
 "snapperCoalescentRate.stacey.24": 1.00194812525112,
 "snapperCoalescentRate.stacey.25": 1.01742036494637,
 "snapperCoalescentRate.stacey.26": 1.01701377067622,
 "snapperCoalescentRate.stacey.27": 0.970007112192867,
 "snapperCoalescentRate.stacey.28": 0.950574297331998,
 "snapperCoalescentRate.stacey.29": 0.878638465860849,
 "snapperCoalescentRate.stacey.30": 0.93719631011963,
 "snapperCoalescentRate.stacey.31": 0.85683440169741,
 "snapperCoalescentRate.stacey.32": 1.02493534734753,
 "snapperCoalescentRate.stacey.33": 0.987827734772815,
 "snapperCoalescentRate.stacey.34": 0.808547734129795,
 "snapperCoalescentRate.stacey.35": 1.10918791288218,
 "snapperCoalescentRate.stacey.36": 0.96934382152272,
 "snapperCoalescentRate.stacey.37": 1.0821144303489,
 "snapperCoalescentRate.stacey.38": 0.967827497449513,
 "snapperCoalescentRate.stacey.39": 0.992893537344945,
 "snapperCoalescentRate.stacey.40": 1.29637850909976,
 "snapperCoalescentRate.stacey.41": 0.966474009558124,
 "snapperCoalescentRate.stacey.42": 1.08165431025028,
 "snapperCoalescentRate.stacey.43": 1.31874186718071,
 "snapperCoalescentRate.stacey.44": 0.99303972069437,
 "snapperCoalescentRate.stacey.45": 0.915688133369625,
 "snapperCoalescentRate.stacey.46": 0.984408966135986,
 "snapperCoalescentRate.stacey.47": 0.874859289856113,
 "snapperCoalescentRate.stacey.48": 1.0616031472725,
 "snapperCoalescentRate.stacey.49": 0.977575053813369,
 "snapperCoalescentRate.stacey.50": 1.11775775065325,
 "snapperCoalescentRate.stacey.51": 0.985667022976318,
 "snapperCoalescentRate.stacey.52": 1.02901338290844,
 "snapperCoalescentRate.stacey.53": 1.1074885650236,
 "snapperCoalescentRate.stacey.54": 1.02370182136439,
 "snapperCoalescentRate.stacey.55": 0.84388094479489,
 "snapperCoalescentRate.stacey.56": 0.970538446172282,
 "snapperCoalescentRate.stacey.57": 0.958473028351609,
 "snapperCoalescentRate.stacey.58": 1.03773254532009,
 "snapperCoalescentRate.stacey.59": 1.08696098293266,
 "snapperCoalescentRate.stacey.60": 1.06629275895959,
 "snapperCoalescentRate.stacey.61": 1.03587156757004,
 "snapperCoalescentRate.stacey.62": 0.957812217541245,
 "snapperCoalescentRate.stacey.63": 0.966430449609546,
 "snapperCoalescentRate.stacey.64": 1.07333397019302,
 "snapperCoalescentRate.stacey.65": 1.0031999032323,
 "snapperCoalescentRate.stacey.66": 1.12178385567091,
 "snapperCoalescentRate.stacey.67": 0.988991528176495,
 "snapperCoalescentRate.stacey.68": 1.0288544124633,
 "snapperCoalescentRate.stacey.69": 1.16143530661984,
 "snapperCoalescentRate.stacey.70": 1.07264272619157,
 "snapperCoalescentRate.stacey.71": 0.890692520424392,
 "snapperCoalescentRate.stacey.72": 0.880024846279842,
 "snapperCoalescentRate.stacey.73": 1.10982747271901,
 "snapperCoalescentRate.stacey.74": 0.963276777678801,
 "snapperCoalescentRate.stacey.75": 0.879897010797557,
 "snapperCoalescentRate.stacey.76": 0.936345034649161,
 "snapperCoalescentRate.stacey.77": 0.828382969325224,
 "snapperCoalescentRate.stacey.78": 0.972819046001033,
 "snapperCoalescentRate.stacey.79": 1.1530361224075,
 "bdcGrowthRateRate.Species": 0.18884089400098,
 "relativeDeathRate.Species": 0,
 "collapseWeight.Species": 0.57982134480249,
 "originHeight.Species": 5.02754516052346e+98,
 "BirthDeathCollapseModel.Species": 144.038545335402,
 "BirthRates.1": 9.26595344987458,
 "BirthRates.2": 8.13058687576045,
 "BirthRates.3": 7.85602506416608,
 "BirthRates.4": 18.0975266289221,
 "clusterCount": 24,