{
 "Sample": 41350000,
 "posterior": 205.800983666249,
 "likelihood": 0,
 "prior": 205.800983666249,
 "TreeHeight.stacey": 0.573268919262965,
 "snapperCoalescentRate.stacey.1": 0.98032639587138,
 "snapperCoalescentRate.stacey.2": 0.98639454470581,
 "snapperCoalescentRate.stacey.3": 1.04702885338733,
 "snapperCoalescentRate.stacey.4": 1.05442571515513,
 "snapperCoalescentRate.stacey.5": 1.00261293187022,
 "snapperCoalescentRate.stacey.6": 1.07827862049447,
 "snapperCoalescentRate.stacey.7": 0.858241901675501,
 "snapperCoalescentRate.stacey.8": 0.953928416660844,
 "snapperCoalescentRate.stacey.9": 1.02947465142935,
 "snapperCoalescentRate.stacey.10": 1.06931955282628,
 "snapperCoalescentRate.stacey.11": 1.01742322705869,
 "snapperCoalescentRate.stacey.12": 0.848256568307937,
 "snapperCoalescentRate.stacey.13": 1.07153412213418,
 "snapperCoalescentRate.stacey.14": 0.820413241195158,
 "snapperCoalescentRate.stacey.15": 1.09295577549177,
 "snapperCoalescentRate.stacey.16": 0.976247407970335,
 "snapperCoalescentRate.stacey.17": 0.906526945222515,
 "snapperCoalescentRate.stacey.18": 0.93875969143602,
 "snapperCoalescentRate.stacey.19": 1.08952454655804,
 "snapperCoalescentRate.stacey.20": 0.807516978086394,
 "snapperCoalescentRate.stacey.21": 0.858765481042119,
 "snapperCoalescentRate.stacey.22": 1.057441224175,
 "snapperCoalescentRate.stacey.23": 0.91224150425705,
 "snapperCoalescentRate.stacey.24": 1.04667761123328,
 "snapperCoalescentRate.stacey.25": 1.03459573351452,
 "snapperCoalescentRate.stacey.26": 1.17164237395231,
 "snapperCoalescentRate.stacey.27": 0.992056941823855,
 "snapperCoalescentRate.stacey.28": 1.18007865994732,
 "snapperCoalescentRate.stacey.29": 0.917711010469145,
 "snapperCoalescentRate.stacey.30": 0.999762874266219,
 "snapperCoalescentRate.stacey.31": 0.859629308652166,
 "snapperCoalescentRate.stacey.32": 0.921383950703356,
 "snapperCoalescentRate.stacey.33": 1.04162957879703,
 "snapperCoalescentRate.stacey.34": 0.90056018057386,
 "snapperCoalescentRate.stacey.35": 1.02844134225053,
 "snapperCoalescentRate.stacey.36": 1.13798751637669,
 "snapperCoalescentRate.stacey.37": 1.08089772691109,
 "snapperCoalescentRate.stacey.38": 1.20079588058237,
 "snapperCoalescentRate.stacey.39": 0.987450457778668,
 "snapperCoalescentRate.stacey.40": 1.10456516867636,
 "snapperCoalescentRate.stacey.41": 1.02972459671036,
 "snapperCoalescentRate.stacey.42": 0.905230949986763,
 "snapperCoalescentRate.stacey.43": 0.974650112865107,
 "snapperCoalescentRate.stacey.44": 1.08870402137542,
 "snapperCoalescentRate.stacey.45": 1.05701307551122,
 "snapperCoalescentRate.stacey.46": 1.15817958874056,
 "snapperCoalescentRate.stacey.47": 0.849728969963103,
 "snapperCoalescentRate.stacey.48": 0.976466970240178,
 "snapperCoalescentRate.stacey.49": 1.04659868585092,
 "snapperCoalescentRate.stacey.50": 1.08129339805531,
 "snapperCoalescentRate.stacey.51": 0.970035698285795,
 "snapperCoalescentRate.stacey.52": 0.873315828017689,
 "snapperCoalescentRate.stacey.53": 1.00997286746057,
 "snapperCoalescentRate.stacey.54": 0.994724969711913,
 "snapperCoalescentRate.stacey.55": 0.871803490067391,
 "snapperCoalescentRate.stacey.56": 0.997930892776864,
 "snapperCoalescentRate.stacey.57": 0.980692437655887,
 "snapperCoalescentRate.stacey.58": 1.04115524375681,
 "snapperCoalescentRate.stacey.59": 0.872330633074837,
 "snapperCoalescentRate.stacey.60": 0.967194485379768,
 "snapperCoalescentRate.stacey.61": 1.04028695051268,
 "snapperCoalescentRate.stacey.62": 1.00948679230479,
 "snapperCoalescentRate.stacey.63": 0.855073699476984,
 "snapperCoalescentRate.stacey.64": 0.944721227720639,
 "snapperCoalescentRate.stacey.65": 1.10570398078173,
 "snapperCoalescentRate.stacey.66": 1.00553926715947,
 "snapperCoalescentRate.stacey.67": 1.04037156282683,
 "snapperCoalescentRate.stacey.68": 0.960817153048348,
 "snapperCoalescentRate.stacey.69": 0.957875812688412,
 "snapperCoalescentRate.stacey.70": 1.14954809717869,
 "snapperCoalescentRate.stacey.71": 0.920731934204548,
 "snapperCoalescentRate.stacey.72": 0.886787450567735,
 "snapperCoalescentRate.stacey.73": 0.864348514742156,
 "snapperCoalescentRate.stacey.74": 0.89342906668379,
 "snapperCoalescentRate.stacey.75": 0.945833067292291,
 "snapperCoalescentRate.stacey.76": 1.0368691620962,
 "snapperCoalescentRate.stacey.77": 1.06475587699999,
 "snapperCoalescentRate.stacey.78": 0.807246087529839,
 "snapperCoalescentRate.stacey.79": 0.88898472206184,
 "bdcGrowthRateRate.Species": 0.30159096486233,
 "relativeDeathRate.Species": 0,
 "collapseWeight.Species": 0.484282806818797,
 "originHeight.Species": 5.49597768153911e+97,
 "BirthDeathCollapseModel.Species": 131.179180597694,
 "BirthRates.1": 6.23870999598486,
 "BirthRates.2": 0.77336533024104,
 "BirthRates.3": 5.95306566372633,
 "BirthRates.4": 6.24926652519343,
 "clusterCount": 23,