{
 "Sample": 44650000,
 "posterior": 279.542564368268,
 "likelihood": 0,
 "prior": 279.542564368268,
 "TreeHeight.stacey": 0.176206119973322,
 "snapperCoalescentRate.stacey.1": 1.0031314021552,
 "snapperCoalescentRate.stacey.2": 1.06863753525635,
 "snapperCoalescentRate.stacey.3": 1.1250507439901,
 "snapperCoalescentRate.stacey.4": 1.12760547410473,
 "snapperCoalescentRate.stacey.5": 0.950215173714577,
 "snapperCoalescentRate.stacey.6": 0.869347613303376,
 "snapperCoalescentRate.stacey.7": 0.861455217319623,
 "snapperCoalescentRate.stacey.8": 1.14780137526739,
 "snapperCoalescentRate.stacey.9": 0.963617392637392,
 "snapperCoalescentRate.stacey.10": 0.933185626774464,
 "snapperCoalescentRate.stacey.11": 0.995212685597731,
 "snapperCoalescentRate.stacey.12": 0.95100435651807,
 "snapperCoalescentRate.stacey.13": 0.917047891558635,
 "snapperCoalescentRate.stacey.14": 0.906732015530745,
 "snapperCoalescentRate.stacey.15": 1.14598521958345,
 "snapperCoalescentRate.stacey.16": 0.9578914124075,
 "snapperCoalescentRate.stacey.17": 1.04110184801197,
 "snapperCoalescentRate.stacey.18": 0.945046284181721,
 "snapperCoalescentRate.stacey.19": 1.1720645819668,
 "snapperCoalescentRate.stacey.20": 1.03109382945692,
 "snapperCoalescentRate.stacey.21": 1.00544395766163,
 "snapperCoalescentRate.stacey.22": 1.03513048980535,
 "snapperCoalescentRate.stacey.23": 1.06635775435963,
 "snapperCoalescentRate.stacey.24": 0.863239613918156,
 "snapperCoalescentRate.stacey.25": 1.19694095372788,
 "snapperCoalescentRate.stacey.26": 1.09555683448994,
 "snapperCoalescentRate.stacey.27": 0.941237129261418,
 "snapperCoalescentRate.stacey.28": 0.994354588821785,
 "snapperCoalescentRate.stacey.29": 1.03647967109758,
 "snapperCoalescentRate.stacey.30": 0.869283612932895,
 "snapperCoalescentRate.stacey.31": 0.953975107642101,
 "snapperCoalescentRate.stacey.32": 1.10011788020303,
 "snapperCoalescentRate.stacey.33": 1.03140434841265,
 "snapperCoalescentRate.stacey.34": 0.850023532595978,
 "snapperCoalescentRate.stacey.35": 1.21016765178475,
 "snapperCoalescentRate.stacey.36": 1.02120616154416,
 "snapperCoalescentRate.stacey.37": 0.876451246098603,
 "snapperCoalescentRate.stacey.38": 0.977733051442914,
 "snapperCoalescentRate.stacey.39": 1.05931336786279,
 "snapperCoalescentRate.stacey.40": 0.904422979412886,
 "snapperCoalescentRate.stacey.41": 1.01002684829008,
 "snapperCoalescentRate.stacey.42": 1.07861696386819,
 "snapperCoalescentRate.stacey.43": 0.747794322961934,
 "snapperCoalescentRate.stacey.44": 1.03376029648076,
 "snapperCoalescentRate.stacey.45": 0.915268688046924,
 "snapperCoalescentRate.stacey.46": 0.800623427306477,
 "snapperCoalescentRate.stacey.47": 0.991531925332686,
 "snapperCoalescentRate.stacey.48": 0.987981091005471,
 "snapperCoalescentRate.stacey.49": 0.824780049714589,
 "snapperCoalescentRate.stacey.50": 1.10285125855284,
 "snapperCoalescentRate.stacey.51": 0.973596020555616,
 "snapperCoalescentRate.stacey.52": 1.02234959508265,
 "snapperCoalescentRate.stacey.53": 0.906643605397671,
 "snapperCoalescentRate.stacey.54": 1.10366302806097,
 "snapperCoalescentRate.stacey.55": 1.01422097780263,
 "snapperCoalescentRate.stacey.56": 1.0572207729214,
 "snapperCoalescentRate.stacey.57": 0.977658955236446,
 "snapperCoalescentRate.stacey.58": 1.14478463573133,
 "snapperCoalescentRate.stacey.59": 1.04906106990097,
 "snapperCoalescentRate.stacey.60": 0.993042780361381,
 "snapperCoalescentRate.stacey.61": 1.14049554349874,
 "snapperCoalescentRate.stacey.62": 0.962143696644446,
 "snapperCoalescentRate.stacey.63": 1.09384533171868,
 "snapperCoalescentRate.stacey.64": 0.810853298635014,
 "snapperCoalescentRate.stacey.65": 0.927130357135449,
 "snapperCoalescentRate.stacey.66": 0.933799932362891,
 "snapperCoalescentRate.stacey.67": 0.986171139930398,
 "snapperCoalescentRate.stacey.68": 1.08951300955517,
 "snapperCoalescentRate.stacey.69": 0.861048742720646,
 "snapperCoalescentRate.stacey.70": 0.959596951210292,
 "snapperCoalescentRate.stacey.71": 0.950599908531221,
 "snapperCoalescentRate.stacey.72": 0.949952205278844,
 "snapperCoalescentRate.stacey.73": 1.04570698155071,
 "snapperCoalescentRate.stacey.74": 1.09321978700752,
 "snapperCoalescentRate.stacey.75": 0.995091838444589,
 "snapperCoalescentRate.stacey.76": 1.02290282905245,
 "snapperCoalescentRate.stacey.77": 0.892412510575683,
 "snapperCoalescentRate.stacey.78": 0.965233811340438,
 "snapperCoalescentRate.stacey.79": 0.911921338002306,
 "bdcGrowthRateRate.Species": 0.114495729606146,
 "relativeDeathRate.Species": 0,
 "collapseWeight.Species": 0.45501616240114,
 "originHeight.Species": 4.54367520811142e+98,
 "BirthDeathCollapseModel.Species": 207.617077808942,
 "BirthRates.1": 64.8561428304806,
 "BirthRates.2": 12.4083716153373,
 "BirthRates.3": 3.90041088283585,
 "BirthRates.4": 11.5761291631811,
 "clusterCount": 17,