{
 "Sample": 34300000,
 "posterior": 119.034168476957,
 "likelihood": 0,
 "prior": 119.034168476957,
 "TreeHeight.stacey": 0.853819892130168,
 "snapperCoalescentRate.stacey.1": 0.912377201726716,
 "snapperCoalescentRate.stacey.2": 1.06468573462738,
 "snapperCoalescentRate.stacey.3": 1.21829516397363,
 "snapperCoalescentRate.stacey.4": 0.867950720897797,
 "snapperCoalescentRate.stacey.5": 0.899204339672441,
 "snapperCoalescentRate.stacey.6": 1.08656312567861,
 "snapperCoalescentRate.stacey.7": 1.08880570338057,
 "snapperCoalescentRate.stacey.8": 0.871615996387195,
 "snapperCoalescentRate.stacey.9": 0.774578123381041,
 "snapperCoalescentRate.stacey.10": 1.02075356665121,
 "snapperCoalescentRate.stacey.11": 0.930426843297936,
 "snapperCoalescentRate.stacey.12": 0.969795445097375,
 "snapperCoalescentRate.stacey.13": 1.12106250998926,
 "snapperCoalescentRate.stacey.14": 0.952323027735244,
 "snapperCoalescentRate.stacey.15": 0.958508461790751,
 "snapperCoalescentRate.stacey.16": 1.2188330259992,
 "snapperCoalescentRate.stacey.17": 1.0328044042468,
 "snapperCoalescentRate.stacey.18": 1.0214571252315,
 "snapperCoalescentRate.stacey.19": 0.935268324165342,
 "snapperCoalescentRate.stacey.20": 1.02494301586759,
 "snapperCoalescentRate.stacey.21": 1.00864067895629,
 "snapperCoalescentRate.stacey.22": 1.02352164116108,
 "snapperCoalescentRate.stacey.23": 0.913366625047493,
 "snapperCoalescentRate.stacey.24": 1.0788081744735,
 "snapperCoalescentRate.stacey.25": 0.864192850582735,
 "snapperCoalescentRate.stacey.26": 1.13139811326373,
 "snapperCoalescentRate.stacey.27": 0.850919438455444,
 "snapperCoalescentRate.stacey.28": 1.06801414513285,
 "snapperCoalescentRate.stacey.29": 1.02746804149203,
 "snapperCoalescentRate.stacey.30": 0.922643815702484,
 "snapperCoalescentRate.stacey.31": 0.921289872677167,
 "snapperCoalescentRate.stacey.32": 1.03992428565921,
 "snapperCoalescentRate.stacey.33": 0.984732330224251,
 "snapperCoalescentRate.stacey.34": 1.04748739484508,
 "snapperCoalescentRate.stacey.35": 1.15314763024276,
 "snapperCoalescentRate.stacey.36": 0.935462627637009,
 "snapperCoalescentRate.stacey.37": 0.916360246051245,
 "snapperCoalescentRate.stacey.38": 0.966895057448559,
 "snapperCoalescentRate.stacey.39": 1.01893339040041,
 "snapperCoalescentRate.stacey.40": 1.04599563147348,
 "snapperCoalescentRate.stacey.41": 0.99644785925241,
 "snapperCoalescentRate.stacey.42": 1.18899135930677,
 "snapperCoalescentRate.stacey.43": 1.16554602516441,
 "snapperCoalescentRate.stacey.44": 1.02551472723397,
 "snapperCoalescentRate.stacey.45": 1.02884276184759,
 "snapperCoalescentRate.stacey.46": 1.08654924313147,
 "snapperCoalescentRate.stacey.47": 0.896730318829055,
 "snapperCoalescentRate.stacey.48": 1.01069821481575,
 "snapperCoalescentRate.stacey.49": 0.949701325746447,
 "snapperCoalescentRate.stacey.50": 0.874154822155783,
 "snapperCoalescentRate.stacey.51": 0.994512830540037,
 "snapperCoalescentRate.stacey.52": 1.03674556459116,
 "snapperCoalescentRate.stacey.53": 0.950173512887653,
 "snapperCoalescentRate.stacey.54": 1.06594538372856,
 "snapperCoalescentRate.stacey.55": 1.1099587174665,
 "snapperCoalescentRate.stacey.56": 1.07008764905493,
 "snapperCoalescentRate.stacey.57": 0.909451600312393,
 "snapperCoalescentRate.stacey.58": 1.0022548665,
 "snapperCoalescentRate.stacey.59": 0.875948668460862,
 "snapperCoalescentRate.stacey.60": 1.11185551021562,
 "snapperCoalescentRate.stacey.61": 0.994836277101643,
 "snapperCoalescentRate.stacey.62": 0.905711764457429,
 "snapperCoalescentRate.stacey.63": 0.923838239331514,
 "snapperCoalescentRate.stacey.64": 0.937144573202219,
 "snapperCoalescentRate.stacey.65": 0.933533433354248,
 "snapperCoalescentRate.stacey.66": 1.02734889899837,
 "snapperCoalescentRate.stacey.67": 1.01702578306428,
 "snapperCoalescentRate.stacey.68": 0.732104643762996,
 "snapperCoalescentRate.stacey.69": 1.06015118357864,
 "snapperCoalescentRate.stacey.70": 0.749212898521892,
 "snapperCoalescentRate.stacey.71": 0.821797405189384,
 "snapperCoalescentRate.stacey.72": 1.02545950443903,
 "snapperCoalescentRate.stacey.73": 0.896472979840357,
 "snapperCoalescentRate.stacey.74": 1.0894278096583,
 "snapperCoalescentRate.stacey.75": 0.837787032831144,
 "snapperCoalescentRate.stacey.76": 1.04800160644055,
 "snapperCoalescentRate.stacey.77": 0.956581162322278,
 "snapperCoalescentRate.stacey.78": 0.985688573169047,
 "snapperCoalescentRate.stacey.79": 0.921136479288075,
 "bdcGrowthRateRate.Species": 0.16944476295695,
 "relativeDeathRate.Species": 0,
 "collapseWeight.Species": 0.227063590044322,
 "originHeight.Species": 1.44305772858174e+98,
 "BirthDeathCollapseModel.Species": 47.2797099885992,
 "BirthRates.1": 2.60122077668049,
 "BirthRates.2": 2.20573413738676,
 "BirthRates.3": 1.05481007119533,
 "BirthRates.4": 6.19059830144309,
 "clusterCount": 32,