{
 "Sample": 38350000,
 "posterior": 388.520205799468,
 "likelihood": 0,
 "prior": 388.520205799468,
 "TreeHeight.stacey": 0.0959372226990891,
 "snapperCoalescentRate.stacey.1": 1.03470276160416,
 "snapperCoalescentRate.stacey.2": 0.936556591067984,
 "snapperCoalescentRate.stacey.3": 1.16834189725234,
 "snapperCoalescentRate.stacey.4": 1.25329126881265,
 "snapperCoalescentRate.stacey.5": 1.05605046159185,
 "snapperCoalescentRate.stacey.6": 1.02512315786569,
 "snapperCoalescentRate.stacey.7": 0.865353808145684,
 "snapperCoalescentRate.stacey.8": 1.07138321146424,
 "snapperCoalescentRate.stacey.9": 0.857832823414669,
 "snapperCoalescentRate.stacey.10": 0.929019759341522,
 "snapperCoalescentRate.stacey.11": 1.09576812913323,
 "snapperCoalescentRate.stacey.12": 0.866977798636833,
 "snapperCoalescentRate.stacey.13": 1.01011647743923,
 "snapperCoalescentRate.stacey.14": 1.00989324774793,
 "snapperCoalescentRate.stacey.15": 0.820571591692485,
 "snapperCoalescentRate.stacey.16": 0.973867077609775,
 "snapperCoalescentRate.stacey.17": 1.0541116184624,
 "snapperCoalescentRate.stacey.18": 0.976413923792489,
 "snapperCoalescentRate.stacey.19": 0.900271658113646,
 "snapperCoalescentRate.stacey.20": 1.06063609214017,
 "snapperCoalescentRate.stacey.21": 1.12085514365579,
 "snapperCoalescentRate.stacey.22": 0.92392910509798,
 "snapperCoalescentRate.stacey.23": 0.900249706540797,
 "snapperCoalescentRate.stacey.24": 0.869239426584124,
 "snapperCoalescentRate.stacey.25": 1.12985836380418,
 "snapperCoalescentRate.stacey.26": 1.04114139734547,
 "snapperCoalescentRate.stacey.27": 0.962760299048075,
 "snapperCoalescentRate.stacey.28": 1.03361625526433,
 "snapperCoalescentRate.stacey.29": 0.921408368598625,
 "snapperCoalescentRate.stacey.30": 1.00130351626407,
 "snapperCoalescentRate.stacey.31": 0.951953692999859,
 "snapperCoalescentRate.stacey.32": 0.900788261965772,
 "snapperCoalescentRate.stacey.33": 0.972009882572866,
 "snapperCoalescentRate.stacey.34": 0.957048734807224,
 "snapperCoalescentRate.stacey.35": 1.06179132751064,
 "snapperCoalescentRate.stacey.36": 1.01235621552542,
 "snapperCoalescentRate.stacey.37": 1.06015342279614,
 "snapperCoalescentRate.stacey.38": 0.94841147639863,
 "snapperCoalescentRate.stacey.39": 0.904376635176242,
 "snapperCoalescentRate.stacey.40": 1.11305463625354,
 "snapperCoalescentRate.stacey.41": 0.992812445390934,
 "snapperCoalescentRate.stacey.42": 1.14291191435343,
 "snapperCoalescentRate.stacey.43": 1.04198193156948,
 "snapperCoalescentRate.stacey.44": 0.819572197371016,
 "snapperCoalescentRate.stacey.45": 0.890548582609502,
 "snapperCoalescentRate.stacey.46": 1.08647794779794,
 "snapperCoalescentRate.stacey.47": 0.974721989348738,
 "snapperCoalescentRate.stacey.48": 1.0296875168632,
 "snapperCoalescentRate.stacey.49": 0.91756082299336,
 "snapperCoalescentRate.stacey.50": 0.945155573270482,
 "snapperCoalescentRate.stacey.51": 0.837400399040328,
 "snapperCoalescentRate.stacey.52": 0.990980349400545,
 "snapperCoalescentRate.stacey.53": 0.949503376995946,
 "snapperCoalescentRate.stacey.54": 1.12335125590969,
 "snapperCoalescentRate.stacey.55": 1.0620915097265,
 "snapperCoalescentRate.stacey.56": 0.800252701357949,
 "snapperCoalescentRate.stacey.57": 0.99097694525278,
 "snapperCoalescentRate.stacey.58": 0.849039065691422,
 "snapperCoalescentRate.stacey.59": 0.849558719330478,
 "snapperCoalescentRate.stacey.60": 1.09296254915123,
 "snapperCoalescentRate.stacey.61": 1.10950373951581,
 "snapperCoalescentRate.stacey.62": 0.951266462904949,
 "snapperCoalescentRate.stacey.63": 0.847312690903704,
 "snapperCoalescentRate.stacey.64": 0.920812468830438,
 "snapperCoalescentRate.stacey.65": 0.851602761913861,
 "snapperCoalescentRate.stacey.66": 1.14726880344659,
 "snapperCoalescentRate.stacey.67": 0.81238772404798,
 "snapperCoalescentRate.stacey.68": 1.01186575313146,
 "snapperCoalescentRate.stacey.69": 1.16520146951865,
 "snapperCoalescentRate.stacey.70": 1.0674782998663,
 "snapperCoalescentRate.stacey.71": 0.958262512366804,
 "snapperCoalescentRate.stacey.72": 0.819779034388724,
 "snapperCoalescentRate.stacey.73": 0.991687160049307,
 "snapperCoalescentRate.stacey.74": 1.18210433702958,
 "snapperCoalescentRate.stacey.75": 0.997094389385431,
 "snapperCoalescentRate.stacey.76": 1.0604553441465,
 "snapperCoalescentRate.stacey.77": 0.889249979489501,
 "snapperCoalescentRate.stacey.78": 0.981926041761971,
 "snapperCoalescentRate.stacey.79": 0.924694099910852,
 "bdcGrowthRateRate.Species": 0.279554265004619,
 "relativeDeathRate.Species": 0,
 "collapseWeight.Species": 0.935295696517007,
 "originHeight.Species": 2.76720665523386e+98,
 "BirthDeathCollapseModel.Species": 321.48223869433,
 "BirthRates.1": 100.076405069172,
 "BirthRates.2": 2.1157324125809,
 "BirthRates.3": 13.0733492004992,
 "BirthRates.4": 15.9539944420878,
 "clusterCount": 4,