{
 "Sample": 43650000,
 "posterior": 212.070113938953,
 "likelihood": 0,
 "prior": 212.070113938953,
 "TreeHeight.stacey": 0.362189036909163,
 "snapperCoalescentRate.stacey.1": 1.04057453787413,
 "snapperCoalescentRate.stacey.2": 0.957029100280343,
 "snapperCoalescentRate.stacey.3": 1.00892448350641,
 "snapperCoalescentRate.stacey.4": 0.920023165365517,
 "snapperCoalescentRate.stacey.5": 0.926629627384372,
 "snapperCoalescentRate.stacey.6": 0.992649923196515,
 "snapperCoalescentRate.stacey.7": 0.915534623739692,
 "snapperCoalescentRate.stacey.8": 1.00996855629023,
 "snapperCoalescentRate.stacey.9": 1.07843068618006,
 "snapperCoalescentRate.stacey.10": 0.957345550788374,
 "snapperCoalescentRate.stacey.11": 1.04479238517838,
 "snapperCoalescentRate.stacey.12": 1.04276951778529,
 "snapperCoalescentRate.stacey.13": 0.966459156437837,
 "snapperCoalescentRate.stacey.14": 1.04533168578664,
 "snapperCoalescentRate.stacey.15": 1.14529082942144,
 "snapperCoalescentRate.stacey.16": 1.01532618861069,
 "snapperCoalescentRate.stacey.17": 1.12135935317882,
 "snapperCoalescentRate.stacey.18": 1.01941581579401,
 "snapperCoalescentRate.stacey.19": 1.14132039966879,
 "snapperCoalescentRate.stacey.20": 0.984230862982025,
 "snapperCoalescentRate.stacey.21": 0.956933318673728,
 "snapperCoalescentRate.stacey.22": 0.877880882257854,
 "snapperCoalescentRate.stacey.23": 1.04171702141022,
 "snapperCoalescentRate.stacey.24": 0.813727269143473,
 "snapperCoalescentRate.stacey.25": 0.934724985208634,
 "snapperCoalescentRate.stacey.26": 1.07011055473534,
 "snapperCoalescentRate.stacey.27": 1.0030145048304,
 "snapperCoalescentRate.stacey.28": 1.11709412557855,
 "snapperCoalescentRate.stacey.29": 0.976856817398579,
 "snapperCoalescentRate.stacey.30": 0.722848013999753,
 "snapperCoalescentRate.stacey.31": 1.09202959729227,
 "snapperCoalescentRate.stacey.32": 1.00708648069586,
 "snapperCoalescentRate.stacey.33": 1.05145813988767,
 "snapperCoalescentRate.stacey.34": 1.08822500308834,
 "snapperCoalescentRate.stacey.35": 0.877490512358187,
 "snapperCoalescentRate.stacey.36": 1.0727859279356,
 "snapperCoalescentRate.stacey.37": 0.895599278529153,
 "snapperCoalescentRate.stacey.38": 0.828181807003424,
 "snapperCoalescentRate.stacey.39": 1.02835652252559,
 "snapperCoalescentRate.stacey.40": 0.891015489024574,
 "snapperCoalescentRate.stacey.41": 1.00463531679417,
 "snapperCoalescentRate.stacey.42": 1.01676095643506,
 "snapperCoalescentRate.stacey.43": 0.886275106979826,
 "snapperCoalescentRate.stacey.44": 1.1283829417547,
 "snapperCoalescentRate.stacey.45": 1.07414097456909,
 "snapperCoalescentRate.stacey.46": 0.873156373771872,
 "snapperCoalescentRate.stacey.47": 0.850979617241036,
 "snapperCoalescentRate.stacey.48": 0.923323869636845,
 "snapperCoalescentRate.stacey.49": 0.902580548639146,
 "snapperCoalescentRate.stacey.50": 0.94056313073463,
 "snapperCoalescentRate.stacey.51": 1.02434428888366,
 "snapperCoalescentRate.stacey.52": 0.976308774119429,
 "snapperCoalescentRate.stacey.53": 1.09885773286631,
 "snapperCoalescentRate.stacey.54": 0.950850240978334,
 "snapperCoalescentRate.stacey.55": 0.956691167981794,
 "snapperCoalescentRate.stacey.56": 0.951130570397255,
 "snapperCoalescentRate.stacey.57": 1.00862961456606,
 "snapperCoalescentRate.stacey.58": 1.17606720638817,
 "snapperCoalescentRate.stacey.59": 0.942631876812498,
 "snapperCoalescentRate.stacey.60": 0.844259268990104,
 "snapperCoalescentRate.stacey.61": 0.949460235949341,
 "snapperCoalescentRate.stacey.62": 1.08054425028227,
 "snapperCoalescentRate.stacey.63": 0.884282589677647,
 "snapperCoalescentRate.stacey.64": 0.972835843122827,
 "snapperCoalescentRate.stacey.65": 0.850341827077507,
 "snapperCoalescentRate.stacey.66": 1.01468588670309,
 "snapperCoalescentRate.stacey.67": 0.953990926598825,
 "snapperCoalescentRate.stacey.68": 0.90370758976543,
 "snapperCoalescentRate.stacey.69": 0.863599227321234,
 "snapperCoalescentRate.stacey.70": 1.00304046974447,
 "snapperCoalescentRate.stacey.71": 0.93513413821472,
 "snapperCoalescentRate.stacey.72": 1.05262099173253,
 "snapperCoalescentRate.stacey.73": 1.10528307848203,
 "snapperCoalescentRate.stacey.74": 1.00403574915324,
 "snapperCoalescentRate.stacey.75": 1.07542882783034,
 "snapperCoalescentRate.stacey.76": 1.10176070569777,
 "snapperCoalescentRate.stacey.77": 0.759334160625936,
 "snapperCoalescentRate.stacey.78": 1.04249418735559,
 "snapperCoalescentRate.stacey.79": 0.918544673917311,
 "bdcGrowthRateRate.Species": 0.229503759647877,
 "relativeDeathRate.Species": 0,
 "collapseWeight.Species": 0.368597318744374,
 "originHeight.Species": 4.46777284688537e+97,
 "BirthDeathCollapseModel.Species": 135.527117113952,
 "BirthRates.1": 12.2462597758907,
 "BirthRates.2": 1.00712697196592,
 "BirthRates.3": 7.53045846890884,
 "BirthRates.4": 10.4757567986397,
 "clusterCount": 24,