{
 "Sample": 25450000,
 "posterior": 162.076482806751,
 "likelihood": 0,
 "prior": 162.076482806751,
 "TreeHeight.stacey": 0.266953431782635,
 "snapperCoalescentRate.stacey.1": 0.99361563110936,
 "snapperCoalescentRate.stacey.2": 0.936081298669486,
 "snapperCoalescentRate.stacey.3": 0.847105072607057,
 "snapperCoalescentRate.stacey.4": 0.975833386004298,
 "snapperCoalescentRate.stacey.5": 1.00753826454334,
 "snapperCoalescentRate.stacey.6": 0.85802664268014,
 "snapperCoalescentRate.stacey.7": 0.966664439087771,
 "snapperCoalescentRate.stacey.8": 1.06255145958725,
 "snapperCoalescentRate.stacey.9": 1.08558207889528,
 "snapperCoalescentRate.stacey.10": 0.754574794061327,
 "snapperCoalescentRate.stacey.11": 0.847610134634826,
 "snapperCoalescentRate.stacey.12": 0.932552050905541,
 "snapperCoalescentRate.stacey.13": 0.946662929143305,
 "snapperCoalescentRate.stacey.14": 0.947318310752453,
 "snapperCoalescentRate.stacey.15": 0.916877738843627,
 "snapperCoalescentRate.stacey.16": 1.19615695084846,
 "snapperCoalescentRate.stacey.17": 1.04575562001391,
 "snapperCoalescentRate.stacey.18": 1.04299725469751,
 "snapperCoalescentRate.stacey.19": 0.979336824914922,
 "snapperCoalescentRate.stacey.20": 1.1003441648877,
 "snapperCoalescentRate.stacey.21": 1.10859218948824,
 "snapperCoalescentRate.stacey.22": 0.968626150164544,
 "snapperCoalescentRate.stacey.23": 0.957014803592503,
 "snapperCoalescentRate.stacey.24": 1.10092668674681,
 "snapperCoalescentRate.stacey.25": 1.06691201748082,
 "snapperCoalescentRate.stacey.26": 0.855766134631459,
 "snapperCoalescentRate.stacey.27": 0.971787492580704,
 "snapperCoalescentRate.stacey.28": 1.04168252976633,
 "snapperCoalescentRate.stacey.29": 1.05376961125543,
 "snapperCoalescentRate.stacey.30": 0.938073455727133,
 "snapperCoalescentRate.stacey.31": 1.0473589639986,
 "snapperCoalescentRate.stacey.32": 1.05185906568122,
 "snapperCoalescentRate.stacey.33": 1.08205153663304,
 "snapperCoalescentRate.stacey.34": 0.866169595780599,
 "snapperCoalescentRate.stacey.35": 1.06775394619462,
 "snapperCoalescentRate.stacey.36": 1.11841837911517,
 "snapperCoalescentRate.stacey.37": 0.999092375648146,
 "snapperCoalescentRate.stacey.38": 1.01537035574417,
 "snapperCoalescentRate.stacey.39": 0.915331668518482,
 "snapperCoalescentRate.stacey.40": 0.960340449503087,
 "snapperCoalescentRate.stacey.41": 0.970918594393218,
 "snapperCoalescentRate.stacey.42": 0.890654045635971,
 "snapperCoalescentRate.stacey.43": 0.87524422783944,
 "snapperCoalescentRate.stacey.44": 1.08786663516871,
 "snapperCoalescentRate.stacey.45": 0.99475288360257,
 "snapperCoalescentRate.stacey.46": 1.02284063734714,
 "snapperCoalescentRate.stacey.47": 0.957089966900339,
 "snapperCoalescentRate.stacey.48": 1.048374806781,
 "snapperCoalescentRate.stacey.49": 1.18778093507377,
 "snapperCoalescentRate.stacey.50": 0.755592317954764,
 "snapperCoalescentRate.stacey.51": 0.997900645123794,
 "snapperCoalescentRate.stacey.52": 0.932334116545028,
 "snapperCoalescentRate.stacey.53": 0.975578735059559,
 "snapperCoalescentRate.stacey.54": 0.968972825013742,
 "snapperCoalescentRate.stacey.55": 1.08470913490168,
 "snapperCoalescentRate.stacey.56": 0.958621417948022,
 "snapperCoalescentRate.stacey.57": 1.10678962803453,
 "snapperCoalescentRate.stacey.58": 1.02352247125538,
 "snapperCoalescentRate.stacey.59": 0.804804195029884,
 "snapperCoalescentRate.stacey.60": 0.949196376245492,
 "snapperCoalescentRate.stacey.61": 1.25142113203981,
 "snapperCoalescentRate.stacey.62": 0.919696491686584,
 "snapperCoalescentRate.stacey.63": 0.98211726228572,
 "snapperCoalescentRate.stacey.64": 0.919875830551836,
 "snapperCoalescentRate.stacey.65": 0.923995236915449,
 "snapperCoalescentRate.stacey.66": 0.942551411841702,
 "snapperCoalescentRate.stacey.67": 0.984097625676875,
 "snapperCoalescentRate.stacey.68": 1.0042318301053,
 "snapperCoalescentRate.stacey.69": 1.0200661820321,
 "snapperCoalescentRate.stacey.70": 1.04676633007126,
 "snapperCoalescentRate.stacey.71": 0.955428042798526,
 "snapperCoalescentRate.stacey.72": 0.963481015947837,
 "snapperCoalescentRate.stacey.73": 0.729205649703348,
 "snapperCoalescentRate.stacey.74": 0.881429386980459,
 "snapperCoalescentRate.stacey.75": 1.0168102697073,
 "snapperCoalescentRate.stacey.76": 1.02694261620178,
 "snapperCoalescentRate.stacey.77": 1.05115739164036,
 "snapperCoalescentRate.stacey.78": 0.954786470145211,
 "snapperCoalescentRate.stacey.79": 1.0038306458908,
 "bdcGrowthRateRate.Species": 0.135485609533125,
 "relativeDeathRate.Species": 0,
 "collapseWeight.Species": 0.142320070434002,
 "originHeight.Species": 3.79073294283706e+98,
 "BirthDeathCollapseModel.Species": 87.6977186681351,
 "BirthRates.1": 15.9151124492551,
 "BirthRates.2": 10.3305099811425,
 "BirthRates.3": 4.78472100902012,
 "BirthRates.4": 15.9363914683829,
 "clusterCount": 33,