{
 "Sample": 31250000,
 "posterior": 284.275638072238,
 "likelihood": 0,
 "prior": 284.275638072238,
 "TreeHeight.stacey": 0.213262160587739,
 "snapperCoalescentRate.stacey.1": 0.97827623873195,
 "snapperCoalescentRate.stacey.2": 1.02018217683617,
 "snapperCoalescentRate.stacey.3": 1.06122126099479,
 "snapperCoalescentRate.stacey.4": 1.11860648606755,
 "snapperCoalescentRate.stacey.5": 1.07160649651505,
 "snapperCoalescentRate.stacey.6": 1.02845173900261,
 "snapperCoalescentRate.stacey.7": 0.844945923949545,
 "snapperCoalescentRate.stacey.8": 0.8554915612862,
 "snapperCoalescentRate.stacey.9": 1.30759921379306,
 "snapperCoalescentRate.stacey.10": 1.03817821594284,
 "snapperCoalescentRate.stacey.11": 1.01329538456254,
 "snapperCoalescentRate.stacey.12": 0.907856940291527,
 "snapperCoalescentRate.stacey.13": 1.11620485755948,
 "snapperCoalescentRate.stacey.14": 0.980825042908759,
 "snapperCoalescentRate.stacey.15": 0.988015038166674,
 "snapperCoalescentRate.stacey.16": 0.93898978146116,
 "snapperCoalescentRate.stacey.17": 1.09317622019912,
 "snapperCoalescentRate.stacey.18": 1.02827061453651,
 "snapperCoalescentRate.stacey.19": 1.02286030244529,
 "snapperCoalescentRate.stacey.20": 1.05554206937149,
 "snapperCoalescentRate.stacey.21": 1.27626223074745,
 "snapperCoalescentRate.stacey.22": 0.955215436230544,
 "snapperCoalescentRate.stacey.23": 0.981597369001079,
 "snapperCoalescentRate.stacey.24": 1.02747244720623,
 "snapperCoalescentRate.stacey.25": 0.88270741682337,
 "snapperCoalescentRate.stacey.26": 1.01118337570138,
 "snapperCoalescentRate.stacey.27": 1.06624601918381,
 "snapperCoalescentRate.stacey.28": 1.00157491086561,
 "snapperCoalescentRate.stacey.29": 0.796319827047699,
 "snapperCoalescentRate.stacey.30": 0.949884066303097,
 "snapperCoalescentRate.stacey.31": 0.942661125620709,
 "snapperCoalescentRate.stacey.32": 1.07514410755869,
 "snapperCoalescentRate.stacey.33": 0.982505978996573,
 "snapperCoalescentRate.stacey.34": 1.02638006406836,
 "snapperCoalescentRate.stacey.35": 1.02357508508604,
 "snapperCoalescentRate.stacey.36": 1.00639066844583,
 "snapperCoalescentRate.stacey.37": 1.04875905331615,
 "snapperCoalescentRate.stacey.38": 0.92780785431755,
 "snapperCoalescentRate.stacey.39": 1.06661120933695,
 "snapperCoalescentRate.stacey.40": 1.12051470485361,
 "snapperCoalescentRate.stacey.41": 0.989104355928093,
 "snapperCoalescentRate.stacey.42": 1.0654437694217,
 "snapperCoalescentRate.stacey.43": 0.887501224229972,
 "snapperCoalescentRate.stacey.44": 1.02334975822286,
 "snapperCoalescentRate.stacey.45": 1.06788552680637,
 "snapperCoalescentRate.stacey.46": 1.03131867096909,
 "snapperCoalescentRate.stacey.47": 1.04507928624846,
 "snapperCoalescentRate.stacey.48": 1.01926148321149,
 "snapperCoalescentRate.stacey.49": 1.00997228408551,
 "snapperCoalescentRate.stacey.50": 1.11421419033323,
 "snapperCoalescentRate.stacey.51": 0.841492165720843,
 "snapperCoalescentRate.stacey.52": 0.778553525313123,
 "snapperCoalescentRate.stacey.53": 0.992074561763591,
 "snapperCoalescentRate.stacey.54": 1.08516003427566,
 "snapperCoalescentRate.stacey.55": 0.935578076603562,
 "snapperCoalescentRate.stacey.56": 1.07880963809378,
 "snapperCoalescentRate.stacey.57": 0.893997378847762,
 "snapperCoalescentRate.stacey.58": 1.01046848724401,
 "snapperCoalescentRate.stacey.59": 0.787021033375763,
 "snapperCoalescentRate.stacey.60": 1.0497896471364,
 "snapperCoalescentRate.stacey.61": 0.928016901288811,
 "snapperCoalescentRate.stacey.62": 0.90752686315779,
 "snapperCoalescentRate.stacey.63": 0.954482007365995,
 "snapperCoalescentRate.stacey.64": 1.00657469495816,
 "snapperCoalescentRate.stacey.65": 0.902004657399355,
 "snapperCoalescentRate.stacey.66": 0.988900941267383,
 "snapperCoalescentRate.stacey.67": 0.937827398254599,
 "snapperCoalescentRate.stacey.68": 1.0205155587255,
 "snapperCoalescentRate.stacey.69": 1.11475102903636,
 "snapperCoalescentRate.stacey.70": 0.854055894591139,
 "snapperCoalescentRate.stacey.71": 1.00480764225662,
 "snapperCoalescentRate.stacey.72": 1.11773808744565,
 "snapperCoalescentRate.stacey.73": 1.19147214372041,
 "snapperCoalescentRate.stacey.74": 0.934396832527366,
 "snapperCoalescentRate.stacey.75": 0.978493998214179,
 "snapperCoalescentRate.stacey.76": 1.22861678861404,
 "snapperCoalescentRate.stacey.77": 0.905536645830278,
 "snapperCoalescentRate.stacey.78": 0.925647492546432,
 "snapperCoalescentRate.stacey.79": 0.903806905469801,
 "bdcGrowthRateRate.Species": 0.242000552557697,
 "relativeDeathRate.Species": 0,
 "collapseWeight.Species": 0.552387612589393,
 "originHeight.Species": 2.33742958396246e+98,
 "BirthDeathCollapseModel.Species": 211.477273332839,
 "BirthRates.1": 30.2774894541002,
 "BirthRates.2": 4.17466744720003,
 "BirthRates.3": 15.2149856894152,
 "BirthRates.4": 13.383879022948,
 "clusterCount": 16,