{
 "Sample": 31750000,
 "posterior": 118.544992518515,
 "likelihood": 0,
 "prior": 118.544992518515,
 "TreeHeight.stacey": 0.413862217572481,
 "snapperCoalescentRate.stacey.1": 0.98581481324012,
 "snapperCoalescentRate.stacey.2": 1.07706068519401,
 "snapperCoalescentRate.stacey.3": 1.0413700861703,
 "snapperCoalescentRate.stacey.4": 0.878762170198819,
 "snapperCoalescentRate.stacey.5": 1.03713591110388,
 "snapperCoalescentRate.stacey.6": 1.00185038820032,
 "snapperCoalescentRate.stacey.7": 1.16918391572736,
 "snapperCoalescentRate.stacey.8": 1.01675502991953,
 "snapperCoalescentRate.stacey.9": 0.992574415377982,
 "snapperCoalescentRate.stacey.10": 1.08485832655272,
 "snapperCoalescentRate.stacey.11": 0.723693391311057,
 "snapperCoalescentRate.stacey.12": 1.11666236172995,
 "snapperCoalescentRate.stacey.13": 1.31172265254332,
 "snapperCoalescentRate.stacey.14": 1.0301668062828,
 "snapperCoalescentRate.stacey.15": 0.955911782880142,
 "snapperCoalescentRate.stacey.16": 1.03887194795173,
 "snapperCoalescentRate.stacey.17": 0.868537926292649,
 "snapperCoalescentRate.stacey.18": 1.13980089185625,
 "snapperCoalescentRate.stacey.19": 0.922530818731492,
 "snapperCoalescentRate.stacey.20": 0.851815836547695,
 "snapperCoalescentRate.stacey.21": 0.977139431383384,
 "snapperCoalescentRate.stacey.22": 0.891768836592072,
 "snapperCoalescentRate.stacey.23": 1.1662381741335,
 "snapperCoalescentRate.stacey.24": 0.992027407051712,
 "snapperCoalescentRate.stacey.25": 1.02571711604925,
 "snapperCoalescentRate.stacey.26": 1.01854379668564,
 "snapperCoalescentRate.stacey.27": 0.977756187672879,
 "snapperCoalescentRate.stacey.28": 0.931216959174226,
 "snapperCoalescentRate.stacey.29": 1.21920487910938,
 "snapperCoalescentRate.stacey.30": 1.075797240571,
 "snapperCoalescentRate.stacey.31": 0.920492152932237,
 "snapperCoalescentRate.stacey.32": 0.785942468360115,
 "snapperCoalescentRate.stacey.33": 0.887164742220476,
 "snapperCoalescentRate.stacey.34": 1.16040060779684,
 "snapperCoalescentRate.stacey.35": 1.26239650513607,
 "snapperCoalescentRate.stacey.36": 1.08739645224799,
 "snapperCoalescentRate.stacey.37": 0.91578156398195,
 "snapperCoalescentRate.stacey.38": 0.744831961127258,
 "snapperCoalescentRate.stacey.39": 0.961876323762681,
 "snapperCoalescentRate.stacey.40": 0.963377344804526,
 "snapperCoalescentRate.stacey.41": 0.919660192040021,
 "snapperCoalescentRate.stacey.42": 0.858550222027046,
 "snapperCoalescentRate.stacey.43": 1.08277790625891,
 "snapperCoalescentRate.stacey.44": 0.872861327006536,
 "snapperCoalescentRate.stacey.45": 0.917320604877987,
 "snapperCoalescentRate.stacey.46": 0.992144669213193,
 "snapperCoalescentRate.stacey.47": 1.02694619049913,
 "snapperCoalescentRate.stacey.48": 0.937116298297363,
 "snapperCoalescentRate.stacey.49": 1.01189184925412,
 "snapperCoalescentRate.stacey.50": 1.04065682931496,
 "snapperCoalescentRate.stacey.51": 1.01281452025831,
 "snapperCoalescentRate.stacey.52": 0.946508686862002,
 "snapperCoalescentRate.stacey.53": 1.1058951776244,
 "snapperCoalescentRate.stacey.54": 0.975429965115,
 "snapperCoalescentRate.stacey.55": 0.893294659508775,
 "snapperCoalescentRate.stacey.56": 1.12162325282737,
 "snapperCoalescentRate.stacey.57": 1.23314162646746,
 "snapperCoalescentRate.stacey.58": 1.01740291719524,
 "snapperCoalescentRate.stacey.59": 0.922777257122317,
 "snapperCoalescentRate.stacey.60": 1.1147255164925,
 "snapperCoalescentRate.stacey.61": 1.07082842376498,
 "snapperCoalescentRate.stacey.62": 1.02683053780977,
 "snapperCoalescentRate.stacey.63": 0.901326038475896,
 "snapperCoalescentRate.stacey.64": 0.947995366900174,
 "snapperCoalescentRate.stacey.65": 1.08051528522534,
 "snapperCoalescentRate.stacey.66": 0.868694659640236,
 "snapperCoalescentRate.stacey.67": 1.00267609277213,
 "snapperCoalescentRate.stacey.68": 0.950175450570667,
 "snapperCoalescentRate.stacey.69": 1.03783386949305,
 "snapperCoalescentRate.stacey.70": 0.893816238982471,
 "snapperCoalescentRate.stacey.71": 0.935927244549054,
 "snapperCoalescentRate.stacey.72": 1.04059005080265,
 "snapperCoalescentRate.stacey.73": 1.05034655238225,
 "snapperCoalescentRate.stacey.74": 0.937999029628869,
 "snapperCoalescentRate.stacey.75": 1.07304080870202,
 "snapperCoalescentRate.stacey.76": 0.995712744352618,
 "snapperCoalescentRate.stacey.77": 0.934281506662844,
 "snapperCoalescentRate.stacey.78": 0.9308591178343,
 "snapperCoalescentRate.stacey.79": 0.996113747291242,
 "bdcGrowthRateRate.Species": 0.188817159469124,
 "relativeDeathRate.Species": 0,
 "collapseWeight.Species": 0.184969693842108,
 "originHeight.Species": 9.75130167764811e+98,
 "BirthDeathCollapseModel.Species": 51.9539912241507,
 "BirthRates.1": 4.12019940473875,
 "BirthRates.2": 6.92900644798314,
 "BirthRates.3": 7.83732906109338,
 "BirthRates.4": 16.6319875797386,
 "clusterCount": 35,