{
 "Sample": 31000000,
 "posterior": 247.155468305634,
 "likelihood": 0,
 "prior": 247.155468305634,
 "TreeHeight.stacey": 0.399772296253419,
 "snapperCoalescentRate.stacey.1": 0.967290100004524,
 "snapperCoalescentRate.stacey.2": 1.09656964851479,
 "snapperCoalescentRate.stacey.3": 1.00031375758689,
 "snapperCoalescentRate.stacey.4": 1.02122684558164,
 "snapperCoalescentRate.stacey.5": 1.03554456694105,
 "snapperCoalescentRate.stacey.6": 0.932211631696861,
 "snapperCoalescentRate.stacey.7": 0.881922696639835,
 "snapperCoalescentRate.stacey.8": 1.00582353554073,
 "snapperCoalescentRate.stacey.9": 1.03203757489344,
 "snapperCoalescentRate.stacey.10": 0.834629643462241,
 "snapperCoalescentRate.stacey.11": 0.988195983227781,
 "snapperCoalescentRate.stacey.12": 0.811254046431066,
 "snapperCoalescentRate.stacey.13": 0.873000599477952,
 "snapperCoalescentRate.stacey.14": 0.98381268816773,
 "snapperCoalescentRate.stacey.15": 1.0371320937219,
 "snapperCoalescentRate.stacey.16": 0.896617761918371,
 "snapperCoalescentRate.stacey.17": 1.2873713697277,
 "snapperCoalescentRate.stacey.18": 1.00001441694025,
 "snapperCoalescentRate.stacey.19": 1.11949012705208,
 "snapperCoalescentRate.stacey.20": 0.898983004490896,
 "snapperCoalescentRate.stacey.21": 1.15500671105696,
 "snapperCoalescentRate.stacey.22": 1.10504063512253,
 "snapperCoalescentRate.stacey.23": 0.907185382139259,
 "snapperCoalescentRate.stacey.24": 0.906981567158536,
 "snapperCoalescentRate.stacey.25": 1.03880539298772,
 "snapperCoalescentRate.stacey.26": 1.06460381529316,
 "snapperCoalescentRate.stacey.27": 0.894617555030808,
 "snapperCoalescentRate.stacey.28": 0.934171646627541,
 "snapperCoalescentRate.stacey.29": 0.989371518852413,
 "snapperCoalescentRate.stacey.30": 1.14275574398804,
 "snapperCoalescentRate.stacey.31": 0.907420026615823,
 "snapperCoalescentRate.stacey.32": 0.954403216499352,
 "snapperCoalescentRate.stacey.33": 1.04975590990707,
 "snapperCoalescentRate.stacey.34": 0.745302792973176,
 "snapperCoalescentRate.stacey.35": 0.991128385942856,
 "snapperCoalescentRate.stacey.36": 0.811293872361461,
 "snapperCoalescentRate.stacey.37": 1.0553027366678,
 "snapperCoalescentRate.stacey.38": 1.01681345530051,
 "snapperCoalescentRate.stacey.39": 0.932468984902187,
 "snapperCoalescentRate.stacey.40": 1.07843360697949,
 "snapperCoalescentRate.stacey.41": 0.98828953274927,
 "snapperCoalescentRate.stacey.42": 1.02220508421481,
 "snapperCoalescentRate.stacey.43": 0.849194260270057,
 "snapperCoalescentRate.stacey.44": 1.05103471830676,
 "snapperCoalescentRate.stacey.45": 0.836464276269797,
 "snapperCoalescentRate.stacey.46": 1.12880114709334,
 "snapperCoalescentRate.stacey.47": 0.881719757194235,
 "snapperCoalescentRate.stacey.48": 0.941836902720362,
 "snapperCoalescentRate.stacey.49": 1.04308895898155,
 "snapperCoalescentRate.stacey.50": 1.12958441875064,
 "snapperCoalescentRate.stacey.51": 1.01942071390524,
 "snapperCoalescentRate.stacey.52": 0.997644560067038,
 "snapperCoalescentRate.stacey.53": 0.867959489098598,
 "snapperCoalescentRate.stacey.54": 0.888839713239563,
 "snapperCoalescentRate.stacey.55": 0.959593371489452,
 "snapperCoalescentRate.stacey.56": 1.00370126324243,
 "snapperCoalescentRate.stacey.57": 1.00394485379856,
 "snapperCoalescentRate.stacey.58": 1.02531824701297,
 "snapperCoalescentRate.stacey.59": 1.13466854017321,
 "snapperCoalescentRate.stacey.60": 1.0505359734525,
 "snapperCoalescentRate.stacey.61": 0.763005719748157,
 "snapperCoalescentRate.stacey.62": 0.836164266409951,
 "snapperCoalescentRate.stacey.63": 0.761899048168414,
 "snapperCoalescentRate.stacey.64": 1.03982044304398,
 "snapperCoalescentRate.stacey.65": 1.11572099979275,
 "snapperCoalescentRate.stacey.66": 1.19938438610257,
 "snapperCoalescentRate.stacey.67": 1.04516807330055,
 "snapperCoalescentRate.stacey.68": 0.981826691136492,
 "snapperCoalescentRate.stacey.69": 1.11045912954946,
 "snapperCoalescentRate.stacey.70": 1.10064025746323,
 "snapperCoalescentRate.stacey.71": 0.964443584280506,
 "snapperCoalescentRate.stacey.72": 0.835703733103491,
 "snapperCoalescentRate.stacey.73": 0.88415971906714,
 "snapperCoalescentRate.stacey.74": 1.09956989957289,
 "snapperCoalescentRate.stacey.75": 0.966249944729969,
 "snapperCoalescentRate.stacey.76": 1.03551394352193,
 "snapperCoalescentRate.stacey.77": 1.02962026477445,
 "snapperCoalescentRate.stacey.78": 1.1385744226038,
 "snapperCoalescentRate.stacey.79": 0.855949655285166,
 "bdcGrowthRateRate.Species": 0.294472724647247,
 "relativeDeathRate.Species": 0,
 "collapseWeight.Species": 0.454827605023549,
 "originHeight.Species": 6.1861626362635e+97,
 "BirthDeathCollapseModel.Species": 184.805116292719,
 "BirthRates.1": 20.9274133555314,
 "BirthRates.2": 5.00961046688454,
 "BirthRates.3": 7.17175702799453,
 "BirthRates.4": 11.0321335881602,
 "clusterCount": 18,