{
 "Sample": 41650000,
 "posterior": 128.914394178425,
 "likelihood": 0,
 "prior": 128.914394178425,
 "TreeHeight.stacey": 0.565042972764364,
 "snapperCoalescentRate.stacey.1": 1.05922080181422,
 "snapperCoalescentRate.stacey.2": 0.914532110657131,
 "snapperCoalescentRate.stacey.3": 1.04204657577363,
 "snapperCoalescentRate.stacey.4": 0.981305902192264,
 "snapperCoalescentRate.stacey.5": 0.92492722439517,
 "snapperCoalescentRate.stacey.6": 0.870975719770411,
 "snapperCoalescentRate.stacey.7": 1.04142244488587,
 "snapperCoalescentRate.stacey.8": 0.943426935060433,
 "snapperCoalescentRate.stacey.9": 1.02994211121919,
 "snapperCoalescentRate.stacey.10": 1.06985437233665,
 "snapperCoalescentRate.stacey.11": 1.07018063980126,
 "snapperCoalescentRate.stacey.12": 1.11638214609034,
 "snapperCoalescentRate.stacey.13": 0.946240730086902,
 "snapperCoalescentRate.stacey.14": 1.10617837914818,
 "snapperCoalescentRate.stacey.15": 1.04323918648548,
 "snapperCoalescentRate.stacey.16": 1.04234270733238,
 "snapperCoalescentRate.stacey.17": 1.09592375651991,
 "snapperCoalescentRate.stacey.18": 1.06686487599822,
 "snapperCoalescentRate.stacey.19": 1.01761636191292,
 "snapperCoalescentRate.stacey.20": 1.0074682469359,
 "snapperCoalescentRate.stacey.21": 1.01545925461692,
 "snapperCoalescentRate.stacey.22": 1.05358852124036,
 "snapperCoalescentRate.stacey.23": 0.927804712157457,
 "snapperCoalescentRate.stacey.24": 0.840781493663663,
 "snapperCoalescentRate.stacey.25": 0.930050898371741,
 "snapperCoalescentRate.stacey.26": 0.98841595814063,
 "snapperCoalescentRate.stacey.27": 0.96487691204997,
 "snapperCoalescentRate.stacey.28": 0.894865906345151,
 "snapperCoalescentRate.stacey.29": 1.07805305328137,
 "snapperCoalescentRate.stacey.30": 1.17599873834553,
 "snapperCoalescentRate.stacey.31": 1.07945688446399,
 "snapperCoalescentRate.stacey.32": 0.994357940742708,
 "snapperCoalescentRate.stacey.33": 1.04337346133166,
 "snapperCoalescentRate.stacey.34": 0.961771387651256,
 "snapperCoalescentRate.stacey.35": 1.15996359365559,
 "snapperCoalescentRate.stacey.36": 1.20374548672958,
 "snapperCoalescentRate.stacey.37": 0.965472273988878,
 "snapperCoalescentRate.stacey.38": 1.11099277134669,
 "snapperCoalescentRate.stacey.39": 1.0752360300747,
 "snapperCoalescentRate.stacey.40": 0.920505913573226,
 "snapperCoalescentRate.stacey.41": 1.14749823980263,
 "snapperCoalescentRate.stacey.42": 0.86993314749089,
 "snapperCoalescentRate.stacey.43": 1.1114322237041,
 "snapperCoalescentRate.stacey.44": 1.16446142198473,
 "snapperCoalescentRate.stacey.45": 1.2078486038131,
 "snapperCoalescentRate.stacey.46": 1.05598484328791,
 "snapperCoalescentRate.stacey.47": 1.11616527707737,
 "snapperCoalescentRate.stacey.48": 1.07016737177652,
 "snapperCoalescentRate.stacey.49": 1.09818614714288,
 "snapperCoalescentRate.stacey.50": 1.17119964855595,
 "snapperCoalescentRate.stacey.51": 0.964666985852153,
 "snapperCoalescentRate.stacey.52": 0.882933309398354,
 "snapperCoalescentRate.stacey.53": 0.89328658096546,
 "snapperCoalescentRate.stacey.54": 0.814934589524386,
 "snapperCoalescentRate.stacey.55": 1.02274936246671,
 "snapperCoalescentRate.stacey.56": 1.10136311308493,
 "snapperCoalescentRate.stacey.57": 1.14628855252443,
 "snapperCoalescentRate.stacey.58": 1.00236755375009,
 "snapperCoalescentRate.stacey.59": 1.05088740689389,
 "snapperCoalescentRate.stacey.60": 1.0628163628542,
 "snapperCoalescentRate.stacey.61": 0.838843907243442,
 "snapperCoalescentRate.stacey.62": 0.791393942648677,
 "snapperCoalescentRate.stacey.63": 0.886318301325019,
 "snapperCoalescentRate.stacey.64": 1.00044218644051,
 "snapperCoalescentRate.stacey.65": 0.854044557932907,
 "snapperCoalescentRate.stacey.66": 0.924718850073949,
 "snapperCoalescentRate.stacey.67": 0.993097876109452,
 "snapperCoalescentRate.stacey.68": 1.02248923569833,
 "snapperCoalescentRate.stacey.69": 0.920897620267346,
 "snapperCoalescentRate.stacey.70": 1.21362892109435,
 "snapperCoalescentRate.stacey.71": 1.00714087802858,
 "snapperCoalescentRate.stacey.72": 0.884827106096982,
 "snapperCoalescentRate.stacey.73": 0.915227350599408,
 "snapperCoalescentRate.stacey.74": 1.04608880340018,
 "snapperCoalescentRate.stacey.75": 0.80872598088865,
 "snapperCoalescentRate.stacey.76": 0.925150163401756,
 "snapperCoalescentRate.stacey.77": 0.968244679956115,
 "snapperCoalescentRate.stacey.78": 1.15522676964844,
 "snapperCoalescentRate.stacey.79": 1.05080099703874,
 "bdcGrowthRateRate.Species": 0.19752688541832,
 "relativeDeathRate.Species": 0,
 "collapseWeight.Species": 0.124427646169534,
 "originHeight.Species": 6.20816841485593e+98,
 "BirthDeathCollapseModel.Species": 58.1762207947837,
 "BirthRates.1": 0.630458159463919,
 "BirthRates.2": 0.0667922024302137,
 "BirthRates.3": 2.02526754277707,
 "BirthRates.4": 19.38069362477,
 "clusterCount": 36,