{
 "Sample": 39350000,
 "posterior": 87.4028802564039,
 "likelihood": 0,
 "prior": 87.4028802564039,
 "TreeHeight.stacey": 0.577815926046031,
 "snapperCoalescentRate.stacey.1": 0.872432372924029,
 "snapperCoalescentRate.stacey.2": 1.00468829530938,
 "snapperCoalescentRate.stacey.3": 0.939690932935653,
 "snapperCoalescentRate.stacey.4": 0.953025041451994,
 "snapperCoalescentRate.stacey.5": 0.982743133188923,
 "snapperCoalescentRate.stacey.6": 0.978220656633691,
 "snapperCoalescentRate.stacey.7": 0.950670287058814,
 "snapperCoalescentRate.stacey.8": 0.96059959206048,
 "snapperCoalescentRate.stacey.9": 0.954509743562127,
 "snapperCoalescentRate.stacey.10": 1.02326709571403,
 "snapperCoalescentRate.stacey.11": 0.996598657773576,
 "snapperCoalescentRate.stacey.12": 1.37275796181206,
 "snapperCoalescentRate.stacey.13": 1.02266291198901,
 "snapperCoalescentRate.stacey.14": 1.02727539080549,
 "snapperCoalescentRate.stacey.15": 1.09654553082294,
 "snapperCoalescentRate.stacey.16": 0.838194457933837,
 "snapperCoalescentRate.stacey.17": 1.02345630969636,
 "snapperCoalescentRate.stacey.18": 0.993523672800551,
 "snapperCoalescentRate.stacey.19": 0.84896390775895,
 "snapperCoalescentRate.stacey.20": 1.07279026951259,
 "snapperCoalescentRate.stacey.21": 1.12779311127521,
 "snapperCoalescentRate.stacey.22": 0.931673856512931,
 "snapperCoalescentRate.stacey.23": 0.925025161585147,
 "snapperCoalescentRate.stacey.24": 0.965266494310709,
 "snapperCoalescentRate.stacey.25": 1.08403024013116,
 "snapperCoalescentRate.stacey.26": 1.21258682101928,
 "snapperCoalescentRate.stacey.27": 0.922969248331193,
 "snapperCoalescentRate.stacey.28": 0.907667758875708,
 "snapperCoalescentRate.stacey.29": 1.04544239928401,
 "snapperCoalescentRate.stacey.30": 0.949615729847651,
 "snapperCoalescentRate.stacey.31": 0.882451691448414,
 "snapperCoalescentRate.stacey.32": 1.02937414737034,
 "snapperCoalescentRate.stacey.33": 1.09917527333139,
 "snapperCoalescentRate.stacey.34": 1.02137753205865,
 "snapperCoalescentRate.stacey.35": 0.933537964854935,
 "snapperCoalescentRate.stacey.36": 0.903329671421138,
 "snapperCoalescentRate.stacey.37": 1.08656661309631,
 "snapperCoalescentRate.stacey.38": 0.857863311049384,
 "snapperCoalescentRate.stacey.39": 1.15084926117431,
 "snapperCoalescentRate.stacey.40": 0.826687319954024,
 "snapperCoalescentRate.stacey.41": 1.17740336328658,
 "snapperCoalescentRate.stacey.42": 1.0865796653006,
 "snapperCoalescentRate.stacey.43": 1.01781639972233,
 "snapperCoalescentRate.stacey.44": 0.805493002432111,
 "snapperCoalescentRate.stacey.45": 1.10701307570135,
 "snapperCoalescentRate.stacey.46": 1.04209127205394,
 "snapperCoalescentRate.stacey.47": 1.11241971911731,
 "snapperCoalescentRate.stacey.48": 0.961831892807506,
 "snapperCoalescentRate.stacey.49": 1.07596563190573,
 "snapperCoalescentRate.stacey.50": 0.953006307998764,
 "snapperCoalescentRate.stacey.51": 0.949491007640373,
 "snapperCoalescentRate.stacey.52": 0.943730196732616,
 "snapperCoalescentRate.stacey.53": 0.948174454516641,
 "snapperCoalescentRate.stacey.54": 0.967652635097591,
 "snapperCoalescentRate.stacey.55": 1.13871557039407,
 "snapperCoalescentRate.stacey.56": 1.08290373282752,
 "snapperCoalescentRate.stacey.57": 1.03840492780094,
 "snapperCoalescentRate.stacey.58": 1.05841288386038,
 "snapperCoalescentRate.stacey.59": 0.931645362762148,
 "snapperCoalescentRate.stacey.60": 0.989446248657872,
 "snapperCoalescentRate.stacey.61": 0.793069758678002,
 "snapperCoalescentRate.stacey.62": 0.985922510094543,
 "snapperCoalescentRate.stacey.63": 0.983196241592543,
 "snapperCoalescentRate.stacey.64": 1.15674234479664,
 "snapperCoalescentRate.stacey.65": 1.05515468584186,
 "snapperCoalescentRate.stacey.66": 0.995318750869057,
 "snapperCoalescentRate.stacey.67": 1.02188284515472,
 "snapperCoalescentRate.stacey.68": 1.1393335379334,
 "snapperCoalescentRate.stacey.69": 1.06705444466203,
 "snapperCoalescentRate.stacey.70": 1.00849550729747,
 "snapperCoalescentRate.stacey.71": 0.968937805985076,
 "snapperCoalescentRate.stacey.72": 1.08449919731105,
 "snapperCoalescentRate.stacey.73": 0.826684967273426,
 "snapperCoalescentRate.stacey.74": 1.07494873492224,
 "snapperCoalescentRate.stacey.75": 1.22564407070595,
 "snapperCoalescentRate.stacey.76": 1.01525475805001,
 "snapperCoalescentRate.stacey.77": 0.861056222314601,
 "snapperCoalescentRate.stacey.78": 1.1017555273684,
 "snapperCoalescentRate.stacey.79": 1.20104227400527,
 "bdcGrowthRateRate.Species": 0.164558489527824,
 "relativeDeathRate.Species": 0,
 "collapseWeight.Species": 0.0701292923026544,
 "originHeight.Species": 9.4875903405043e+98,
 "BirthDeathCollapseModel.Species": 17.9056067639631,
 "BirthRates.1": 2.85936217794345,
 "BirthRates.2": 4.79928542505963,
 "BirthRates.3": 6.51461503731968,
 "BirthRates.4": 8.12282560180409,
 "clusterCount": 38,