{
 "Sample": 50000000,
 "posterior": 396.30554648593,
 "likelihood": 0,
 "prior": 396.30554648593,
 "TreeHeight.stacey": 0.353181328261723,
 "snapperCoalescentRate.stacey.1": 0.903951444104822,
 "snapperCoalescentRate.stacey.2": 0.94489409567148,
 "snapperCoalescentRate.stacey.3": 0.863834609873006,
 "snapperCoalescentRate.stacey.4": 1.04669899396054,
 "snapperCoalescentRate.stacey.5": 1.01249543754246,
 "snapperCoalescentRate.stacey.6": 0.928044791230048,
 "snapperCoalescentRate.stacey.7": 0.945198713316413,
 "snapperCoalescentRate.stacey.8": 0.985761679304256,
 "snapperCoalescentRate.stacey.9": 0.835996716969484,
 "snapperCoalescentRate.stacey.10": 0.980245957885449,
 "snapperCoalescentRate.stacey.11": 0.948427753305259,
 "snapperCoalescentRate.stacey.12": 1.0722071916092,
 "snapperCoalescentRate.stacey.13": 1.10675299885484,
 "snapperCoalescentRate.stacey.14": 0.942064171926362,
 "snapperCoalescentRate.stacey.15": 1.03110216673056,
 "snapperCoalescentRate.stacey.16": 0.92158155900565,
 "snapperCoalescentRate.stacey.17": 1.05332394325556,
 "snapperCoalescentRate.stacey.18": 1.04278371847729,
 "snapperCoalescentRate.stacey.19": 1.02283222537408,
 "snapperCoalescentRate.stacey.20": 1.07103183266389,
 "snapperCoalescentRate.stacey.21": 1.01782270898381,
 "snapperCoalescentRate.stacey.22": 1.02986694792158,
 "snapperCoalescentRate.stacey.23": 1.03047307594066,
 "snapperCoalescentRate.stacey.24": 0.806884708008636,
 "snapperCoalescentRate.stacey.25": 1.00025562071338,
 "snapperCoalescentRate.stacey.26": 1.05283578804747,
 "snapperCoalescentRate.stacey.27": 1.02049697880692,
 "snapperCoalescentRate.stacey.28": 0.959234598545298,
 "snapperCoalescentRate.stacey.29": 1.03437319445641,
 "snapperCoalescentRate.stacey.30": 0.960595381253326,
 "snapperCoalescentRate.stacey.31": 0.993199637822445,
 "snapperCoalescentRate.stacey.32": 0.974344705317645,
 "snapperCoalescentRate.stacey.33": 0.980304951717545,
 "snapperCoalescentRate.stacey.34": 1.03016455364159,
 "snapperCoalescentRate.stacey.35": 0.899403320542198,
 "snapperCoalescentRate.stacey.36": 1.12133016042982,
 "snapperCoalescentRate.stacey.37": 0.935756676316987,
 "snapperCoalescentRate.stacey.38": 0.918467373008078,
 "snapperCoalescentRate.stacey.39": 1.09538048348234,
 "snapperCoalescentRate.stacey.40": 0.895784412565878,
 "snapperCoalescentRate.stacey.41": 0.985341212457987,
 "snapperCoalescentRate.stacey.42": 1.17516017775138,
 "snapperCoalescentRate.stacey.43": 1.0553820478167,
 "snapperCoalescentRate.stacey.44": 0.973528325469214,
 "snapperCoalescentRate.stacey.45": 1.00194038511988,
 "snapperCoalescentRate.stacey.46": 1.1859513961621,
 "snapperCoalescentRate.stacey.47": 0.852331652570387,
 "snapperCoalescentRate.stacey.48": 1.00984584196932,
 "snapperCoalescentRate.stacey.49": 1.10642112975657,
 "snapperCoalescentRate.stacey.50": 1.08365768588213,
 "snapperCoalescentRate.stacey.51": 0.957271013813483,
 "snapperCoalescentRate.stacey.52": 1.13366340497104,
 "snapperCoalescentRate.stacey.53": 0.975508956552196,
 "snapperCoalescentRate.stacey.54": 1.05533027501583,
 "snapperCoalescentRate.stacey.55": 0.979991389273263,
 "snapperCoalescentRate.stacey.56": 1.02756478342875,
 "snapperCoalescentRate.stacey.57": 0.908181334340864,
 "snapperCoalescentRate.stacey.58": 1.05700695139379,
 "snapperCoalescentRate.stacey.59": 1.00169878889365,
 "snapperCoalescentRate.stacey.60": 0.986919990454545,
 "snapperCoalescentRate.stacey.61": 1.10366312856654,
 "snapperCoalescentRate.stacey.62": 0.963768864155194,
 "snapperCoalescentRate.stacey.63": 0.93977204810916,
 "snapperCoalescentRate.stacey.64": 0.96891492356178,
 "snapperCoalescentRate.stacey.65": 0.915608203187754,
 "snapperCoalescentRate.stacey.66": 0.939588880317623,
 "snapperCoalescentRate.stacey.67": 1.1770268580192,
 "snapperCoalescentRate.stacey.68": 1.13785392007602,
 "snapperCoalescentRate.stacey.69": 1.30628174231029,
 "snapperCoalescentRate.stacey.70": 0.936465533483063,
 "snapperCoalescentRate.stacey.71": 0.848303337165737,
 "snapperCoalescentRate.stacey.72": 0.884482282435347,
 "snapperCoalescentRate.stacey.73": 0.898064309686211,
 "snapperCoalescentRate.stacey.74": 1.01881352101281,
 "snapperCoalescentRate.stacey.75": 0.97611506331883,
 "snapperCoalescentRate.stacey.76": 1.00149654024847,
 "snapperCoalescentRate.stacey.77": 1.03840885352403,
 "snapperCoalescentRate.stacey.78": 1.05358227201831,
 "snapperCoalescentRate.stacey.79": 0.916629801485917,
 "bdcGrowthRateRate.Species": 0.294297890164936,
 "relativeDeathRate.Species": 0,
 "collapseWeight.Species": 0.928345412645414,
 "originHeight.Species": 2.57803180785371e+98,
 "BirthDeathCollapseModel.Species": 317.925480246436,
 "BirthRates.1": 35.4347364377326,
 "BirthRates.2": 3.91516197037045,
 "BirthRates.3": 2.96599505170321,
 "BirthRates.4": 9.13000605341193,
 "clusterCount": 4,