{
 "Sample": 26200000,
 "posterior": 193.206723913657,
 "likelihood": 0,
 "prior": 193.206723913657,
 "TreeHeight.stacey": 0.288849310471779,
 "snapperCoalescentRate.stacey.1": 0.924400772019933,
 "snapperCoalescentRate.stacey.2": 0.861944163823153,
 "snapperCoalescentRate.stacey.3": 0.956339843456739,
 "snapperCoalescentRate.stacey.4": 1.09194252374605,
 "snapperCoalescentRate.stacey.5": 1.14138940008527,
 "snapperCoalescentRate.stacey.6": 0.979157011227536,
 "snapperCoalescentRate.stacey.7": 1.03380019645407,
 "snapperCoalescentRate.stacey.8": 1.12941781050092,
 "snapperCoalescentRate.stacey.9": 1.07596756968566,
 "snapperCoalescentRate.stacey.10": 0.97153151809046,
 "snapperCoalescentRate.stacey.11": 0.86536330451791,
 "snapperCoalescentRate.stacey.12": 0.963647468983388,
 "snapperCoalescentRate.stacey.13": 1.06925248160748,
 "snapperCoalescentRate.stacey.14": 1.01828525888857,
 "snapperCoalescentRate.stacey.15": 1.12124654084455,
 "snapperCoalescentRate.stacey.16": 0.908018379783067,
 "snapperCoalescentRate.stacey.17": 0.865861830866014,
 "snapperCoalescentRate.stacey.18": 0.967233824910993,
 "snapperCoalescentRate.stacey.19": 1.10186016335662,
 "snapperCoalescentRate.stacey.20": 1.00958114457467,
 "snapperCoalescentRate.stacey.21": 1.0596417198805,
 "snapperCoalescentRate.stacey.22": 1.06161527631922,
 "snapperCoalescentRate.stacey.23": 1.12075120778236,
 "snapperCoalescentRate.stacey.24": 1.03345871521921,
 "snapperCoalescentRate.stacey.25": 0.871035386989806,
 "snapperCoalescentRate.stacey.26": 1.08431821548742,
 "snapperCoalescentRate.stacey.27": 0.893732811126483,
 "snapperCoalescentRate.stacey.28": 0.965944613458391,
 "snapperCoalescentRate.stacey.29": 1.02764882582004,
 "snapperCoalescentRate.stacey.30": 0.875501672315681,
 "snapperCoalescentRate.stacey.31": 0.971213021533663,
 "snapperCoalescentRate.stacey.32": 0.95782010541552,
 "snapperCoalescentRate.stacey.33": 1.10815100646439,
 "snapperCoalescentRate.stacey.34": 0.967308336176322,
 "snapperCoalescentRate.stacey.35": 0.819102872601833,
 "snapperCoalescentRate.stacey.36": 0.843095409585327,
 "snapperCoalescentRate.stacey.37": 0.900064906578606,
 "snapperCoalescentRate.stacey.38": 1.16833053344315,
 "snapperCoalescentRate.stacey.39": 0.887066998266874,
 "snapperCoalescentRate.stacey.40": 1.07957802367735,
 "snapperCoalescentRate.stacey.41": 1.09288855192433,
 "snapperCoalescentRate.stacey.42": 0.949417917300941,
 "snapperCoalescentRate.stacey.43": 0.959703916871073,
 "snapperCoalescentRate.stacey.44": 0.894640492542155,
 "snapperCoalescentRate.stacey.45": 1.02059956506126,
 "snapperCoalescentRate.stacey.46": 1.00954234625105,
 "snapperCoalescentRate.stacey.47": 0.98398962025242,
 "snapperCoalescentRate.stacey.48": 1.03650410808761,
 "snapperCoalescentRate.stacey.49": 0.951340783904861,
 "snapperCoalescentRate.stacey.50": 1.09832374700421,
 "snapperCoalescentRate.stacey.51": 1.00077698597802,
 "snapperCoalescentRate.stacey.52": 0.895881201560506,
 "snapperCoalescentRate.stacey.53": 1.07524792997384,
 "snapperCoalescentRate.stacey.54": 1.09333568096377,
 "snapperCoalescentRate.stacey.55": 0.854176119690533,
 "snapperCoalescentRate.stacey.56": 1.15001667582223,
 "snapperCoalescentRate.stacey.57": 0.99269036023999,
 "snapperCoalescentRate.stacey.58": 0.965195338023774,
 "snapperCoalescentRate.stacey.59": 0.857597117644439,
 "snapperCoalescentRate.stacey.60": 0.930603304069146,
 "snapperCoalescentRate.stacey.61": 0.984260741504625,
 "snapperCoalescentRate.stacey.62": 1.17405497261819,
 "snapperCoalescentRate.stacey.63": 1.04250646670256,
 "snapperCoalescentRate.stacey.64": 1.07226605754582,
 "snapperCoalescentRate.stacey.65": 0.940518810265459,
 "snapperCoalescentRate.stacey.66": 1.04594205916011,
 "snapperCoalescentRate.stacey.67": 1.09134636786114,
 "snapperCoalescentRate.stacey.68": 1.00351722576152,
 "snapperCoalescentRate.stacey.69": 1.01735991848319,
 "snapperCoalescentRate.stacey.70": 0.946681008762066,
 "snapperCoalescentRate.stacey.71": 1.10506140703208,
 "snapperCoalescentRate.stacey.72": 1.03401505463375,
 "snapperCoalescentRate.stacey.73": 1.07278428635281,
 "snapperCoalescentRate.stacey.74": 0.824542996480071,
 "snapperCoalescentRate.stacey.75": 0.929517707980183,
 "snapperCoalescentRate.stacey.76": 1.07928223738915,
 "snapperCoalescentRate.stacey.77": 0.997356965679166,
 "snapperCoalescentRate.stacey.78": 1.07351552879866,
 "snapperCoalescentRate.stacey.79": 0.939228087962239,
 "bdcGrowthRateRate.Species": 0.27413161087925,
 "relativeDeathRate.Species": 0,
 "collapseWeight.Species": 0.325089807244921,
 "originHeight.Species": 1.51334509394577e+98,
 "BirthDeathCollapseModel.Species": 114.159641991442,
 "BirthRates.1": 8.87467683774183,
 "BirthRates.2": 3.73027498013767,
 "BirthRates.3": 18.98420080384,
 "BirthRates.4": 19.6621048668549,
 "clusterCount": 28,