{
 "Sample": 32250000,
 "posterior": 346.985800736865,
 "likelihood": 0,
 "prior": 346.985800736865,
 "TreeHeight.stacey": 0.612155189034434,
 "snapperCoalescentRate.stacey.1": 0.961195271260929,
 "snapperCoalescentRate.stacey.2": 1.01189148537017,
 "snapperCoalescentRate.stacey.3": 1.02204240739162,
 "snapperCoalescentRate.stacey.4": 0.932424248328032,
 "snapperCoalescentRate.stacey.5": 1.06037826997184,
 "snapperCoalescentRate.stacey.6": 0.90405735935938,
 "snapperCoalescentRate.stacey.7": 1.0640290222825,
 "snapperCoalescentRate.stacey.8": 0.810505115101266,
 "snapperCoalescentRate.stacey.9": 1.18357696731051,
 "snapperCoalescentRate.stacey.10": 1.02731629852726,
 "snapperCoalescentRate.stacey.11": 0.902247760537016,
 "snapperCoalescentRate.stacey.12": 1.04965853552776,
 "snapperCoalescentRate.stacey.13": 1.09509818886975,
 "snapperCoalescentRate.stacey.14": 1.03197905534185,
 "snapperCoalescentRate.stacey.15": 1.07083134454709,
 "snapperCoalescentRate.stacey.16": 1.06132855061973,
 "snapperCoalescentRate.stacey.17": 0.988741472967459,
 "snapperCoalescentRate.stacey.18": 0.795130730416537,
 "snapperCoalescentRate.stacey.19": 1.12242292776579,
 "snapperCoalescentRate.stacey.20": 0.85401080636766,
 "snapperCoalescentRate.stacey.21": 0.829152210944113,
 "snapperCoalescentRate.stacey.22": 1.02563045163385,
 "snapperCoalescentRate.stacey.23": 0.961544330247511,
 "snapperCoalescentRate.stacey.24": 0.992974054183544,
 "snapperCoalescentRate.stacey.25": 0.792262269449329,
 "snapperCoalescentRate.stacey.26": 0.916040969293561,
 "snapperCoalescentRate.stacey.27": 1.04474687845602,
 "snapperCoalescentRate.stacey.28": 1.01905275483068,
 "snapperCoalescentRate.stacey.29": 1.0804329132929,
 "snapperCoalescentRate.stacey.30": 0.903739354490669,
 "snapperCoalescentRate.stacey.31": 1.024780934596,
 "snapperCoalescentRate.stacey.32": 0.893192893992158,
 "snapperCoalescentRate.stacey.33": 0.809486697664581,
 "snapperCoalescentRate.stacey.34": 0.992851053886047,
 "snapperCoalescentRate.stacey.35": 0.988947966600237,
 "snapperCoalescentRate.stacey.36": 1.03199282581902,
 "snapperCoalescentRate.stacey.37": 0.995227567607826,
 "snapperCoalescentRate.stacey.38": 1.10262233470303,
 "snapperCoalescentRate.stacey.39": 0.959766585078039,
 "snapperCoalescentRate.stacey.40": 0.999940861882242,
 "snapperCoalescentRate.stacey.41": 0.881362854863257,
 "snapperCoalescentRate.stacey.42": 0.909440844597252,
 "snapperCoalescentRate.stacey.43": 0.990997250944091,
 "snapperCoalescentRate.stacey.44": 0.922735500234407,
 "snapperCoalescentRate.stacey.45": 0.948011045129758,
 "snapperCoalescentRate.stacey.46": 0.905126045410338,
 "snapperCoalescentRate.stacey.47": 1.23357157255948,
 "snapperCoalescentRate.stacey.48": 1.0758304593592,
 "snapperCoalescentRate.stacey.49": 1.07724623203825,
 "snapperCoalescentRate.stacey.50": 0.957246576507894,
 "snapperCoalescentRate.stacey.51": 1.04719974485261,
 "snapperCoalescentRate.stacey.52": 0.867635103903012,
 "snapperCoalescentRate.stacey.53": 1.08456838849894,
 "snapperCoalescentRate.stacey.54": 0.849311313529128,
 "snapperCoalescentRate.stacey.55": 0.947098380552815,
 "snapperCoalescentRate.stacey.56": 1.01940832463526,
 "snapperCoalescentRate.stacey.57": 0.967537834468641,
 "snapperCoalescentRate.stacey.58": 0.888263877471913,
 "snapperCoalescentRate.stacey.59": 1.06079507537822,
 "snapperCoalescentRate.stacey.60": 0.866838336283694,
 "snapperCoalescentRate.stacey.61": 0.835055119256225,
 "snapperCoalescentRate.stacey.62": 0.923761011329301,
 "snapperCoalescentRate.stacey.63": 1.023530327335,
 "snapperCoalescentRate.stacey.64": 1.01858135452223,
 "snapperCoalescentRate.stacey.65": 0.914487686555314,
 "snapperCoalescentRate.stacey.66": 0.981098513168632,
 "snapperCoalescentRate.stacey.67": 0.866831734828569,
 "snapperCoalescentRate.stacey.68": 1.04262251359946,
 "snapperCoalescentRate.stacey.69": 1.15789844949824,
 "snapperCoalescentRate.stacey.70": 0.989418017530986,
 "snapperCoalescentRate.stacey.71": 0.95711200033984,
 "snapperCoalescentRate.stacey.72": 1.07933197934494,
 "snapperCoalescentRate.stacey.73": 0.886901832201832,
 "snapperCoalescentRate.stacey.74": 1.06805468617259,
 "snapperCoalescentRate.stacey.75": 0.962207456822697,
 "snapperCoalescentRate.stacey.76": 0.925294788789803,
 "snapperCoalescentRate.stacey.77": 1.08866492399799,
 "snapperCoalescentRate.stacey.78": 0.901264104988353,
 "snapperCoalescentRate.stacey.79": 0.958348092251436,
 "bdcGrowthRateRate.Species": 0.180043178948485,
 "relativeDeathRate.Species": 0,
 "collapseWeight.Species": 0.819010822596644,
 "originHeight.Species": 7.72274954018363e+98,
 "BirthDeathCollapseModel.Species": 271.027779614574,
 "BirthRates.1": 18.9189116810239,
 "BirthRates.2": 4.11487804581191,
 "BirthRates.3": 4.38355411119975,
 "BirthRates.4": 6.32328751928815,
 "clusterCount": 8,