{
 "Sample": 25700000,
 "posterior": 194.384257656336,
 "likelihood": 0,
 "prior": 194.384257656336,
 "TreeHeight.stacey": 0.313115384967335,
 "snapperCoalescentRate.stacey.1": 0.799067539720494,
 "snapperCoalescentRate.stacey.2": 0.931798159394276,
 "snapperCoalescentRate.stacey.3": 1.00778233950027,
 "snapperCoalescentRate.stacey.4": 0.997705048778,
 "snapperCoalescentRate.stacey.5": 1.08582824351165,
 "snapperCoalescentRate.stacey.6": 1.12747732441767,
 "snapperCoalescentRate.stacey.7": 1.00926415615527,
 "snapperCoalescentRate.stacey.8": 1.05046691592735,
 "snapperCoalescentRate.stacey.9": 1.08398699682612,
 "snapperCoalescentRate.stacey.10": 0.91547823363016,
 "snapperCoalescentRate.stacey.11": 1.01146473621772,
 "snapperCoalescentRate.stacey.12": 0.946550204042941,
 "snapperCoalescentRate.stacey.13": 0.984135047646391,
 "snapperCoalescentRate.stacey.14": 1.08257972341112,
 "snapperCoalescentRate.stacey.15": 1.20782168002074,
 "snapperCoalescentRate.stacey.16": 0.804714832072969,
 "snapperCoalescentRate.stacey.17": 0.894985686421055,
 "snapperCoalescentRate.stacey.18": 0.922611941752583,
 "snapperCoalescentRate.stacey.19": 0.94780183867595,
 "snapperCoalescentRate.stacey.20": 0.991566840536424,
 "snapperCoalescentRate.stacey.21": 1.01757676026403,
 "snapperCoalescentRate.stacey.22": 1.16855431809246,
 "snapperCoalescentRate.stacey.23": 1.19572968920375,
 "snapperCoalescentRate.stacey.24": 0.873821959131588,
 "snapperCoalescentRate.stacey.25": 1.2543196282998,
 "snapperCoalescentRate.stacey.26": 0.988414865391368,
 "snapperCoalescentRate.stacey.27": 1.03144801778731,
 "snapperCoalescentRate.stacey.28": 1.01650855851381,
 "snapperCoalescentRate.stacey.29": 0.894737903420811,
 "snapperCoalescentRate.stacey.30": 0.922890960163846,
 "snapperCoalescentRate.stacey.31": 0.849592919448911,
 "snapperCoalescentRate.stacey.32": 0.896243887947337,
 "snapperCoalescentRate.stacey.33": 1.20550738616949,
 "snapperCoalescentRate.stacey.34": 0.908166729720396,
 "snapperCoalescentRate.stacey.35": 0.836629509685015,
 "snapperCoalescentRate.stacey.36": 0.942072909299764,
 "snapperCoalescentRate.stacey.37": 1.1837720973725,
 "snapperCoalescentRate.stacey.38": 1.02017074392812,
 "snapperCoalescentRate.stacey.39": 1.09356660828977,
 "snapperCoalescentRate.stacey.40": 0.83967051064509,
 "snapperCoalescentRate.stacey.41": 0.835926024121515,
 "snapperCoalescentRate.stacey.42": 0.981814945946406,
 "snapperCoalescentRate.stacey.43": 1.01882908670558,
 "snapperCoalescentRate.stacey.44": 1.00436690397823,
 "snapperCoalescentRate.stacey.45": 1.07054560927712,
 "snapperCoalescentRate.stacey.46": 1.16761132324784,
 "snapperCoalescentRate.stacey.47": 0.942600434418001,
 "snapperCoalescentRate.stacey.48": 0.940262214625588,
 "snapperCoalescentRate.stacey.49": 0.940868681431173,
 "snapperCoalescentRate.stacey.50": 0.960268767075008,
 "snapperCoalescentRate.stacey.51": 0.839454213122577,
 "snapperCoalescentRate.stacey.52": 1.00665629391781,
 "snapperCoalescentRate.stacey.53": 1.03771147989066,
 "snapperCoalescentRate.stacey.54": 1.03400770779707,
 "snapperCoalescentRate.stacey.55": 1.09936119331271,
 "snapperCoalescentRate.stacey.56": 1.09525258393388,
 "snapperCoalescentRate.stacey.57": 0.90941041569894,
 "snapperCoalescentRate.stacey.58": 1.05828421406788,
 "snapperCoalescentRate.stacey.59": 0.881950700648065,
 "snapperCoalescentRate.stacey.60": 0.847877171184724,
 "snapperCoalescentRate.stacey.61": 0.945236440633948,
 "snapperCoalescentRate.stacey.62": 0.941669788833352,
 "snapperCoalescentRate.stacey.63": 1.09157780202337,
 "snapperCoalescentRate.stacey.64": 0.97909032064346,
 "snapperCoalescentRate.stacey.65": 0.934261392257507,
 "snapperCoalescentRate.stacey.66": 1.17225691407278,
 "snapperCoalescentRate.stacey.67": 1.00049731940361,
 "snapperCoalescentRate.stacey.68": 0.976261289013462,
 "snapperCoalescentRate.stacey.69": 0.96479465647249,
 "snapperCoalescentRate.stacey.70": 1.05289623489046,
 "snapperCoalescentRate.stacey.71": 1.08658408851428,
 "snapperCoalescentRate.stacey.72": 0.922521799845969,
 "snapperCoalescentRate.stacey.73": 0.961753880480205,
 "snapperCoalescentRate.stacey.74": 0.915062355989575,
 "snapperCoalescentRate.stacey.75": 1.01520423619194,
 "snapperCoalescentRate.stacey.76": 1.12521262436835,
 "snapperCoalescentRate.stacey.77": 0.89701244557824,
 "snapperCoalescentRate.stacey.78": 0.979427194256762,
 "snapperCoalescentRate.stacey.79": 1.05725183129483,
 "bdcGrowthRateRate.Species": 0.241723082405282,
 "relativeDeathRate.Species": 0,
 "collapseWeight.Species": 0.409991045159287,
 "originHeight.Species": 7.18048716699159e+98,
 "BirthDeathCollapseModel.Species": 123.502881208923,
 "BirthRates.1": 6.91417718027432,
 "BirthRates.2": 2.97293881750513,
 "BirthRates.3": 1.49862714585172,
 "BirthRates.4": 21.0805486560199,
 "clusterCount": 26,