{
 "Sample": 34800000,
 "posterior": 241.088209739165,
 "likelihood": 0,
 "prior": 241.088209739165,
 "TreeHeight.stacey": 0.234970861053377,
 "snapperCoalescentRate.stacey.1": 0.98341917260842,
 "snapperCoalescentRate.stacey.2": 1.11803837158422,
 "snapperCoalescentRate.stacey.3": 0.886114560118234,
 "snapperCoalescentRate.stacey.4": 1.19789257618433,
 "snapperCoalescentRate.stacey.5": 1.0776206885272,
 "snapperCoalescentRate.stacey.6": 1.18453675078244,
 "snapperCoalescentRate.stacey.7": 0.974968362153063,
 "snapperCoalescentRate.stacey.8": 0.998457100022612,
 "snapperCoalescentRate.stacey.9": 0.949830250294278,
 "snapperCoalescentRate.stacey.10": 1.00822039949171,
 "snapperCoalescentRate.stacey.11": 1.07902418546584,
 "snapperCoalescentRate.stacey.12": 0.927094621594202,
 "snapperCoalescentRate.stacey.13": 1.07410504633608,
 "snapperCoalescentRate.stacey.14": 0.844903785768635,
 "snapperCoalescentRate.stacey.15": 1.07009872862194,
 "snapperCoalescentRate.stacey.16": 1.06620017885776,
 "snapperCoalescentRate.stacey.17": 1.01013873190836,
 "snapperCoalescentRate.stacey.18": 1.00189722180948,
 "snapperCoalescentRate.stacey.19": 0.837496774220129,
 "snapperCoalescentRate.stacey.20": 1.11248732004288,
 "snapperCoalescentRate.stacey.21": 0.981786632669843,
 "snapperCoalescentRate.stacey.22": 1.00489429192736,
 "snapperCoalescentRate.stacey.23": 1.00930331520198,
 "snapperCoalescentRate.stacey.24": 0.934806655914742,
 "snapperCoalescentRate.stacey.25": 0.995298691910349,
 "snapperCoalescentRate.stacey.26": 0.808002716912606,
 "snapperCoalescentRate.stacey.27": 1.08929708902544,
 "snapperCoalescentRate.stacey.28": 0.911095590400764,
 "snapperCoalescentRate.stacey.29": 1.02512420468961,
 "snapperCoalescentRate.stacey.30": 1.13798438774369,
 "snapperCoalescentRate.stacey.31": 0.913914235809684,
 "snapperCoalescentRate.stacey.32": 0.900989913312929,
 "snapperCoalescentRate.stacey.33": 1.10323947758256,
 "snapperCoalescentRate.stacey.34": 0.976617921315768,
 "snapperCoalescentRate.stacey.35": 0.893947835894796,
 "snapperCoalescentRate.stacey.36": 0.929374904730136,
 "snapperCoalescentRate.stacey.37": 1.07388144978643,
 "snapperCoalescentRate.stacey.38": 0.927091514236324,
 "snapperCoalescentRate.stacey.39": 0.900667666704695,
 "snapperCoalescentRate.stacey.40": 0.961534629230912,
 "snapperCoalescentRate.stacey.41": 1.0820889668426,
 "snapperCoalescentRate.stacey.42": 0.804996431015199,
 "snapperCoalescentRate.stacey.43": 0.979552545075807,
 "snapperCoalescentRate.stacey.44": 1.10374206185652,
 "snapperCoalescentRate.stacey.45": 1.00207743567224,
 "snapperCoalescentRate.stacey.46": 1.02051207936246,
 "snapperCoalescentRate.stacey.47": 0.985453960750048,
 "snapperCoalescentRate.stacey.48": 1.01749423785474,
 "snapperCoalescentRate.stacey.49": 0.986890672621139,
 "snapperCoalescentRate.stacey.50": 0.930184343101584,
 "snapperCoalescentRate.stacey.51": 1.07627028862153,
 "snapperCoalescentRate.stacey.52": 1.06765301665786,
 "snapperCoalescentRate.stacey.53": 0.917062166587509,
 "snapperCoalescentRate.stacey.54": 0.881705585323448,
 "snapperCoalescentRate.stacey.55": 1.05648769015455,
 "snapperCoalescentRate.stacey.56": 0.956534536656488,
 "snapperCoalescentRate.stacey.57": 0.912540510297164,
 "snapperCoalescentRate.stacey.58": 1.0933465128396,
 "snapperCoalescentRate.stacey.59": 0.995528810602967,
 "snapperCoalescentRate.stacey.60": 0.986597300867771,
 "snapperCoalescentRate.stacey.61": 1.00473263734482,
 "snapperCoalescentRate.stacey.62": 0.964151130570012,
 "snapperCoalescentRate.stacey.63": 1.11418875458887,
 "snapperCoalescentRate.stacey.64": 0.852740292147341,
 "snapperCoalescentRate.stacey.65": 0.983683129961317,
 "snapperCoalescentRate.stacey.66": 1.10057938103958,
 "snapperCoalescentRate.stacey.67": 1.02980330920694,
 "snapperCoalescentRate.stacey.68": 0.799313513818641,
 "snapperCoalescentRate.stacey.69": 0.922779183737582,
 "snapperCoalescentRate.stacey.70": 1.05935109018878,
 "snapperCoalescentRate.stacey.71": 0.985496812659767,
 "snapperCoalescentRate.stacey.72": 0.874631070389228,
 "snapperCoalescentRate.stacey.73": 0.888024759064298,
 "snapperCoalescentRate.stacey.74": 0.875875053239881,
 "snapperCoalescentRate.stacey.75": 0.889818216643082,
 "snapperCoalescentRate.stacey.76": 0.903862457140464,
 "snapperCoalescentRate.stacey.77": 0.976031311839548,
 "snapperCoalescentRate.stacey.78": 0.903384370689585,
 "snapperCoalescentRate.stacey.79": 0.936050581681116,
 "bdcGrowthRateRate.Species": 0.167011675116729,
 "relativeDeathRate.Species": 0,
 "collapseWeight.Species": 0.556042825313359,
 "originHeight.Species": 6.80043382748956e+98,
 "BirthDeathCollapseModel.Species": 161.068665640511,
 "BirthRates.1": 19.55009329691,
 "BirthRates.2": 12.3103608771974,
 "BirthRates.3": 3.85390422787432,
 "BirthRates.4": 13.3781849973028,
 "clusterCount": 22,