{
 "Sample": 48950000,
 "posterior": 172.382949424794,
 "likelihood": 0,
 "prior": 172.382949424794,
 "TreeHeight.stacey": 0.339830212962078,
 "snapperCoalescentRate.stacey.1": 1.01816186254978,
 "snapperCoalescentRate.stacey.2": 1.10624619120284,
 "snapperCoalescentRate.stacey.3": 1.1710085423736,
 "snapperCoalescentRate.stacey.4": 0.967684948172498,
 "snapperCoalescentRate.stacey.5": 1.12010093630246,
 "snapperCoalescentRate.stacey.6": 1.1226680543598,
 "snapperCoalescentRate.stacey.7": 0.819492670306458,
 "snapperCoalescentRate.stacey.8": 0.972445678202858,
 "snapperCoalescentRate.stacey.9": 0.909659803828548,
 "snapperCoalescentRate.stacey.10": 1.0210380798286,
 "snapperCoalescentRate.stacey.11": 1.09391075578646,
 "snapperCoalescentRate.stacey.12": 1.0283833883755,
 "snapperCoalescentRate.stacey.13": 1.0665658345528,
 "snapperCoalescentRate.stacey.14": 1.04800313679034,
 "snapperCoalescentRate.stacey.15": 1.04809284683127,
 "snapperCoalescentRate.stacey.16": 1.00632056374342,
 "snapperCoalescentRate.stacey.17": 1.1772092749702,
 "snapperCoalescentRate.stacey.18": 1.06251397769934,
 "snapperCoalescentRate.stacey.19": 1.01922218801296,
 "snapperCoalescentRate.stacey.20": 1.03384748954353,
 "snapperCoalescentRate.stacey.21": 0.933405051574685,
 "snapperCoalescentRate.stacey.22": 0.957262204471278,
 "snapperCoalescentRate.stacey.23": 0.923049888502104,
 "snapperCoalescentRate.stacey.24": 0.848132106051822,
 "snapperCoalescentRate.stacey.25": 0.806019742112664,
 "snapperCoalescentRate.stacey.26": 1.20594257829247,
 "snapperCoalescentRate.stacey.27": 1.00583320774225,
 "snapperCoalescentRate.stacey.28": 0.965513146073455,
 "snapperCoalescentRate.stacey.29": 1.15330171172961,
 "snapperCoalescentRate.stacey.30": 0.863818233807361,
 "snapperCoalescentRate.stacey.31": 1.09494891252267,
 "snapperCoalescentRate.stacey.32": 0.931310159130256,
 "snapperCoalescentRate.stacey.33": 0.987702823613526,
 "snapperCoalescentRate.stacey.34": 1.06621120567572,
 "snapperCoalescentRate.stacey.35": 1.09676229232069,
 "snapperCoalescentRate.stacey.36": 0.961753797314475,
 "snapperCoalescentRate.stacey.37": 0.907433992598316,
 "snapperCoalescentRate.stacey.38": 0.973424642117828,
 "snapperCoalescentRate.stacey.39": 0.987683871853292,
 "snapperCoalescentRate.stacey.40": 1.03518010506436,
 "snapperCoalescentRate.stacey.41": 1.02095654325393,
 "snapperCoalescentRate.stacey.42": 1.05368178959083,
 "snapperCoalescentRate.stacey.43": 1.16158535988059,
 "snapperCoalescentRate.stacey.44": 0.982700639916398,
 "snapperCoalescentRate.stacey.45": 0.939661407036717,
 "snapperCoalescentRate.stacey.46": 1.21199860952478,
 "snapperCoalescentRate.stacey.47": 0.87573142394976,
 "snapperCoalescentRate.stacey.48": 1.01929369414805,
 "snapperCoalescentRate.stacey.49": 0.968316975588025,
 "snapperCoalescentRate.stacey.50": 1.05420497138967,
 "snapperCoalescentRate.stacey.51": 1.03413992546541,
 "snapperCoalescentRate.stacey.52": 1.12871259854056,
 "snapperCoalescentRate.stacey.53": 0.948723460592044,
 "snapperCoalescentRate.stacey.54": 1.10376865304576,
 "snapperCoalescentRate.stacey.55": 0.932167121576257,
 "snapperCoalescentRate.stacey.56": 0.975898677765401,
 "snapperCoalescentRate.stacey.57": 1.02232706341207,
 "snapperCoalescentRate.stacey.58": 1.03918045308375,
 "snapperCoalescentRate.stacey.59": 1.04062851464352,
 "snapperCoalescentRate.stacey.60": 1.02095883547599,
 "snapperCoalescentRate.stacey.61": 0.970116855434909,
 "snapperCoalescentRate.stacey.62": 1.0582624100428,
 "snapperCoalescentRate.stacey.63": 0.919530444862956,
 "snapperCoalescentRate.stacey.64": 0.994850528557392,
 "snapperCoalescentRate.stacey.65": 1.00277665397343,
 "snapperCoalescentRate.stacey.66": 0.99870673351239,
 "snapperCoalescentRate.stacey.67": 1.11475102511822,
 "snapperCoalescentRate.stacey.68": 0.843568466672284,
 "snapperCoalescentRate.stacey.69": 1.0503901408726,
 "snapperCoalescentRate.stacey.70": 1.06586343512019,
 "snapperCoalescentRate.stacey.71": 0.981377600033638,
 "snapperCoalescentRate.stacey.72": 0.904410036184685,
 "snapperCoalescentRate.stacey.73": 0.921729125277625,
 "snapperCoalescentRate.stacey.74": 1.12317474768351,
 "snapperCoalescentRate.stacey.75": 0.93105707243499,
 "snapperCoalescentRate.stacey.76": 0.997621243721035,
 "snapperCoalescentRate.stacey.77": 0.921759963710459,
 "snapperCoalescentRate.stacey.78": 0.887130556344993,
 "snapperCoalescentRate.stacey.79": 1.07373625420046,
 "bdcGrowthRateRate.Species": 0.200926592504128,
 "relativeDeathRate.Species": 0,
 "collapseWeight.Species": 0.302328250027352,
 "originHeight.Species": 2.47040153519333e+98,
 "BirthDeathCollapseModel.Species": 91.6566733762909,
 "BirthRates.1": 7.81583604103857,
 "BirthRates.2": 6.53426236858845,
 "BirthRates.3": 2.40487208741398,
 "BirthRates.4": 14.0809932774328,
 "clusterCount": 30,