{
 "Sample": 40850000,
 "posterior": 348.947845444891,
 "likelihood": 0,
 "prior": 348.947845444891,
 "TreeHeight.stacey": 0.103646423919946,
 "snapperCoalescentRate.stacey.1": 1.04042027474566,
 "snapperCoalescentRate.stacey.2": 0.992979336495656,
 "snapperCoalescentRate.stacey.3": 0.888971998148688,
 "snapperCoalescentRate.stacey.4": 1.14145512638096,
 "snapperCoalescentRate.stacey.5": 0.993312653961669,
 "snapperCoalescentRate.stacey.6": 1.13493438019094,
 "snapperCoalescentRate.stacey.7": 0.916473260895663,
 "snapperCoalescentRate.stacey.8": 0.909793484565765,
 "snapperCoalescentRate.stacey.9": 1.08795479517939,
 "snapperCoalescentRate.stacey.10": 0.897663281362232,
 "snapperCoalescentRate.stacey.11": 1.1228825233653,
 "snapperCoalescentRate.stacey.12": 0.876640164947993,
 "snapperCoalescentRate.stacey.13": 1.3208593299237,
 "snapperCoalescentRate.stacey.14": 0.898501360664079,
 "snapperCoalescentRate.stacey.15": 1.14077661701265,
 "snapperCoalescentRate.stacey.16": 1.00646149692438,
 "snapperCoalescentRate.stacey.17": 0.883416219727803,
 "snapperCoalescentRate.stacey.18": 1.15367981387104,
 "snapperCoalescentRate.stacey.19": 0.940282526656546,
 "snapperCoalescentRate.stacey.20": 1.03274675892029,
 "snapperCoalescentRate.stacey.21": 0.912952166972751,
 "snapperCoalescentRate.stacey.22": 0.974233670483782,
 "snapperCoalescentRate.stacey.23": 1.0587623997293,
 "snapperCoalescentRate.stacey.24": 1.13710487084271,
 "snapperCoalescentRate.stacey.25": 1.09902944524905,
 "snapperCoalescentRate.stacey.26": 0.986834711773022,
 "snapperCoalescentRate.stacey.27": 1.09379133669689,
 "snapperCoalescentRate.stacey.28": 1.20139392758975,
 "snapperCoalescentRate.stacey.29": 1.12249397434261,
 "snapperCoalescentRate.stacey.30": 0.997149639152842,
 "snapperCoalescentRate.stacey.31": 0.933314984632216,
 "snapperCoalescentRate.stacey.32": 1.08466983657874,
 "snapperCoalescentRate.stacey.33": 1.07558583063469,
 "snapperCoalescentRate.stacey.34": 1.17202514140919,
 "snapperCoalescentRate.stacey.35": 1.08341181461695,
 "snapperCoalescentRate.stacey.36": 0.845929064743648,
 "snapperCoalescentRate.stacey.37": 1.13716493159988,
 "snapperCoalescentRate.stacey.38": 0.97975355010236,
 "snapperCoalescentRate.stacey.39": 1.10671146196589,
 "snapperCoalescentRate.stacey.40": 1.04579597483732,
 "snapperCoalescentRate.stacey.41": 0.925992714100765,
 "snapperCoalescentRate.stacey.42": 0.981244750630074,
 "snapperCoalescentRate.stacey.43": 0.96693715176398,
 "snapperCoalescentRate.stacey.44": 1.14607132045314,
 "snapperCoalescentRate.stacey.45": 1.0716626580884,
 "snapperCoalescentRate.stacey.46": 1.07795435610513,
 "snapperCoalescentRate.stacey.47": 0.872619554074685,
 "snapperCoalescentRate.stacey.48": 0.955658584408188,
 "snapperCoalescentRate.stacey.49": 1.21419147455523,
 "snapperCoalescentRate.stacey.50": 1.04376929118776,
 "snapperCoalescentRate.stacey.51": 0.950164175444283,
 "snapperCoalescentRate.stacey.52": 0.87847809524619,
 "snapperCoalescentRate.stacey.53": 0.92493003129684,
 "snapperCoalescentRate.stacey.54": 0.967146662729727,
 "snapperCoalescentRate.stacey.55": 1.10015926985586,
 "snapperCoalescentRate.stacey.56": 0.895486103359216,
 "snapperCoalescentRate.stacey.57": 0.887438203013309,
 "snapperCoalescentRate.stacey.58": 1.10567938081355,
 "snapperCoalescentRate.stacey.59": 1.1420999712901,
 "snapperCoalescentRate.stacey.60": 0.88073007273189,
 "snapperCoalescentRate.stacey.61": 1.04441488494555,
 "snapperCoalescentRate.stacey.62": 0.997786018737728,
 "snapperCoalescentRate.stacey.63": 1.10434798357135,
 "snapperCoalescentRate.stacey.64": 0.896966315899916,
 "snapperCoalescentRate.stacey.65": 0.844227152618127,
 "snapperCoalescentRate.stacey.66": 0.961386635385358,
 "snapperCoalescentRate.stacey.67": 1.01643962387129,
 "snapperCoalescentRate.stacey.68": 1.20254944577891,
 "snapperCoalescentRate.stacey.69": 0.968989162557087,
 "snapperCoalescentRate.stacey.70": 0.953008291916356,
 "snapperCoalescentRate.stacey.71": 1.1661483253733,
 "snapperCoalescentRate.stacey.72": 1.00668244565074,
 "snapperCoalescentRate.stacey.73": 1.06594151838668,
 "snapperCoalescentRate.stacey.74": 1.03419755666046,
 "snapperCoalescentRate.stacey.75": 0.975227110961218,
 "snapperCoalescentRate.stacey.76": 0.76774044578673,
 "snapperCoalescentRate.stacey.77": 1.16307830556294,
 "snapperCoalescentRate.stacey.78": 1.02672618294541,
 "snapperCoalescentRate.stacey.79": 0.911979216069772,
 "bdcGrowthRateRate.Species": 0.184684915489389,
 "relativeDeathRate.Species": 0,
 "collapseWeight.Species": 0.816625577760517,
 "originHeight.Species": 8.20093330013003e+98,
 "BirthDeathCollapseModel.Species": 284.302678509003,
 "BirthRates.1": 127.154736144853,
 "BirthRates.2": 18.6100220695247,
 "BirthRates.3": 15.8055780260659,
 "BirthRates.4": 12.6684737571777,
 "clusterCount": 8,