{
 "Sample": 47950000,
 "posterior": 154.641513920549,
 "likelihood": 0,
 "prior": 154.641513920549,
 "TreeHeight.stacey": 0.575386025358139,
 "snapperCoalescentRate.stacey.1": 0.907964632901813,
 "snapperCoalescentRate.stacey.2": 0.911193875872002,
 "snapperCoalescentRate.stacey.3": 1.15417146443696,
 "snapperCoalescentRate.stacey.4": 0.985183120302313,
 "snapperCoalescentRate.stacey.5": 0.878037382533312,
 "snapperCoalescentRate.stacey.6": 1.14778116428655,
 "snapperCoalescentRate.stacey.7": 1.11886552117258,
 "snapperCoalescentRate.stacey.8": 1.34982203580285,
 "snapperCoalescentRate.stacey.9": 1.1455989959973,
 "snapperCoalescentRate.stacey.10": 0.884835106166772,
 "snapperCoalescentRate.stacey.11": 0.814027830358447,
 "snapperCoalescentRate.stacey.12": 1.10172065726342,
 "snapperCoalescentRate.stacey.13": 1.18124135634235,
 "snapperCoalescentRate.stacey.14": 1.01779799545963,
 "snapperCoalescentRate.stacey.15": 1.18416708990449,
 "snapperCoalescentRate.stacey.16": 0.854256300563523,
 "snapperCoalescentRate.stacey.17": 1.23659343087688,
 "snapperCoalescentRate.stacey.18": 0.890145811583029,
 "snapperCoalescentRate.stacey.19": 1.10095424693017,
 "snapperCoalescentRate.stacey.20": 0.871543465884209,
 "snapperCoalescentRate.stacey.21": 0.958178305351625,
 "snapperCoalescentRate.stacey.22": 0.95927177810968,
 "snapperCoalescentRate.stacey.23": 0.910770582681367,
 "snapperCoalescentRate.stacey.24": 0.917922322306987,
 "snapperCoalescentRate.stacey.25": 0.963856963200658,
 "snapperCoalescentRate.stacey.26": 0.996316628209685,
 "snapperCoalescentRate.stacey.27": 1.09725076456029,
 "snapperCoalescentRate.stacey.28": 0.869956248505658,
 "snapperCoalescentRate.stacey.29": 1.06310553819308,
 "snapperCoalescentRate.stacey.30": 0.985811714971329,
 "snapperCoalescentRate.stacey.31": 0.91408541471307,
 "snapperCoalescentRate.stacey.32": 1.03667197218687,
 "snapperCoalescentRate.stacey.33": 1.15045123797453,
 "snapperCoalescentRate.stacey.34": 0.961537499417058,
 "snapperCoalescentRate.stacey.35": 1.00495559191851,
 "snapperCoalescentRate.stacey.36": 0.997915168586892,
 "snapperCoalescentRate.stacey.37": 0.932436018904708,
 "snapperCoalescentRate.stacey.38": 0.888489921716546,
 "snapperCoalescentRate.stacey.39": 1.05499449981022,
 "snapperCoalescentRate.stacey.40": 0.894630468899039,
 "snapperCoalescentRate.stacey.41": 1.16146306485933,
 "snapperCoalescentRate.stacey.42": 0.963583317749386,
 "snapperCoalescentRate.stacey.43": 0.777578048861846,
 "snapperCoalescentRate.stacey.44": 1.07319391432392,
 "snapperCoalescentRate.stacey.45": 0.905332181020111,
 "snapperCoalescentRate.stacey.46": 0.943052218890815,
 "snapperCoalescentRate.stacey.47": 0.997474239915537,
 "snapperCoalescentRate.stacey.48": 1.07342033822905,
 "snapperCoalescentRate.stacey.49": 1.12073448902273,
 "snapperCoalescentRate.stacey.50": 1.11531518829847,
 "snapperCoalescentRate.stacey.51": 1.18062114700889,
 "snapperCoalescentRate.stacey.52": 0.689136144268732,
 "snapperCoalescentRate.stacey.53": 0.919743028969388,
 "snapperCoalescentRate.stacey.54": 1.03712350352337,
 "snapperCoalescentRate.stacey.55": 0.953547305851124,
 "snapperCoalescentRate.stacey.56": 0.892194099047685,
 "snapperCoalescentRate.stacey.57": 1.09436141084683,
 "snapperCoalescentRate.stacey.58": 0.909031700454008,
 "snapperCoalescentRate.stacey.59": 1.06403962716674,
 "snapperCoalescentRate.stacey.60": 0.880115799461093,
 "snapperCoalescentRate.stacey.61": 0.850608413160394,
 "snapperCoalescentRate.stacey.62": 1.08079072596839,
 "snapperCoalescentRate.stacey.63": 0.953856005388564,
 "snapperCoalescentRate.stacey.64": 1.09825084070843,
 "snapperCoalescentRate.stacey.65": 1.0250105371901,
 "snapperCoalescentRate.stacey.66": 1.01996354631636,
 "snapperCoalescentRate.stacey.67": 1.0014796430365,
 "snapperCoalescentRate.stacey.68": 1.09596471176901,
 "snapperCoalescentRate.stacey.69": 0.873393652888161,
 "snapperCoalescentRate.stacey.70": 1.02366822274945,
 "snapperCoalescentRate.stacey.71": 0.924143200591658,
 "snapperCoalescentRate.stacey.72": 1.01721253106738,
 "snapperCoalescentRate.stacey.73": 0.937295037682631,
 "snapperCoalescentRate.stacey.74": 0.972224999244861,
 "snapperCoalescentRate.stacey.75": 0.924710307411442,
 "snapperCoalescentRate.stacey.76": 1.00114840050625,
 "snapperCoalescentRate.stacey.77": 0.997222538271968,
 "snapperCoalescentRate.stacey.78": 1.09970778147159,
 "snapperCoalescentRate.stacey.79": 1.05290966824357,
 "bdcGrowthRateRate.Species": 0.172003891648089,
 "relativeDeathRate.Species": 0,
 "collapseWeight.Species": 0.218381050730977,
 "originHeight.Species": 1.39948203890484e+98,
 "BirthDeathCollapseModel.Species": 92.3229214174385,
 "BirthRates.1": 10.8779386840562,
 "BirthRates.2": 6.23839943619424,
 "BirthRates.3": 5.36743065984902,
 "BirthRates.4": 5.76911206641103,
 "clusterCount": 30,