{
 "Sample": 39600000,
 "posterior": 275.744487605762,
 "likelihood": 0,
 "prior": 275.744487605762,
 "TreeHeight.stacey": 0.107476389295969,
 "snapperCoalescentRate.stacey.1": 0.970261747467343,
 "snapperCoalescentRate.stacey.2": 0.994391827996928,
 "snapperCoalescentRate.stacey.3": 1.04416871571664,
 "snapperCoalescentRate.stacey.4": 1.10346264611845,
 "snapperCoalescentRate.stacey.5": 0.972424091551226,
 "snapperCoalescentRate.stacey.6": 1.22341089230561,
 "snapperCoalescentRate.stacey.7": 1.0337522886585,
 "snapperCoalescentRate.stacey.8": 1.13359253775404,
 "snapperCoalescentRate.stacey.9": 0.918883024906878,
 "snapperCoalescentRate.stacey.10": 0.922084902462672,
 "snapperCoalescentRate.stacey.11": 0.980017567231894,
 "snapperCoalescentRate.stacey.12": 0.909388793442991,
 "snapperCoalescentRate.stacey.13": 0.912416379457614,
 "snapperCoalescentRate.stacey.14": 0.935278265122391,
 "snapperCoalescentRate.stacey.15": 0.894124213911742,
 "snapperCoalescentRate.stacey.16": 0.957658557674385,
 "snapperCoalescentRate.stacey.17": 1.01028856738847,
 "snapperCoalescentRate.stacey.18": 1.0720785089555,
 "snapperCoalescentRate.stacey.19": 0.775139903111381,
 "snapperCoalescentRate.stacey.20": 1.01521983561327,
 "snapperCoalescentRate.stacey.21": 0.885856162956384,
 "snapperCoalescentRate.stacey.22": 1.08473461603643,
 "snapperCoalescentRate.stacey.23": 0.984872543458386,
 "snapperCoalescentRate.stacey.24": 1.08271785581289,
 "snapperCoalescentRate.stacey.25": 1.00131526404546,
 "snapperCoalescentRate.stacey.26": 0.919964318023768,
 "snapperCoalescentRate.stacey.27": 0.986227837620483,
 "snapperCoalescentRate.stacey.28": 1.20892999281692,
 "snapperCoalescentRate.stacey.29": 0.928230092753601,
 "snapperCoalescentRate.stacey.30": 0.693543322136802,
 "snapperCoalescentRate.stacey.31": 0.972894395777994,
 "snapperCoalescentRate.stacey.32": 1.06727628577282,
 "snapperCoalescentRate.stacey.33": 0.959930564507549,
 "snapperCoalescentRate.stacey.34": 0.990944252326062,
 "snapperCoalescentRate.stacey.35": 1.0190439650792,
 "snapperCoalescentRate.stacey.36": 0.951900322675757,
 "snapperCoalescentRate.stacey.37": 1.10347648919302,
 "snapperCoalescentRate.stacey.38": 0.801249935195669,
 "snapperCoalescentRate.stacey.39": 0.978400558348023,
 "snapperCoalescentRate.stacey.40": 0.901058969659939,
 "snapperCoalescentRate.stacey.41": 0.841647874004136,
 "snapperCoalescentRate.stacey.42": 0.922537549954042,
 "snapperCoalescentRate.stacey.43": 0.785554118576828,
 "snapperCoalescentRate.stacey.44": 1.04996417533052,
 "snapperCoalescentRate.stacey.45": 0.840223849666962,
 "snapperCoalescentRate.stacey.46": 0.89775904580917,
 "snapperCoalescentRate.stacey.47": 0.798461654898407,
 "snapperCoalescentRate.stacey.48": 1.03349647427983,
 "snapperCoalescentRate.stacey.49": 0.855611915188974,
 "snapperCoalescentRate.stacey.50": 1.12518217780788,
 "snapperCoalescentRate.stacey.51": 1.05822983186944,
 "snapperCoalescentRate.stacey.52": 0.99999429083423,
 "snapperCoalescentRate.stacey.53": 1.02793538211136,
 "snapperCoalescentRate.stacey.54": 0.994039706186963,
 "snapperCoalescentRate.stacey.55": 1.1176256258476,
 "snapperCoalescentRate.stacey.56": 0.927105954927957,
 "snapperCoalescentRate.stacey.57": 0.932149142138743,
 "snapperCoalescentRate.stacey.58": 0.976509506644869,
 "snapperCoalescentRate.stacey.59": 1.16062188504105,
 "snapperCoalescentRate.stacey.60": 1.08838784090425,
 "snapperCoalescentRate.stacey.61": 1.1441864314729,
 "snapperCoalescentRate.stacey.62": 0.990703987903549,
 "snapperCoalescentRate.stacey.63": 0.844643999257306,
 "snapperCoalescentRate.stacey.64": 0.925373418051781,
 "snapperCoalescentRate.stacey.65": 0.781199671401429,
 "snapperCoalescentRate.stacey.66": 0.944777143784169,
 "snapperCoalescentRate.stacey.67": 0.923036388356231,
 "snapperCoalescentRate.stacey.68": 0.825798644059738,
 "snapperCoalescentRate.stacey.69": 0.837481422016837,
 "snapperCoalescentRate.stacey.70": 0.827932578441742,
 "snapperCoalescentRate.stacey.71": 1.08879828023067,
 "snapperCoalescentRate.stacey.72": 1.03169923134342,
 "snapperCoalescentRate.stacey.73": 1.02178336598258,
 "snapperCoalescentRate.stacey.74": 1.06636445342867,
 "snapperCoalescentRate.stacey.75": 0.813192709974316,
 "snapperCoalescentRate.stacey.76": 1.29724686437859,
 "snapperCoalescentRate.stacey.77": 1.15321040998277,
 "snapperCoalescentRate.stacey.78": 1.16317247154124,
 "snapperCoalescentRate.stacey.79": 1.06989762369655,
 "bdcGrowthRateRate.Species": 0.234497444536623,
 "relativeDeathRate.Species": 0,
 "collapseWeight.Species": 0.706032956087193,
 "originHeight.Species": 6.32091695370406e+98,
 "BirthDeathCollapseModel.Species": 219.627250857944,
 "BirthRates.1": 64.0384862955045,
 "BirthRates.2": 21.917919060497,
 "BirthRates.3": 31.7217637426773,
 "BirthRates.4": 6.43275906396753,
 "clusterCount": 16,