{
 "Sample": 35300000,
 "posterior": 218.529219763586,
 "likelihood": 0,
 "prior": 218.529219763586,
 "TreeHeight.stacey": 0.32508153422714,
 "snapperCoalescentRate.stacey.1": 0.99439257712298,
 "snapperCoalescentRate.stacey.2": 1.04664472224877,
 "snapperCoalescentRate.stacey.3": 0.69923567511434,
 "snapperCoalescentRate.stacey.4": 1.0998043010684,
 "snapperCoalescentRate.stacey.5": 0.901565701210579,
 "snapperCoalescentRate.stacey.6": 0.974939828456205,
 "snapperCoalescentRate.stacey.7": 1.0038167610974,
 "snapperCoalescentRate.stacey.8": 0.954597307305128,
 "snapperCoalescentRate.stacey.9": 0.97130306974827,
 "snapperCoalescentRate.stacey.10": 1.03676514863501,
 "snapperCoalescentRate.stacey.11": 0.907127811374776,
 "snapperCoalescentRate.stacey.12": 0.86812345646995,
 "snapperCoalescentRate.stacey.13": 1.1051072759768,
 "snapperCoalescentRate.stacey.14": 1.16152999086872,
 "snapperCoalescentRate.stacey.15": 0.916290539710986,
 "snapperCoalescentRate.stacey.16": 1.20241902312264,
 "snapperCoalescentRate.stacey.17": 0.948464237734982,
 "snapperCoalescentRate.stacey.18": 0.933765612655246,
 "snapperCoalescentRate.stacey.19": 0.845327356418937,
 "snapperCoalescentRate.stacey.20": 1.00806702360995,
 "snapperCoalescentRate.stacey.21": 1.01978693105247,
 "snapperCoalescentRate.stacey.22": 1.1089396199443,
 "snapperCoalescentRate.stacey.23": 0.859162198376348,
 "snapperCoalescentRate.stacey.24": 0.95692779759679,
 "snapperCoalescentRate.stacey.25": 1.00200486279788,
 "snapperCoalescentRate.stacey.26": 0.984476048220155,
 "snapperCoalescentRate.stacey.27": 0.865954484553658,
 "snapperCoalescentRate.stacey.28": 0.988351951194111,
 "snapperCoalescentRate.stacey.29": 1.29651503877928,
 "snapperCoalescentRate.stacey.30": 1.15619095497821,
 "snapperCoalescentRate.stacey.31": 1.24768460176514,
 "snapperCoalescentRate.stacey.32": 0.924059109413012,
 "snapperCoalescentRate.stacey.33": 0.794320567074425,
 "snapperCoalescentRate.stacey.34": 0.987365117061713,
 "snapperCoalescentRate.stacey.35": 0.947570313084416,
 "snapperCoalescentRate.stacey.36": 1.05453118289314,
 "snapperCoalescentRate.stacey.37": 0.775218615405267,
 "snapperCoalescentRate.stacey.38": 0.834336482430798,
 "snapperCoalescentRate.stacey.39": 1.00409161752798,
 "snapperCoalescentRate.stacey.40": 0.812483016755631,
 "snapperCoalescentRate.stacey.41": 0.900273391211306,
 "snapperCoalescentRate.stacey.42": 1.00542513844914,
 "snapperCoalescentRate.stacey.43": 0.923878069832912,
 "snapperCoalescentRate.stacey.44": 0.981989734967161,
 "snapperCoalescentRate.stacey.45": 0.902006414761998,
 "snapperCoalescentRate.stacey.46": 1.02405382938059,
 "snapperCoalescentRate.stacey.47": 1.06811507523781,
 "snapperCoalescentRate.stacey.48": 0.882246808805594,
 "snapperCoalescentRate.stacey.49": 1.16136554486584,
 "snapperCoalescentRate.stacey.50": 0.917094547224564,
 "snapperCoalescentRate.stacey.51": 1.07692262874241,
 "snapperCoalescentRate.stacey.52": 1.01547151235033,
 "snapperCoalescentRate.stacey.53": 0.994064613807218,
 "snapperCoalescentRate.stacey.54": 0.906004981659305,
 "snapperCoalescentRate.stacey.55": 0.877254653994062,
 "snapperCoalescentRate.stacey.56": 1.08533283116033,
 "snapperCoalescentRate.stacey.57": 0.887917589460183,
 "snapperCoalescentRate.stacey.58": 1.02508693714388,
 "snapperCoalescentRate.stacey.59": 0.864593910442139,
 "snapperCoalescentRate.stacey.60": 1.10458685715901,
 "snapperCoalescentRate.stacey.61": 0.912339492374847,
 "snapperCoalescentRate.stacey.62": 1.21902940465084,
 "snapperCoalescentRate.stacey.63": 0.979027034382994,
 "snapperCoalescentRate.stacey.64": 0.882926342626202,
 "snapperCoalescentRate.stacey.65": 0.916412924433697,
 "snapperCoalescentRate.stacey.66": 0.920862591402338,
 "snapperCoalescentRate.stacey.67": 1.14860597695894,
 "snapperCoalescentRate.stacey.68": 0.963425658979036,
 "snapperCoalescentRate.stacey.69": 0.951538910452374,
 "snapperCoalescentRate.stacey.70": 0.992634323082474,
 "snapperCoalescentRate.stacey.71": 0.994905368948486,
 "snapperCoalescentRate.stacey.72": 0.908435053357723,
 "snapperCoalescentRate.stacey.73": 0.867974068042488,
 "snapperCoalescentRate.stacey.74": 0.95986695307176,
 "snapperCoalescentRate.stacey.75": 1.00860552799336,
 "snapperCoalescentRate.stacey.76": 1.0122623167965,
 "snapperCoalescentRate.stacey.77": 1.2802331314327,
 "snapperCoalescentRate.stacey.78": 0.895635349472657,
 "snapperCoalescentRate.stacey.79": 1.04130581687072,
 "bdcGrowthRateRate.Species": 0.140055277355187,
 "relativeDeathRate.Species": 0,
 "collapseWeight.Species": 0.310357245131941,
 "originHeight.Species": 7.61292869307441e+98,
 "BirthDeathCollapseModel.Species": 158.377031018193,
 "BirthRates.1": 18.5554494317147,
 "BirthRates.2": 7.62600398820158,
 "BirthRates.3": 4.24174159906357,
 "BirthRates.4": 7.67572214353046,
 "clusterCount": 21,