{
 "Sample": 34550000,
 "posterior": 390.654383308395,
 "likelihood": 0,
 "prior": 390.654383308395,
 "TreeHeight.stacey": 0.132322133565953,
 "snapperCoalescentRate.stacey.1": 1.02994675965985,
 "snapperCoalescentRate.stacey.2": 1.1550940717299,
 "snapperCoalescentRate.stacey.3": 1.01403757730994,
 "snapperCoalescentRate.stacey.4": 1.13806499607961,
 "snapperCoalescentRate.stacey.5": 1.08075391938041,
 "snapperCoalescentRate.stacey.6": 0.985900403663113,
 "snapperCoalescentRate.stacey.7": 1.01139979222693,
 "snapperCoalescentRate.stacey.8": 0.95665471684199,
 "snapperCoalescentRate.stacey.9": 0.918428131662532,
 "snapperCoalescentRate.stacey.10": 1.05490586956167,
 "snapperCoalescentRate.stacey.11": 0.874521916662032,
 "snapperCoalescentRate.stacey.12": 0.972067935557198,
 "snapperCoalescentRate.stacey.13": 0.919269625625226,
 "snapperCoalescentRate.stacey.14": 1.00634947141153,
 "snapperCoalescentRate.stacey.15": 0.895465319620773,
 "snapperCoalescentRate.stacey.16": 0.939035994597192,
 "snapperCoalescentRate.stacey.17": 0.793322285257738,
 "snapperCoalescentRate.stacey.18": 1.08531739014594,
 "snapperCoalescentRate.stacey.19": 1.00629506498831,
 "snapperCoalescentRate.stacey.20": 0.897320547988929,
 "snapperCoalescentRate.stacey.21": 0.920323635831654,
 "snapperCoalescentRate.stacey.22": 0.83039304163522,
 "snapperCoalescentRate.stacey.23": 1.077994257194,
 "snapperCoalescentRate.stacey.24": 1.08477281011832,
 "snapperCoalescentRate.stacey.25": 0.748861937236853,
 "snapperCoalescentRate.stacey.26": 0.991445968680797,
 "snapperCoalescentRate.stacey.27": 1.01333562571888,
 "snapperCoalescentRate.stacey.28": 0.992958561792905,
 "snapperCoalescentRate.stacey.29": 0.899746336150948,
 "snapperCoalescentRate.stacey.30": 1.03980892076068,
 "snapperCoalescentRate.stacey.31": 0.981096985734478,
 "snapperCoalescentRate.stacey.32": 0.990165387548192,
 "snapperCoalescentRate.stacey.33": 0.891284824231623,
 "snapperCoalescentRate.stacey.34": 1.1207635004083,
 "snapperCoalescentRate.stacey.35": 0.888056456090252,
 "snapperCoalescentRate.stacey.36": 1.19525385074539,
 "snapperCoalescentRate.stacey.37": 1.09075855325194,
 "snapperCoalescentRate.stacey.38": 0.998470577590787,
 "snapperCoalescentRate.stacey.39": 1.00457529943929,
 "snapperCoalescentRate.stacey.40": 1.00876598863535,
 "snapperCoalescentRate.stacey.41": 0.871181269461125,
 "snapperCoalescentRate.stacey.42": 1.06930008437545,
 "snapperCoalescentRate.stacey.43": 1.03495920062902,
 "snapperCoalescentRate.stacey.44": 1.08272843965712,
 "snapperCoalescentRate.stacey.45": 1.01704439678707,
 "snapperCoalescentRate.stacey.46": 1.16393298841998,
 "snapperCoalescentRate.stacey.47": 1.06837624205164,
 "snapperCoalescentRate.stacey.48": 1.08326188550182,
 "snapperCoalescentRate.stacey.49": 0.921612845146803,
 "snapperCoalescentRate.stacey.50": 1.06795964268334,
 "snapperCoalescentRate.stacey.51": 1.08144117802073,
 "snapperCoalescentRate.stacey.52": 0.978408571338887,
 "snapperCoalescentRate.stacey.53": 1.07547214979282,
 "snapperCoalescentRate.stacey.54": 1.02825372918714,
 "snapperCoalescentRate.stacey.55": 0.834703209207332,
 "snapperCoalescentRate.stacey.56": 0.957839956083131,
 "snapperCoalescentRate.stacey.57": 0.894858255199402,
 "snapperCoalescentRate.stacey.58": 1.07356947298389,
 "snapperCoalescentRate.stacey.59": 1.01762945213128,
 "snapperCoalescentRate.stacey.60": 0.794200868736357,
 "snapperCoalescentRate.stacey.61": 0.906459725520118,
 "snapperCoalescentRate.stacey.62": 1.02044173526863,
 "snapperCoalescentRate.stacey.63": 1.13928738629,
 "snapperCoalescentRate.stacey.64": 0.904893618605755,
 "snapperCoalescentRate.stacey.65": 1.05239575106331,
 "snapperCoalescentRate.stacey.66": 1.00457358486314,
 "snapperCoalescentRate.stacey.67": 0.902209583738146,
 "snapperCoalescentRate.stacey.68": 0.912738739625379,
 "snapperCoalescentRate.stacey.69": 0.802618568259399,
 "snapperCoalescentRate.stacey.70": 1.01138662530519,
 "snapperCoalescentRate.stacey.71": 0.926983596016238,
 "snapperCoalescentRate.stacey.72": 1.07022015317857,
 "snapperCoalescentRate.stacey.73": 1.22814042729056,
 "snapperCoalescentRate.stacey.74": 1.02953859648272,
 "snapperCoalescentRate.stacey.75": 0.76004449079574,
 "snapperCoalescentRate.stacey.76": 0.922993347344968,
 "snapperCoalescentRate.stacey.77": 1.01198571443172,
 "snapperCoalescentRate.stacey.78": 1.02984043656971,
 "snapperCoalescentRate.stacey.79": 0.932904882659877,
 "bdcGrowthRateRate.Species": 0.207404042146461,
 "relativeDeathRate.Species": 0,
 "collapseWeight.Species": 0.863387069132031,
 "originHeight.Species": 1.86302105996397e+98,
 "BirthDeathCollapseModel.Species": 320.185973452508,
 "BirthRates.1": 106.135251501729,
 "BirthRates.2": 11.309478123832,
 "BirthRates.3": 5.36158912943222,
 "BirthRates.4": 14.1159757722747,
 "clusterCount": 4,