{
 "Sample": 27700000,
 "posterior": 223.72761201028,
 "likelihood": 0,
 "prior": 223.72761201028,
 "TreeHeight.stacey": 0.153170027492408,
 "snapperCoalescentRate.stacey.1": 0.977858853798682,
 "snapperCoalescentRate.stacey.2": 0.994311111042715,
 "snapperCoalescentRate.stacey.3": 0.878546868540448,
 "snapperCoalescentRate.stacey.4": 1.01811233072322,
 "snapperCoalescentRate.stacey.5": 0.950168878177624,
 "snapperCoalescentRate.stacey.6": 0.962740704614666,
 "snapperCoalescentRate.stacey.7": 1.00373895846608,
 "snapperCoalescentRate.stacey.8": 1.08730168013708,
 "snapperCoalescentRate.stacey.9": 1.03746688881627,
 "snapperCoalescentRate.stacey.10": 0.972526467041158,
 "snapperCoalescentRate.stacey.11": 1.17131252168238,
 "snapperCoalescentRate.stacey.12": 1.00196079118422,
 "snapperCoalescentRate.stacey.13": 1.07789252083779,
 "snapperCoalescentRate.stacey.14": 0.928427575583126,
 "snapperCoalescentRate.stacey.15": 1.00742351897353,
 "snapperCoalescentRate.stacey.16": 0.89151269979115,
 "snapperCoalescentRate.stacey.17": 1.01173015422177,
 "snapperCoalescentRate.stacey.18": 0.896703464662442,
 "snapperCoalescentRate.stacey.19": 0.941417569627943,
 "snapperCoalescentRate.stacey.20": 0.920782838394886,
 "snapperCoalescentRate.stacey.21": 1.0946301398052,
 "snapperCoalescentRate.stacey.22": 0.99619388030006,
 "snapperCoalescentRate.stacey.23": 1.03858525819361,
 "snapperCoalescentRate.stacey.24": 0.957995444281707,
 "snapperCoalescentRate.stacey.25": 0.761354081125389,
 "snapperCoalescentRate.stacey.26": 0.812074444659099,
 "snapperCoalescentRate.stacey.27": 1.08569527778321,
 "snapperCoalescentRate.stacey.28": 1.14371721486271,
 "snapperCoalescentRate.stacey.29": 0.979824985587226,
 "snapperCoalescentRate.stacey.30": 0.972244794320583,
 "snapperCoalescentRate.stacey.31": 0.924404520600157,
 "snapperCoalescentRate.stacey.32": 0.796135054468804,
 "snapperCoalescentRate.stacey.33": 0.943791129213253,
 "snapperCoalescentRate.stacey.34": 1.32248481062391,
 "snapperCoalescentRate.stacey.35": 0.994750023791368,
 "snapperCoalescentRate.stacey.36": 1.131368098871,
 "snapperCoalescentRate.stacey.37": 0.806417500418636,
 "snapperCoalescentRate.stacey.38": 0.86434553356262,
 "snapperCoalescentRate.stacey.39": 0.868085791187109,
 "snapperCoalescentRate.stacey.40": 0.973668750859511,
 "snapperCoalescentRate.stacey.41": 1.04859943438304,
 "snapperCoalescentRate.stacey.42": 1.02492992388903,
 "snapperCoalescentRate.stacey.43": 0.981076353835353,
 "snapperCoalescentRate.stacey.44": 0.95633567868043,
 "snapperCoalescentRate.stacey.45": 0.925198837105736,
 "snapperCoalescentRate.stacey.46": 0.880974404610423,
 "snapperCoalescentRate.stacey.47": 0.956887297750398,
 "snapperCoalescentRate.stacey.48": 1.08788020718981,
 "snapperCoalescentRate.stacey.49": 0.914266666993314,
 "snapperCoalescentRate.stacey.50": 0.883373941556968,
 "snapperCoalescentRate.stacey.51": 1.00409186534277,
 "snapperCoalescentRate.stacey.52": 1.03387840515728,
 "snapperCoalescentRate.stacey.53": 0.866345611675622,
 "snapperCoalescentRate.stacey.54": 1.01603079602768,
 "snapperCoalescentRate.stacey.55": 0.812481527191897,
 "snapperCoalescentRate.stacey.56": 1.07410601363015,
 "snapperCoalescentRate.stacey.57": 0.939352107170285,
 "snapperCoalescentRate.stacey.58": 1.02816362985103,
 "snapperCoalescentRate.stacey.59": 1.04689907988517,
 "snapperCoalescentRate.stacey.60": 0.827611221664656,
 "snapperCoalescentRate.stacey.61": 1.00741445588512,
 "snapperCoalescentRate.stacey.62": 1.03108252222207,
 "snapperCoalescentRate.stacey.63": 0.928572310563234,
 "snapperCoalescentRate.stacey.64": 0.925280622046576,
 "snapperCoalescentRate.stacey.65": 0.874683447419113,
 "snapperCoalescentRate.stacey.66": 0.929898830422447,
 "snapperCoalescentRate.stacey.67": 0.989873830588804,
 "snapperCoalescentRate.stacey.68": 1.06699142077947,
 "snapperCoalescentRate.stacey.69": 0.850189710938751,
 "snapperCoalescentRate.stacey.70": 1.06957472425189,
 "snapperCoalescentRate.stacey.71": 1.19595970306528,
 "snapperCoalescentRate.stacey.72": 0.713682799118801,
 "snapperCoalescentRate.stacey.73": 1.09675794018988,
 "snapperCoalescentRate.stacey.74": 1.04902826344128,
 "snapperCoalescentRate.stacey.75": 0.915902980463358,
 "snapperCoalescentRate.stacey.76": 0.968075399203173,
 "snapperCoalescentRate.stacey.77": 1.10621615276521,
 "snapperCoalescentRate.stacey.78": 0.891417136425638,
 "snapperCoalescentRate.stacey.79": 0.864143800659098,
 "bdcGrowthRateRate.Species": 0.185579778414124,
 "relativeDeathRate.Species": 0,
 "collapseWeight.Species": 0.389585281280736,
 "originHeight.Species": 3.3606856802011e+98,
 "BirthDeathCollapseModel.Species": 155.678879108407,
 "BirthRates.1": 31.6547254395631,
 "BirthRates.2": 16.7370052251055,
 "BirthRates.3": 10.7813875387418,
 "BirthRates.4": 24.5624008201537,
 "clusterCount": 24,