{
 "Sample": 39100000,
 "posterior": 203.600272358615,
 "likelihood": 0,
 "prior": 203.600272358615,
 "TreeHeight.stacey": 0.32489128935754,
 "snapperCoalescentRate.stacey.1": 0.908496157448216,
 "snapperCoalescentRate.stacey.2": 1.06117446124717,
 "snapperCoalescentRate.stacey.3": 0.928594282952068,
 "snapperCoalescentRate.stacey.4": 0.956986313510729,
 "snapperCoalescentRate.stacey.5": 0.744254450215293,
 "snapperCoalescentRate.stacey.6": 0.958825086680134,
 "snapperCoalescentRate.stacey.7": 1.02224559719961,
 "snapperCoalescentRate.stacey.8": 1.03538113351621,
 "snapperCoalescentRate.stacey.9": 1.03994052895941,
 "snapperCoalescentRate.stacey.10": 0.917932712883765,
 "snapperCoalescentRate.stacey.11": 1.13299657246255,
 "snapperCoalescentRate.stacey.12": 0.969325444418267,
 "snapperCoalescentRate.stacey.13": 0.883293247615319,
 "snapperCoalescentRate.stacey.14": 1.04453457498729,
 "snapperCoalescentRate.stacey.15": 1.00732464138866,
 "snapperCoalescentRate.stacey.16": 1.11942372401387,
 "snapperCoalescentRate.stacey.17": 1.13592390906953,
 "snapperCoalescentRate.stacey.18": 0.853424050618853,
 "snapperCoalescentRate.stacey.19": 1.01376995534554,
 "snapperCoalescentRate.stacey.20": 1.05122830825081,
 "snapperCoalescentRate.stacey.21": 1.00765223562405,
 "snapperCoalescentRate.stacey.22": 1.01926138443645,
 "snapperCoalescentRate.stacey.23": 0.998347484028041,
 "snapperCoalescentRate.stacey.24": 1.09656757606247,
 "snapperCoalescentRate.stacey.25": 1.276769848267,
 "snapperCoalescentRate.stacey.26": 0.978001655939727,
 "snapperCoalescentRate.stacey.27": 0.921190754983568,
 "snapperCoalescentRate.stacey.28": 1.10415230547847,
 "snapperCoalescentRate.stacey.29": 1.00941807645106,
 "snapperCoalescentRate.stacey.30": 1.01148541783557,
 "snapperCoalescentRate.stacey.31": 1.00615448139555,
 "snapperCoalescentRate.stacey.32": 1.02972615447752,
 "snapperCoalescentRate.stacey.33": 1.10691167723965,
 "snapperCoalescentRate.stacey.34": 0.944444517282139,
 "snapperCoalescentRate.stacey.35": 0.999492637680964,
 "snapperCoalescentRate.stacey.36": 0.981248954114326,
 "snapperCoalescentRate.stacey.37": 1.13120705536518,
 "snapperCoalescentRate.stacey.38": 0.985929954435046,
 "snapperCoalescentRate.stacey.39": 1.0547587889562,
 "snapperCoalescentRate.stacey.40": 0.923651295246151,
 "snapperCoalescentRate.stacey.41": 0.960552180984032,
 "snapperCoalescentRate.stacey.42": 0.907324408053656,
 "snapperCoalescentRate.stacey.43": 1.01353821049039,
 "snapperCoalescentRate.stacey.44": 0.870619627199876,
 "snapperCoalescentRate.stacey.45": 0.971498809999456,
 "snapperCoalescentRate.stacey.46": 0.973367108254245,
 "snapperCoalescentRate.stacey.47": 1.13478363408651,
 "snapperCoalescentRate.stacey.48": 0.949418027704112,
 "snapperCoalescentRate.stacey.49": 0.929588697907812,
 "snapperCoalescentRate.stacey.50": 1.10647388251743,
 "snapperCoalescentRate.stacey.51": 0.976551477693556,
 "snapperCoalescentRate.stacey.52": 0.931799651952743,
 "snapperCoalescentRate.stacey.53": 1.01996723758826,
 "snapperCoalescentRate.stacey.54": 1.07867931326855,
 "snapperCoalescentRate.stacey.55": 0.867669805895925,
 "snapperCoalescentRate.stacey.56": 0.998170415438571,
 "snapperCoalescentRate.stacey.57": 1.18754050699384,
 "snapperCoalescentRate.stacey.58": 1.03304856820744,
 "snapperCoalescentRate.stacey.59": 1.11907847596238,
 "snapperCoalescentRate.stacey.60": 1.13617330131702,
 "snapperCoalescentRate.stacey.61": 1.06353513698816,
 "snapperCoalescentRate.stacey.62": 1.0931484658364,
 "snapperCoalescentRate.stacey.63": 0.787661708526806,
 "snapperCoalescentRate.stacey.64": 1.07534147559544,
 "snapperCoalescentRate.stacey.65": 0.866697470591071,
 "snapperCoalescentRate.stacey.66": 0.960833317536151,
 "snapperCoalescentRate.stacey.67": 1.15109752380392,
 "snapperCoalescentRate.stacey.68": 0.997872634078648,
 "snapperCoalescentRate.stacey.69": 0.926437431573154,
 "snapperCoalescentRate.stacey.70": 0.942296102261172,
 "snapperCoalescentRate.stacey.71": 0.836092880659979,
 "snapperCoalescentRate.stacey.72": 1.00458416965334,
 "snapperCoalescentRate.stacey.73": 0.976574875429895,
 "snapperCoalescentRate.stacey.74": 1.14144262946867,
 "snapperCoalescentRate.stacey.75": 1.13204609218975,
 "snapperCoalescentRate.stacey.76": 0.987264222417901,
 "snapperCoalescentRate.stacey.77": 0.827054406379159,
 "snapperCoalescentRate.stacey.78": 1.12304698249864,
 "snapperCoalescentRate.stacey.79": 0.912209368356992,
 "bdcGrowthRateRate.Species": 0.164145404064067,
 "relativeDeathRate.Species": 0,
 "collapseWeight.Species": 0.329992517568848,
 "originHeight.Species": 5.99132525980577e+98,
 "BirthDeathCollapseModel.Species": 128.664581704039,
 "BirthRates.1": 7.85528220614995,
 "BirthRates.2": 6.7699383878408,
 "BirthRates.3": 9.40443871524024,
 "BirthRates.4": 8.115083531302,
 "clusterCount": 25,