{
 "Sample": 38850000,
 "posterior": 295.550373031161,
 "likelihood": 0,
 "prior": 295.550373031161,
 "TreeHeight.stacey": 0.0948050128066544,
 "snapperCoalescentRate.stacey.1": 1.04716669111502,
 "snapperCoalescentRate.stacey.2": 1.09552264721996,
 "snapperCoalescentRate.stacey.3": 1.09396785324476,
 "snapperCoalescentRate.stacey.4": 0.91546989953198,
 "snapperCoalescentRate.stacey.5": 1.01625942384423,
 "snapperCoalescentRate.stacey.6": 1.14750773302045,
 "snapperCoalescentRate.stacey.7": 0.919921623260123,
 "snapperCoalescentRate.stacey.8": 1.00412629115599,
 "snapperCoalescentRate.stacey.9": 1.19087345655172,
 "snapperCoalescentRate.stacey.10": 1.13741865940198,
 "snapperCoalescentRate.stacey.11": 1.10406568250185,
 "snapperCoalescentRate.stacey.12": 0.965391884013271,
 "snapperCoalescentRate.stacey.13": 0.965599166495954,
 "snapperCoalescentRate.stacey.14": 0.896018242264774,
 "snapperCoalescentRate.stacey.15": 0.916787940353376,
 "snapperCoalescentRate.stacey.16": 1.11656443135174,
 "snapperCoalescentRate.stacey.17": 0.937496032733178,
 "snapperCoalescentRate.stacey.18": 1.06994940227132,
 "snapperCoalescentRate.stacey.19": 1.12776635196409,
 "snapperCoalescentRate.stacey.20": 0.962850579729179,
 "snapperCoalescentRate.stacey.21": 1.00727181555425,
 "snapperCoalescentRate.stacey.22": 0.918478223102759,
 "snapperCoalescentRate.stacey.23": 0.867266299180368,
 "snapperCoalescentRate.stacey.24": 0.952383283085338,
 "snapperCoalescentRate.stacey.25": 1.07505518427053,
 "snapperCoalescentRate.stacey.26": 0.847498637568607,
 "snapperCoalescentRate.stacey.27": 0.852620574063139,
 "snapperCoalescentRate.stacey.28": 0.843488856633366,
 "snapperCoalescentRate.stacey.29": 0.920478547997573,
 "snapperCoalescentRate.stacey.30": 0.929257826840605,
 "snapperCoalescentRate.stacey.31": 1.21568080351504,
 "snapperCoalescentRate.stacey.32": 1.2021153574376,
 "snapperCoalescentRate.stacey.33": 0.8771308290069,
 "snapperCoalescentRate.stacey.34": 0.987307416654329,
 "snapperCoalescentRate.stacey.35": 1.00481883966328,
 "snapperCoalescentRate.stacey.36": 1.10010207439375,
 "snapperCoalescentRate.stacey.37": 0.978264011527531,
 "snapperCoalescentRate.stacey.38": 1.04927116063036,
 "snapperCoalescentRate.stacey.39": 0.984319328692662,
 "snapperCoalescentRate.stacey.40": 0.953790036800294,
 "snapperCoalescentRate.stacey.41": 1.03398161503062,
 "snapperCoalescentRate.stacey.42": 1.01288971632098,
 "snapperCoalescentRate.stacey.43": 1.08620078362072,
 "snapperCoalescentRate.stacey.44": 0.891537173564173,
 "snapperCoalescentRate.stacey.45": 0.947734782401427,
 "snapperCoalescentRate.stacey.46": 0.874933598898621,
 "snapperCoalescentRate.stacey.47": 0.883956617646704,
 "snapperCoalescentRate.stacey.48": 1.10202745457907,
 "snapperCoalescentRate.stacey.49": 1.09387279835604,
 "snapperCoalescentRate.stacey.50": 1.08525689700746,
 "snapperCoalescentRate.stacey.51": 1.08386383778565,
 "snapperCoalescentRate.stacey.52": 0.923541484914218,
 "snapperCoalescentRate.stacey.53": 0.828999110323297,
 "snapperCoalescentRate.stacey.54": 1.04719286675991,
 "snapperCoalescentRate.stacey.55": 0.955653733651038,
 "snapperCoalescentRate.stacey.56": 0.876572979769672,
 "snapperCoalescentRate.stacey.57": 0.968208514769983,
 "snapperCoalescentRate.stacey.58": 0.851605359760098,
 "snapperCoalescentRate.stacey.59": 1.13495633649621,
 "snapperCoalescentRate.stacey.60": 1.01097391014726,
 "snapperCoalescentRate.stacey.61": 0.758984507950233,
 "snapperCoalescentRate.stacey.62": 0.926044327724726,
 "snapperCoalescentRate.stacey.63": 0.970768686633106,
 "snapperCoalescentRate.stacey.64": 0.940285759458378,
 "snapperCoalescentRate.stacey.65": 1.04461891051867,
 "snapperCoalescentRate.stacey.66": 1.01530649502169,
 "snapperCoalescentRate.stacey.67": 0.963163272816049,
 "snapperCoalescentRate.stacey.68": 0.877845854418391,
 "snapperCoalescentRate.stacey.69": 1.0910889347114,
 "snapperCoalescentRate.stacey.70": 0.96667316840012,
 "snapperCoalescentRate.stacey.71": 0.875158735833388,
 "snapperCoalescentRate.stacey.72": 1.08020664307563,
 "snapperCoalescentRate.stacey.73": 0.970761805445791,
 "snapperCoalescentRate.stacey.74": 0.969877095237712,
 "snapperCoalescentRate.stacey.75": 1.13868290218897,
 "snapperCoalescentRate.stacey.76": 1.0399453314759,
 "snapperCoalescentRate.stacey.77": 0.97129562766771,
 "snapperCoalescentRate.stacey.78": 1.00687388463045,
 "snapperCoalescentRate.stacey.79": 0.87506858086431,
 "bdcGrowthRateRate.Species": 0.18047170700497,
 "relativeDeathRate.Species": 0,
 "collapseWeight.Species": 0.722161712826496,
 "originHeight.Species": 1.54182543600303e+98,
 "BirthDeathCollapseModel.Species": 221.739858166756,
 "BirthRates.1": 67.2878291616296,
 "BirthRates.2": 40.2938072384561,
 "BirthRates.3": 3.17132781073877,
 "BirthRates.4": 18.3531158241858,
 "clusterCount": 16,