{
 "Sample": 46200000,
 "posterior": 247.919026463004,
 "likelihood": 0,
 "prior": 247.919026463004,
 "TreeHeight.stacey": 0.228665788973502,
 "snapperCoalescentRate.stacey.1": 0.88949449879795,
 "snapperCoalescentRate.stacey.2": 1.03151468264023,
 "snapperCoalescentRate.stacey.3": 1.06940455669518,
 "snapperCoalescentRate.stacey.4": 1.03031524721149,
 "snapperCoalescentRate.stacey.5": 1.17608669664732,
 "snapperCoalescentRate.stacey.6": 1.07257472963777,
 "snapperCoalescentRate.stacey.7": 0.858188696960855,
 "snapperCoalescentRate.stacey.8": 0.916323773985085,
 "snapperCoalescentRate.stacey.9": 0.950829875542569,
 "snapperCoalescentRate.stacey.10": 0.900559516360853,
 "snapperCoalescentRate.stacey.11": 1.15895771887834,
 "snapperCoalescentRate.stacey.12": 1.13852240643239,
 "snapperCoalescentRate.stacey.13": 1.04296110904947,
 "snapperCoalescentRate.stacey.14": 1.09128807361054,
 "snapperCoalescentRate.stacey.15": 1.04029211761185,
 "snapperCoalescentRate.stacey.16": 1.0539908329426,
 "snapperCoalescentRate.stacey.17": 0.93819361512328,
 "snapperCoalescentRate.stacey.18": 0.837291717888582,
 "snapperCoalescentRate.stacey.19": 1.0906277298547,
 "snapperCoalescentRate.stacey.20": 0.863569567319577,
 "snapperCoalescentRate.stacey.21": 0.984479486439773,
 "snapperCoalescentRate.stacey.22": 1.11541178828117,
 "snapperCoalescentRate.stacey.23": 1.0174081634693,
 "snapperCoalescentRate.stacey.24": 0.999024756720366,
 "snapperCoalescentRate.stacey.25": 0.981385620173832,
 "snapperCoalescentRate.stacey.26": 0.880874709242853,
 "snapperCoalescentRate.stacey.27": 1.15258863338424,
 "snapperCoalescentRate.stacey.28": 0.959732554469946,
 "snapperCoalescentRate.stacey.29": 1.09225146594592,
 "snapperCoalescentRate.stacey.30": 0.996614458553326,
 "snapperCoalescentRate.stacey.31": 1.07545389353467,
 "snapperCoalescentRate.stacey.32": 1.00273404810865,
 "snapperCoalescentRate.stacey.33": 0.99207281178202,
 "snapperCoalescentRate.stacey.34": 0.942822350286785,
 "snapperCoalescentRate.stacey.35": 0.967196912566506,
 "snapperCoalescentRate.stacey.36": 0.985260155821445,
 "snapperCoalescentRate.stacey.37": 1.07478596825265,
 "snapperCoalescentRate.stacey.38": 1.16546765634261,
 "snapperCoalescentRate.stacey.39": 1.00837063014703,
 "snapperCoalescentRate.stacey.40": 0.968655254295704,
 "snapperCoalescentRate.stacey.41": 0.807909709355988,
 "snapperCoalescentRate.stacey.42": 1.06635249932187,
 "snapperCoalescentRate.stacey.43": 1.06608844169267,
 "snapperCoalescentRate.stacey.44": 0.926423324623118,
 "snapperCoalescentRate.stacey.45": 0.996462329054321,
 "snapperCoalescentRate.stacey.46": 1.02334681319648,
 "snapperCoalescentRate.stacey.47": 1.02169872206381,
 "snapperCoalescentRate.stacey.48": 1.1310773617343,
 "snapperCoalescentRate.stacey.49": 0.932697886076294,
 "snapperCoalescentRate.stacey.50": 0.901219530974681,
 "snapperCoalescentRate.stacey.51": 1.0905432800197,
 "snapperCoalescentRate.stacey.52": 0.89398172625382,
 "snapperCoalescentRate.stacey.53": 0.804234183027685,
 "snapperCoalescentRate.stacey.54": 1.24585454483659,
 "snapperCoalescentRate.stacey.55": 0.923506714934253,
 "snapperCoalescentRate.stacey.56": 0.965268590239076,
 "snapperCoalescentRate.stacey.57": 0.894806382060199,
 "snapperCoalescentRate.stacey.58": 0.891603561940464,
 "snapperCoalescentRate.stacey.59": 0.95454523116725,
 "snapperCoalescentRate.stacey.60": 1.16110505436151,
 "snapperCoalescentRate.stacey.61": 1.00747382421797,
 "snapperCoalescentRate.stacey.62": 0.924024607563191,
 "snapperCoalescentRate.stacey.63": 0.948865331053527,
 "snapperCoalescentRate.stacey.64": 0.959665302598303,
 "snapperCoalescentRate.stacey.65": 1.11024196934425,
 "snapperCoalescentRate.stacey.66": 0.846602022098886,
 "snapperCoalescentRate.stacey.67": 1.07098739468414,
 "snapperCoalescentRate.stacey.68": 1.03818962583299,
 "snapperCoalescentRate.stacey.69": 1.12669033419981,
 "snapperCoalescentRate.stacey.70": 1.0174339153251,
 "snapperCoalescentRate.stacey.71": 1.0672441643635,
 "snapperCoalescentRate.stacey.72": 1.13332339403954,
 "snapperCoalescentRate.stacey.73": 1.1328876305618,
 "snapperCoalescentRate.stacey.74": 0.909192776501021,
 "snapperCoalescentRate.stacey.75": 1.05436266019348,
 "snapperCoalescentRate.stacey.76": 0.946603570938143,
 "snapperCoalescentRate.stacey.77": 1.02774280310501,
 "snapperCoalescentRate.stacey.78": 1.08779166372768,
 "snapperCoalescentRate.stacey.79": 1.08499147018931,
 "bdcGrowthRateRate.Species": 0.141721190263545,
 "relativeDeathRate.Species": 0,
 "collapseWeight.Species": 0.367670441978891,
 "originHeight.Species": 5.32914088095328e+98,
 "BirthDeathCollapseModel.Species": 172.945378408058,
 "BirthRates.1": 11.4646951310205,
 "BirthRates.2": 8.99341226011129,
 "BirthRates.3": 12.4996992292112,
 "BirthRates.4": 27.7034018434784,
 "clusterCount": 20,