{
 "Sample": 38100000,
 "posterior": 188.785227788837,
 "likelihood": 0,
 "prior": 188.785227788837,
 "TreeHeight.stacey": 0.575996049644489,
 "snapperCoalescentRate.stacey.1": 1.04842659732132,
 "snapperCoalescentRate.stacey.2": 1.0229230700085,
 "snapperCoalescentRate.stacey.3": 1.07453089503322,
 "snapperCoalescentRate.stacey.4": 1.04600182858524,
 "snapperCoalescentRate.stacey.5": 1.01095813449956,
 "snapperCoalescentRate.stacey.6": 0.997402180914774,
 "snapperCoalescentRate.stacey.7": 0.923945210834014,
 "snapperCoalescentRate.stacey.8": 1.01366819263095,
 "snapperCoalescentRate.stacey.9": 0.952431962023674,
 "snapperCoalescentRate.stacey.10": 0.825771598678445,
 "snapperCoalescentRate.stacey.11": 1.03593475437613,
 "snapperCoalescentRate.stacey.12": 0.864622330308288,
 "snapperCoalescentRate.stacey.13": 1.03047364391551,
 "snapperCoalescentRate.stacey.14": 1.01045119467767,
 "snapperCoalescentRate.stacey.15": 1.17690690074369,
 "snapperCoalescentRate.stacey.16": 0.94213803034876,
 "snapperCoalescentRate.stacey.17": 0.853687556024689,
 "snapperCoalescentRate.stacey.18": 1.17176472628753,
 "snapperCoalescentRate.stacey.19": 0.990356812126301,
 "snapperCoalescentRate.stacey.20": 1.04166070809892,
 "snapperCoalescentRate.stacey.21": 0.990152926210829,
 "snapperCoalescentRate.stacey.22": 0.815067243360759,
 "snapperCoalescentRate.stacey.23": 1.14892985800217,
 "snapperCoalescentRate.stacey.24": 0.976611749334975,
 "snapperCoalescentRate.stacey.25": 0.948031949905192,
 "snapperCoalescentRate.stacey.26": 0.986558510916971,
 "snapperCoalescentRate.stacey.27": 0.86794233675579,
 "snapperCoalescentRate.stacey.28": 0.988754602382089,
 "snapperCoalescentRate.stacey.29": 1.10959081597368,
 "snapperCoalescentRate.stacey.30": 0.923259869961582,
 "snapperCoalescentRate.stacey.31": 1.01145901112307,
 "snapperCoalescentRate.stacey.32": 1.14402424022965,
 "snapperCoalescentRate.stacey.33": 1.13187021967409,
 "snapperCoalescentRate.stacey.34": 0.855051319593554,
 "snapperCoalescentRate.stacey.35": 0.834614955278424,
 "snapperCoalescentRate.stacey.36": 0.981621176644146,
 "snapperCoalescentRate.stacey.37": 1.02825427336505,
 "snapperCoalescentRate.stacey.38": 1.02555558043204,
 "snapperCoalescentRate.stacey.39": 0.995680275464753,
 "snapperCoalescentRate.stacey.40": 0.945655738318013,
 "snapperCoalescentRate.stacey.41": 1.00656707276628,
 "snapperCoalescentRate.stacey.42": 0.957653166010678,
 "snapperCoalescentRate.stacey.43": 1.07159307814694,
 "snapperCoalescentRate.stacey.44": 0.959629910550508,
 "snapperCoalescentRate.stacey.45": 0.950541915432711,
 "snapperCoalescentRate.stacey.46": 0.940319358488853,
 "snapperCoalescentRate.stacey.47": 0.847559926668736,
 "snapperCoalescentRate.stacey.48": 1.03000968525413,
 "snapperCoalescentRate.stacey.49": 1.1425379372211,
 "snapperCoalescentRate.stacey.50": 0.92204766136251,
 "snapperCoalescentRate.stacey.51": 0.918529662724631,
 "snapperCoalescentRate.stacey.52": 0.999046775979337,
 "snapperCoalescentRate.stacey.53": 0.997355650194375,
 "snapperCoalescentRate.stacey.54": 0.99482317674362,
 "snapperCoalescentRate.stacey.55": 1.01129028957109,
 "snapperCoalescentRate.stacey.56": 0.966804247651791,
 "snapperCoalescentRate.stacey.57": 1.07303686303542,
 "snapperCoalescentRate.stacey.58": 0.926402137528683,
 "snapperCoalescentRate.stacey.59": 1.07894669748453,
 "snapperCoalescentRate.stacey.60": 1.04067137167785,
 "snapperCoalescentRate.stacey.61": 1.15908102561747,
 "snapperCoalescentRate.stacey.62": 0.883924139396794,
 "snapperCoalescentRate.stacey.63": 1.04503857168305,
 "snapperCoalescentRate.stacey.64": 0.972502338114323,
 "snapperCoalescentRate.stacey.65": 1.0593730339508,
 "snapperCoalescentRate.stacey.66": 0.997258909835274,
 "snapperCoalescentRate.stacey.67": 1.09032632503992,
 "snapperCoalescentRate.stacey.68": 0.958482650678617,
 "snapperCoalescentRate.stacey.69": 0.919847605749728,
 "snapperCoalescentRate.stacey.70": 0.915097641569483,
 "snapperCoalescentRate.stacey.71": 1.07761160677981,
 "snapperCoalescentRate.stacey.72": 0.861103510327617,
 "snapperCoalescentRate.stacey.73": 0.864804411794369,
 "snapperCoalescentRate.stacey.74": 1.14713265641524,
 "snapperCoalescentRate.stacey.75": 0.780835516384429,
 "snapperCoalescentRate.stacey.76": 1.00311580986818,
 "snapperCoalescentRate.stacey.77": 0.875036439366763,
 "snapperCoalescentRate.stacey.78": 1.06851247896654,
 "snapperCoalescentRate.stacey.79": 1.0523584510139,
 "bdcGrowthRateRate.Species": 0.224702041754825,
 "relativeDeathRate.Species": 0,
 "collapseWeight.Species": 0.473278799584946,
 "originHeight.Species": 3.15202665566194e+98,
 "BirthDeathCollapseModel.Species": 109.524116556065,
 "BirthRates.1": 4.50003656709449,
 "BirthRates.2": 2.68776808707838,
 "BirthRates.3": 4.86735703293834,
 "BirthRates.4": 7.85079301351382,
 "clusterCount": 26,