{
 "Sample": 35800000,
 "posterior": 310.853547329797,
 "likelihood": 0,
 "prior": 310.853547329797,
 "TreeHeight.stacey": 0.187340477548088,
 "snapperCoalescentRate.stacey.1": 1.15383443762816,
 "snapperCoalescentRate.stacey.2": 0.923739375540993,
 "snapperCoalescentRate.stacey.3": 0.903024790297298,
 "snapperCoalescentRate.stacey.4": 1.06483545244198,
 "snapperCoalescentRate.stacey.5": 0.979876645822589,
 "snapperCoalescentRate.stacey.6": 0.931940273367317,
 "snapperCoalescentRate.stacey.7": 1.02027753776452,
 "snapperCoalescentRate.stacey.8": 1.12316628113266,
 "snapperCoalescentRate.stacey.9": 1.01993027361926,
 "snapperCoalescentRate.stacey.10": 0.964645949015979,
 "snapperCoalescentRate.stacey.11": 1.02563822239979,
 "snapperCoalescentRate.stacey.12": 1.15193613780946,
 "snapperCoalescentRate.stacey.13": 0.969406564713299,
 "snapperCoalescentRate.stacey.14": 1.01112041653118,
 "snapperCoalescentRate.stacey.15": 0.896406505829623,
 "snapperCoalescentRate.stacey.16": 1.06329620137369,
 "snapperCoalescentRate.stacey.17": 1.02779015657942,
 "snapperCoalescentRate.stacey.18": 1.19203355093889,
 "snapperCoalescentRate.stacey.19": 1.09302548913728,
 "snapperCoalescentRate.stacey.20": 1.04775053504313,
 "snapperCoalescentRate.stacey.21": 1.01903006682195,
 "snapperCoalescentRate.stacey.22": 0.996887593534571,
 "snapperCoalescentRate.stacey.23": 0.931004426192144,
 "snapperCoalescentRate.stacey.24": 1.15217285458105,
 "snapperCoalescentRate.stacey.25": 1.16381969503346,
 "snapperCoalescentRate.stacey.26": 1.01298831457576,
 "snapperCoalescentRate.stacey.27": 0.977332493363764,
 "snapperCoalescentRate.stacey.28": 1.23252263634422,
 "snapperCoalescentRate.stacey.29": 0.973694227788133,
 "snapperCoalescentRate.stacey.30": 1.04532800092348,
 "snapperCoalescentRate.stacey.31": 1.00325644029149,
 "snapperCoalescentRate.stacey.32": 0.790425696436234,
 "snapperCoalescentRate.stacey.33": 1.07680931559677,
 "snapperCoalescentRate.stacey.34": 0.99810576745044,
 "snapperCoalescentRate.stacey.35": 1.18967085563802,
 "snapperCoalescentRate.stacey.36": 1.08913165842215,
 "snapperCoalescentRate.stacey.37": 0.942740682207111,
 "snapperCoalescentRate.stacey.38": 0.936057472109556,
 "snapperCoalescentRate.stacey.39": 0.988620865840428,
 "snapperCoalescentRate.stacey.40": 1.13023941039435,
 "snapperCoalescentRate.stacey.41": 0.826074096157767,
 "snapperCoalescentRate.stacey.42": 0.945446921909631,
 "snapperCoalescentRate.stacey.43": 0.968391571897587,
 "snapperCoalescentRate.stacey.44": 0.959606558440121,
 "snapperCoalescentRate.stacey.45": 0.77862875276872,
 "snapperCoalescentRate.stacey.46": 0.830934847712549,
 "snapperCoalescentRate.stacey.47": 0.885647252545625,
 "snapperCoalescentRate.stacey.48": 0.907270344798403,
 "snapperCoalescentRate.stacey.49": 0.935637459934026,
 "snapperCoalescentRate.stacey.50": 1.11754012841097,
 "snapperCoalescentRate.stacey.51": 1.04010596225351,
 "snapperCoalescentRate.stacey.52": 1.04338320282405,
 "snapperCoalescentRate.stacey.53": 1.02001605075357,
 "snapperCoalescentRate.stacey.54": 1.01359535232309,
 "snapperCoalescentRate.stacey.55": 1.06991175594008,
 "snapperCoalescentRate.stacey.56": 1.00382478919284,
 "snapperCoalescentRate.stacey.57": 1.07722713231865,
 "snapperCoalescentRate.stacey.58": 1.01793693015841,
 "snapperCoalescentRate.stacey.59": 0.919783244916512,
 "snapperCoalescentRate.stacey.60": 1.04806181359169,
 "snapperCoalescentRate.stacey.61": 0.913713869944563,
 "snapperCoalescentRate.stacey.62": 1.09630186115748,
 "snapperCoalescentRate.stacey.63": 1.24627984917836,
 "snapperCoalescentRate.stacey.64": 0.974640469523857,
 "snapperCoalescentRate.stacey.65": 0.987346135906813,
 "snapperCoalescentRate.stacey.66": 1.03155761942434,
 "snapperCoalescentRate.stacey.67": 1.00595769119983,
 "snapperCoalescentRate.stacey.68": 1.03762769263858,
 "snapperCoalescentRate.stacey.69": 0.94984473560024,
 "snapperCoalescentRate.stacey.70": 1.11182980212047,
 "snapperCoalescentRate.stacey.71": 1.02966605320878,
 "snapperCoalescentRate.stacey.72": 1.03912690214649,
 "snapperCoalescentRate.stacey.73": 0.943456239249504,
 "snapperCoalescentRate.stacey.74": 0.9870442381266,
 "snapperCoalescentRate.stacey.75": 0.897221762143538,
 "snapperCoalescentRate.stacey.76": 1.04766641108664,
 "snapperCoalescentRate.stacey.77": 0.955766622040189,
 "snapperCoalescentRate.stacey.78": 1.01899995126966,
 "snapperCoalescentRate.stacey.79": 0.899203543851546,
 "bdcGrowthRateRate.Species": 0.172815532532225,
 "relativeDeathRate.Species": 0,
 "collapseWeight.Species": 0.635879399771467,
 "originHeight.Species": 9.87381285395099e+98,
 "BirthDeathCollapseModel.Species": 234.033769250132,
 "BirthRates.1": 70.0385405484359,
 "BirthRates.2": 12.5764327172673,
 "BirthRates.3": 13.025897770133,
 "BirthRates.4": 4.20979890456043,
 "clusterCount": 14,