{
 "Sample": 44150000,
 "posterior": 186.413644006468,
 "likelihood": 0,
 "prior": 186.413644006468,
 "TreeHeight.stacey": 0.29456493684814,
 "snapperCoalescentRate.stacey.1": 0.81591047125326,
 "snapperCoalescentRate.stacey.2": 1.16908591632857,
 "snapperCoalescentRate.stacey.3": 1.17499323502945,
 "snapperCoalescentRate.stacey.4": 1.1547982558948,
 "snapperCoalescentRate.stacey.5": 0.973202169414368,
 "snapperCoalescentRate.stacey.6": 0.955846919454757,
 "snapperCoalescentRate.stacey.7": 0.89429716615648,
 "snapperCoalescentRate.stacey.8": 0.913122002937117,
 "snapperCoalescentRate.stacey.9": 0.930694112408711,
 "snapperCoalescentRate.stacey.10": 0.964490499419307,
 "snapperCoalescentRate.stacey.11": 0.934671876550183,
 "snapperCoalescentRate.stacey.12": 1.14622787845845,
 "snapperCoalescentRate.stacey.13": 1.02450748706699,
 "snapperCoalescentRate.stacey.14": 0.93768264293705,
 "snapperCoalescentRate.stacey.15": 0.827475754597855,
 "snapperCoalescentRate.stacey.16": 0.982164496582157,
 "snapperCoalescentRate.stacey.17": 1.06355106943765,
 "snapperCoalescentRate.stacey.18": 1.08413601934884,
 "snapperCoalescentRate.stacey.19": 1.18897249112728,
 "snapperCoalescentRate.stacey.20": 0.994060425212852,
 "snapperCoalescentRate.stacey.21": 1.09739109896244,
 "snapperCoalescentRate.stacey.22": 0.994578329245595,
 "snapperCoalescentRate.stacey.23": 0.989827075281911,
 "snapperCoalescentRate.stacey.24": 0.988147165262019,
 "snapperCoalescentRate.stacey.25": 1.16923148138513,
 "snapperCoalescentRate.stacey.26": 0.94538295032675,
 "snapperCoalescentRate.stacey.27": 0.843353036919466,
 "snapperCoalescentRate.stacey.28": 0.954614574423447,
 "snapperCoalescentRate.stacey.29": 0.87148692209412,
 "snapperCoalescentRate.stacey.30": 1.05795936092716,
 "snapperCoalescentRate.stacey.31": 1.04799063105135,
 "snapperCoalescentRate.stacey.32": 0.851714376421267,
 "snapperCoalescentRate.stacey.33": 0.890703491803456,
 "snapperCoalescentRate.stacey.34": 1.00480638654818,
 "snapperCoalescentRate.stacey.35": 0.998771420573477,
 "snapperCoalescentRate.stacey.36": 1.11147449622612,
 "snapperCoalescentRate.stacey.37": 1.0236631220036,
 "snapperCoalescentRate.stacey.38": 0.880287280994964,
 "snapperCoalescentRate.stacey.39": 1.03806625482596,
 "snapperCoalescentRate.stacey.40": 0.996829239980872,
 "snapperCoalescentRate.stacey.41": 1.15526316306222,
 "snapperCoalescentRate.stacey.42": 0.82469282772672,
 "snapperCoalescentRate.stacey.43": 1.18322098645904,
 "snapperCoalescentRate.stacey.44": 0.891896878982598,
 "snapperCoalescentRate.stacey.45": 0.773998566755517,
 "snapperCoalescentRate.stacey.46": 0.983077935275768,
 "snapperCoalescentRate.stacey.47": 1.20340516145755,
 "snapperCoalescentRate.stacey.48": 0.878906591242552,
 "snapperCoalescentRate.stacey.49": 1.00980975831526,
 "snapperCoalescentRate.stacey.50": 0.905134805198139,
 "snapperCoalescentRate.stacey.51": 0.980703774552095,
 "snapperCoalescentRate.stacey.52": 0.813974769611996,
 "snapperCoalescentRate.stacey.53": 0.879464187928544,
 "snapperCoalescentRate.stacey.54": 0.832356609538812,
 "snapperCoalescentRate.stacey.55": 0.979200059839962,
 "snapperCoalescentRate.stacey.56": 1.25649760633881,
 "snapperCoalescentRate.stacey.57": 1.02863494205242,
 "snapperCoalescentRate.stacey.58": 1.09244528355785,
 "snapperCoalescentRate.stacey.59": 0.949626671809122,
 "snapperCoalescentRate.stacey.60": 0.981292696665049,
 "snapperCoalescentRate.stacey.61": 0.937704027951794,
 "snapperCoalescentRate.stacey.62": 0.923662841365334,
 "snapperCoalescentRate.stacey.63": 0.995709879618124,
 "snapperCoalescentRate.stacey.64": 1.17238163799039,
 "snapperCoalescentRate.stacey.65": 0.894550895101655,
 "snapperCoalescentRate.stacey.66": 0.953997562102509,
 "snapperCoalescentRate.stacey.67": 1.06947592934202,
 "snapperCoalescentRate.stacey.68": 1.13985652601931,
 "snapperCoalescentRate.stacey.69": 0.899545651529862,
 "snapperCoalescentRate.stacey.70": 1.00312221691597,
 "snapperCoalescentRate.stacey.71": 1.04799893225497,
 "snapperCoalescentRate.stacey.72": 0.956712900697756,
 "snapperCoalescentRate.stacey.73": 0.889965811274002,
 "snapperCoalescentRate.stacey.74": 0.994737750824347,
 "snapperCoalescentRate.stacey.75": 1.05544359894435,
 "snapperCoalescentRate.stacey.76": 0.838549779447828,
 "snapperCoalescentRate.stacey.77": 0.893569646284353,
 "snapperCoalescentRate.stacey.78": 0.899033332209457,
 "snapperCoalescentRate.stacey.79": 1.01238229802671,
 "bdcGrowthRateRate.Species": 0.213160013229262,
 "relativeDeathRate.Species": 0,
 "collapseWeight.Species": 0.33925703947165,
 "originHeight.Species": 5.31460858002644e+98,
 "BirthDeathCollapseModel.Species": 120.335008131239,
 "BirthRates.1": 16.127081152249,
 "BirthRates.2": 17.8053399159539,
 "BirthRates.3": 10.0538342487408,
 "BirthRates.4": 8.97808361998834,
 "clusterCount": 27,