{
 "Sample": 33000000,
 "posterior": 148.757562181035,
 "likelihood": 0,
 "prior": 148.757562181035,
 "TreeHeight.stacey": 0.302642727082532,
 "snapperCoalescentRate.stacey.1": 1.33613467005447,
 "snapperCoalescentRate.stacey.2": 0.98356503855052,
 "snapperCoalescentRate.stacey.3": 1.06549060110211,
 "snapperCoalescentRate.stacey.4": 0.960424378964088,
 "snapperCoalescentRate.stacey.5": 0.892865906448766,
 "snapperCoalescentRate.stacey.6": 1.12320296386533,
 "snapperCoalescentRate.stacey.7": 0.983038837692809,
 "snapperCoalescentRate.stacey.8": 1.03561628174995,
 "snapperCoalescentRate.stacey.9": 0.909955501117696,
 "snapperCoalescentRate.stacey.10": 1.01008803050165,
 "snapperCoalescentRate.stacey.11": 0.965116781334115,
 "snapperCoalescentRate.stacey.12": 1.20016328924619,
 "snapperCoalescentRate.stacey.13": 1.08900793575683,
 "snapperCoalescentRate.stacey.14": 1.1006123947907,
 "snapperCoalescentRate.stacey.15": 0.96876445682724,
 "snapperCoalescentRate.stacey.16": 0.908682781248912,
 "snapperCoalescentRate.stacey.17": 0.961287475689044,
 "snapperCoalescentRate.stacey.18": 0.984924803043739,
 "snapperCoalescentRate.stacey.19": 1.22493076891516,
 "snapperCoalescentRate.stacey.20": 0.827014889257658,
 "snapperCoalescentRate.stacey.21": 0.972248834261678,
 "snapperCoalescentRate.stacey.22": 0.845830132690152,
 "snapperCoalescentRate.stacey.23": 1.00941494804967,
 "snapperCoalescentRate.stacey.24": 0.882335707678226,
 "snapperCoalescentRate.stacey.25": 1.11620991288888,
 "snapperCoalescentRate.stacey.26": 1.00793517512436,
 "snapperCoalescentRate.stacey.27": 0.984155617149631,
 "snapperCoalescentRate.stacey.28": 0.930520120366374,
 "snapperCoalescentRate.stacey.29": 1.19182251833817,
 "snapperCoalescentRate.stacey.30": 1.03079676512953,
 "snapperCoalescentRate.stacey.31": 1.04988757419768,
 "snapperCoalescentRate.stacey.32": 1.0671048679036,
 "snapperCoalescentRate.stacey.33": 1.07561031173272,
 "snapperCoalescentRate.stacey.34": 1.32846444190566,
 "snapperCoalescentRate.stacey.35": 1.00496041536673,
 "snapperCoalescentRate.stacey.36": 0.937122050578725,
 "snapperCoalescentRate.stacey.37": 0.772257212066857,
 "snapperCoalescentRate.stacey.38": 1.08035741073843,
 "snapperCoalescentRate.stacey.39": 1.07719396038607,
 "snapperCoalescentRate.stacey.40": 0.967866803369449,
 "snapperCoalescentRate.stacey.41": 0.86210918096732,
 "snapperCoalescentRate.stacey.42": 1.08801279275065,
 "snapperCoalescentRate.stacey.43": 0.912142619094185,
 "snapperCoalescentRate.stacey.44": 0.966108515301394,
 "snapperCoalescentRate.stacey.45": 0.899139667386971,
 "snapperCoalescentRate.stacey.46": 0.948136424268573,
 "snapperCoalescentRate.stacey.47": 0.970289790861754,
 "snapperCoalescentRate.stacey.48": 0.861288575558126,
 "snapperCoalescentRate.stacey.49": 0.936320790308105,
 "snapperCoalescentRate.stacey.50": 1.00428506551043,
 "snapperCoalescentRate.stacey.51": 1.13042123343645,
 "snapperCoalescentRate.stacey.52": 0.979309867552584,
 "snapperCoalescentRate.stacey.53": 1.01527533251413,
 "snapperCoalescentRate.stacey.54": 0.977325133297483,
 "snapperCoalescentRate.stacey.55": 1.05338168385221,
 "snapperCoalescentRate.stacey.56": 0.922208929182573,
 "snapperCoalescentRate.stacey.57": 1.12255105759182,
 "snapperCoalescentRate.stacey.58": 0.932392906115205,
 "snapperCoalescentRate.stacey.59": 1.03918770092204,
 "snapperCoalescentRate.stacey.60": 1.06628967699024,
 "snapperCoalescentRate.stacey.61": 1.07204233644474,
 "snapperCoalescentRate.stacey.62": 1.006184190226,
 "snapperCoalescentRate.stacey.63": 0.982379777155732,
 "snapperCoalescentRate.stacey.64": 0.946569272507845,
 "snapperCoalescentRate.stacey.65": 0.914678808958042,
 "snapperCoalescentRate.stacey.66": 0.886965036928363,
 "snapperCoalescentRate.stacey.67": 0.972725164138406,
 "snapperCoalescentRate.stacey.68": 0.890876462512778,
 "snapperCoalescentRate.stacey.69": 0.888727089422532,
 "snapperCoalescentRate.stacey.70": 1.04611433047631,
 "snapperCoalescentRate.stacey.71": 0.964829772858244,
 "snapperCoalescentRate.stacey.72": 0.942150763338614,
 "snapperCoalescentRate.stacey.73": 0.992221775934458,
 "snapperCoalescentRate.stacey.74": 0.964708976713631,
 "snapperCoalescentRate.stacey.75": 1.01140655807609,
 "snapperCoalescentRate.stacey.76": 1.07596306664352,
 "snapperCoalescentRate.stacey.77": 0.982216025638453,
 "snapperCoalescentRate.stacey.78": 0.907586231349233,
 "snapperCoalescentRate.stacey.79": 0.954232678992705,
 "bdcGrowthRateRate.Species": 0.213622586227891,
 "relativeDeathRate.Species": 0,
 "collapseWeight.Species": 0.171041072394017,
 "originHeight.Species": 4.45240459979736e+98,
 "BirthDeathCollapseModel.Species": 74.5041888635888,
 "BirthRates.1": 4.40844888139108,
 "BirthRates.2": 9.78859493303926,
 "BirthRates.3": 13.76876611596,
 "BirthRates.4": 16.7054620961008,
 "clusterCount": 33,