{
 "Sample": 32750000,
 "posterior": 255.080132950899,
 "likelihood": 0,
 "prior": 255.080132950899,
 "TreeHeight.stacey": 0.11526279481647,
 "snapperCoalescentRate.stacey.1": 1.17640606155043,
 "snapperCoalescentRate.stacey.2": 0.973195534745459,
 "snapperCoalescentRate.stacey.3": 1.06704960398095,
 "snapperCoalescentRate.stacey.4": 0.908069758730877,
 "snapperCoalescentRate.stacey.5": 1.01578426263345,
 "snapperCoalescentRate.stacey.6": 0.953157542178668,
 "snapperCoalescentRate.stacey.7": 1.06672970436513,
 "snapperCoalescentRate.stacey.8": 1.19179588234915,
 "snapperCoalescentRate.stacey.9": 1.07269028431352,
 "snapperCoalescentRate.stacey.10": 0.920321422614002,
 "snapperCoalescentRate.stacey.11": 1.03873112966204,
 "snapperCoalescentRate.stacey.12": 0.973271177508077,
 "snapperCoalescentRate.stacey.13": 0.889077341051629,
 "snapperCoalescentRate.stacey.14": 0.913865755816299,
 "snapperCoalescentRate.stacey.15": 1.03344327856241,
 "snapperCoalescentRate.stacey.16": 0.942269508700547,
 "snapperCoalescentRate.stacey.17": 1.20281838494501,
 "snapperCoalescentRate.stacey.18": 1.11268583226511,
 "snapperCoalescentRate.stacey.19": 0.960698694046226,
 "snapperCoalescentRate.stacey.20": 0.796635033964315,
 "snapperCoalescentRate.stacey.21": 1.04063820899645,
 "snapperCoalescentRate.stacey.22": 0.884610873776485,
 "snapperCoalescentRate.stacey.23": 0.982245785087419,
 "snapperCoalescentRate.stacey.24": 0.937583985143714,
 "snapperCoalescentRate.stacey.25": 0.9201246373314,
 "snapperCoalescentRate.stacey.26": 0.926539607512876,
 "snapperCoalescentRate.stacey.27": 1.07378239322525,
 "snapperCoalescentRate.stacey.28": 1.04738700482808,
 "snapperCoalescentRate.stacey.29": 1.06199053953509,
 "snapperCoalescentRate.stacey.30": 1.06339475215403,
 "snapperCoalescentRate.stacey.31": 1.13578382694138,
 "snapperCoalescentRate.stacey.32": 1.06972065182922,
 "snapperCoalescentRate.stacey.33": 1.15307305514283,
 "snapperCoalescentRate.stacey.34": 1.04604929923507,
 "snapperCoalescentRate.stacey.35": 1.16113242093123,
 "snapperCoalescentRate.stacey.36": 1.0032417217598,
 "snapperCoalescentRate.stacey.37": 1.08573462418976,
 "snapperCoalescentRate.stacey.38": 1.05559686484482,
 "snapperCoalescentRate.stacey.39": 1.147941851674,
 "snapperCoalescentRate.stacey.40": 0.921533237245211,
 "snapperCoalescentRate.stacey.41": 1.00502353515479,
 "snapperCoalescentRate.stacey.42": 0.770916224240118,
 "snapperCoalescentRate.stacey.43": 1.11129171359334,
 "snapperCoalescentRate.stacey.44": 0.976423787165329,
 "snapperCoalescentRate.stacey.45": 1.05653959060234,
 "snapperCoalescentRate.stacey.46": 0.971932601094185,
 "snapperCoalescentRate.stacey.47": 0.935369721994648,
 "snapperCoalescentRate.stacey.48": 0.891102031056027,
 "snapperCoalescentRate.stacey.49": 1.15502071200538,
 "snapperCoalescentRate.stacey.50": 0.957819228697288,
 "snapperCoalescentRate.stacey.51": 1.18798054921764,
 "snapperCoalescentRate.stacey.52": 0.942392690882778,
 "snapperCoalescentRate.stacey.53": 0.966321814441145,
 "snapperCoalescentRate.stacey.54": 1.03694585662673,
 "snapperCoalescentRate.stacey.55": 0.912936353826109,
 "snapperCoalescentRate.stacey.56": 1.11591947885959,
 "snapperCoalescentRate.stacey.57": 0.996771598296594,
 "snapperCoalescentRate.stacey.58": 0.95629525055427,
 "snapperCoalescentRate.stacey.59": 0.883055695831561,
 "snapperCoalescentRate.stacey.60": 1.01207449562436,
 "snapperCoalescentRate.stacey.61": 1.1208225538476,
 "snapperCoalescentRate.stacey.62": 1.08568404139526,
 "snapperCoalescentRate.stacey.63": 1.00389050637504,
 "snapperCoalescentRate.stacey.64": 0.981446966071763,
 "snapperCoalescentRate.stacey.65": 1.02127431176209,
 "snapperCoalescentRate.stacey.66": 0.907686666829089,
 "snapperCoalescentRate.stacey.67": 0.837504415879547,
 "snapperCoalescentRate.stacey.68": 1.05696223945075,
 "snapperCoalescentRate.stacey.69": 0.977879615748968,
 "snapperCoalescentRate.stacey.70": 0.884188443917875,
 "snapperCoalescentRate.stacey.71": 0.969010412283461,
 "snapperCoalescentRate.stacey.72": 0.921380300913735,
 "snapperCoalescentRate.stacey.73": 0.933939995095987,
 "snapperCoalescentRate.stacey.74": 1.06012183700034,
 "snapperCoalescentRate.stacey.75": 1.12466556373822,
 "snapperCoalescentRate.stacey.76": 1.07944046000711,
 "snapperCoalescentRate.stacey.77": 1.124283833398,
 "snapperCoalescentRate.stacey.78": 1.12781268806757,
 "snapperCoalescentRate.stacey.79": 1.16074767760947,
 "bdcGrowthRateRate.Species": 0.226399393645359,
 "relativeDeathRate.Species": 0,
 "collapseWeight.Species": 0.502724358042218,
 "originHeight.Species": 5.39023474763567e+98,
 "BirthDeathCollapseModel.Species": 181.255476812108,
 "BirthRates.1": 36.3217654150278,
 "BirthRates.2": 7.47738210881606,
 "BirthRates.3": 27.5494356033851,
 "BirthRates.4": 10.6724753926783,
 "clusterCount": 21,