{
 "Sample": 36050000,
 "posterior": 259.619318948546,
 "likelihood": 0,
 "prior": 259.619318948546,
 "TreeHeight.stacey": 0.514794634492539,
 "snapperCoalescentRate.stacey.1": 1.12433087994336,
 "snapperCoalescentRate.stacey.2": 0.934834581921991,
 "snapperCoalescentRate.stacey.3": 0.885504450133972,
 "snapperCoalescentRate.stacey.4": 0.960275397972837,
 "snapperCoalescentRate.stacey.5": 1.06250770420287,
 "snapperCoalescentRate.stacey.6": 1.07241601095332,
 "snapperCoalescentRate.stacey.7": 0.935392552504656,
 "snapperCoalescentRate.stacey.8": 0.991283678411135,
 "snapperCoalescentRate.stacey.9": 0.858719823418591,
 "snapperCoalescentRate.stacey.10": 0.955831356984152,
 "snapperCoalescentRate.stacey.11": 0.954751684961739,
 "snapperCoalescentRate.stacey.12": 1.02867966296981,
 "snapperCoalescentRate.stacey.13": 1.02427777675519,
 "snapperCoalescentRate.stacey.14": 0.989812827474388,
 "snapperCoalescentRate.stacey.15": 0.949572312000792,
 "snapperCoalescentRate.stacey.16": 1.17489448389611,
 "snapperCoalescentRate.stacey.17": 1.05925795797161,
 "snapperCoalescentRate.stacey.18": 1.06472196742284,
 "snapperCoalescentRate.stacey.19": 1.08598067724847,
 "snapperCoalescentRate.stacey.20": 0.871607150050368,
 "snapperCoalescentRate.stacey.21": 0.819696596952745,
 "snapperCoalescentRate.stacey.22": 1.00301571110321,
 "snapperCoalescentRate.stacey.23": 1.05593789061066,
 "snapperCoalescentRate.stacey.24": 0.985312753126712,
 "snapperCoalescentRate.stacey.25": 0.88208984984908,
 "snapperCoalescentRate.stacey.26": 1.02869675485676,
 "snapperCoalescentRate.stacey.27": 1.04799825487263,
 "snapperCoalescentRate.stacey.28": 1.11926008862529,
 "snapperCoalescentRate.stacey.29": 0.766985300433499,
 "snapperCoalescentRate.stacey.30": 1.09546418276196,
 "snapperCoalescentRate.stacey.31": 0.859312220970677,
 "snapperCoalescentRate.stacey.32": 0.847935897301685,
 "snapperCoalescentRate.stacey.33": 1.08323758360882,
 "snapperCoalescentRate.stacey.34": 0.884140375943858,
 "snapperCoalescentRate.stacey.35": 1.23386622316852,
 "snapperCoalescentRate.stacey.36": 0.923544862761026,
 "snapperCoalescentRate.stacey.37": 1.16908180928999,
 "snapperCoalescentRate.stacey.38": 0.931701061255384,
 "snapperCoalescentRate.stacey.39": 1.00211395281094,
 "snapperCoalescentRate.stacey.40": 0.914522920475239,
 "snapperCoalescentRate.stacey.41": 0.974941985716955,
 "snapperCoalescentRate.stacey.42": 1.03462078256151,
 "snapperCoalescentRate.stacey.43": 1.02286362509821,
 "snapperCoalescentRate.stacey.44": 0.912174389574659,
 "snapperCoalescentRate.stacey.45": 0.960142397203727,
 "snapperCoalescentRate.stacey.46": 1.01789515896563,
 "snapperCoalescentRate.stacey.47": 1.03855251838132,
 "snapperCoalescentRate.stacey.48": 0.923102049101247,
 "snapperCoalescentRate.stacey.49": 0.929471648855644,
 "snapperCoalescentRate.stacey.50": 0.974394846670876,
 "snapperCoalescentRate.stacey.51": 0.992362408187644,
 "snapperCoalescentRate.stacey.52": 1.09724679141105,
 "snapperCoalescentRate.stacey.53": 0.853222992234919,
 "snapperCoalescentRate.stacey.54": 0.947121423241814,
 "snapperCoalescentRate.stacey.55": 1.07550297975061,
 "snapperCoalescentRate.stacey.56": 1.009939878697,
 "snapperCoalescentRate.stacey.57": 1.13025570537858,
 "snapperCoalescentRate.stacey.58": 1.02496532466468,
 "snapperCoalescentRate.stacey.59": 0.90023846871541,
 "snapperCoalescentRate.stacey.60": 0.904381046977563,
 "snapperCoalescentRate.stacey.61": 0.925112414993619,
 "snapperCoalescentRate.stacey.62": 1.06791157826945,
 "snapperCoalescentRate.stacey.63": 1.00736632183256,
 "snapperCoalescentRate.stacey.64": 0.904184244708761,
 "snapperCoalescentRate.stacey.65": 1.14945268964071,
 "snapperCoalescentRate.stacey.66": 1.23207144947268,
 "snapperCoalescentRate.stacey.67": 1.03765161114674,
 "snapperCoalescentRate.stacey.68": 1.00297622498813,
 "snapperCoalescentRate.stacey.69": 0.936426728944914,
 "snapperCoalescentRate.stacey.70": 0.990818575139201,
 "snapperCoalescentRate.stacey.71": 1.11778130421596,
 "snapperCoalescentRate.stacey.72": 1.0722637655071,
 "snapperCoalescentRate.stacey.73": 0.926641844743256,
 "snapperCoalescentRate.stacey.74": 1.07494345514955,
 "snapperCoalescentRate.stacey.75": 1.11985518018866,
 "snapperCoalescentRate.stacey.76": 0.817171523243599,
 "snapperCoalescentRate.stacey.77": 0.988374064404299,
 "snapperCoalescentRate.stacey.78": 1.1007235668387,
 "snapperCoalescentRate.stacey.79": 0.891610590844877,
 "bdcGrowthRateRate.Species": 0.180070501166063,
 "relativeDeathRate.Species": 0,
 "collapseWeight.Species": 0.708646271125041,
 "originHeight.Species": 1.92001272715533e+98,
 "BirthDeathCollapseModel.Species": 185.055081327502,
 "BirthRates.1": 9.41935500850029,
 "BirthRates.2": 1.9208033801659,
 "BirthRates.3": 4.11868918961821,
 "BirthRates.4": 12.5659764691044,
 "clusterCount": 17,