{
 "Sample": 28200000,
 "posterior": 285.838374891773,
 "likelihood": 0,
 "prior": 285.838374891773,
 "TreeHeight.stacey": 0.122483972738626,
 "snapperCoalescentRate.stacey.1": 0.87397893058215,
 "snapperCoalescentRate.stacey.2": 0.934091713800144,
 "snapperCoalescentRate.stacey.3": 0.903278005403337,
 "snapperCoalescentRate.stacey.4": 0.86578310663203,
 "snapperCoalescentRate.stacey.5": 0.868211707549602,
 "snapperCoalescentRate.stacey.6": 0.959084484304194,
 "snapperCoalescentRate.stacey.7": 0.899890375628588,
 "snapperCoalescentRate.stacey.8": 1.07502101813776,
 "snapperCoalescentRate.stacey.9": 0.954258351153483,
 "snapperCoalescentRate.stacey.10": 1.02765780204426,
 "snapperCoalescentRate.stacey.11": 0.869577483513745,
 "snapperCoalescentRate.stacey.12": 0.894096973552027,
 "snapperCoalescentRate.stacey.13": 0.942948402013563,
 "snapperCoalescentRate.stacey.14": 1.09889884842106,
 "snapperCoalescentRate.stacey.15": 1.09925708391606,
 "snapperCoalescentRate.stacey.16": 1.07823422052146,
 "snapperCoalescentRate.stacey.17": 0.959844315836834,
 "snapperCoalescentRate.stacey.18": 0.955037818795607,
 "snapperCoalescentRate.stacey.19": 1.01048064252404,
 "snapperCoalescentRate.stacey.20": 1.13662890111345,
 "snapperCoalescentRate.stacey.21": 1.09687786158727,
 "snapperCoalescentRate.stacey.22": 0.821565609902294,
 "snapperCoalescentRate.stacey.23": 1.17578431440214,
 "snapperCoalescentRate.stacey.24": 0.933869017106452,
 "snapperCoalescentRate.stacey.25": 0.917935054093075,
 "snapperCoalescentRate.stacey.26": 1.08270265917821,
 "snapperCoalescentRate.stacey.27": 1.21822028709969,
 "snapperCoalescentRate.stacey.28": 1.006881642615,
 "snapperCoalescentRate.stacey.29": 0.94589845922046,
 "snapperCoalescentRate.stacey.30": 0.93647182197794,
 "snapperCoalescentRate.stacey.31": 0.976928279231851,
 "snapperCoalescentRate.stacey.32": 1.21988965276876,
 "snapperCoalescentRate.stacey.33": 1.12387021036926,
 "snapperCoalescentRate.stacey.34": 0.86528451828959,
 "snapperCoalescentRate.stacey.35": 1.07186753222401,
 "snapperCoalescentRate.stacey.36": 1.02552031262211,
 "snapperCoalescentRate.stacey.37": 1.04882619759071,
 "snapperCoalescentRate.stacey.38": 0.971315789604706,
 "snapperCoalescentRate.stacey.39": 0.924474638084864,
 "snapperCoalescentRate.stacey.40": 1.08004265324926,
 "snapperCoalescentRate.stacey.41": 0.966566486605091,
 "snapperCoalescentRate.stacey.42": 1.15825398153748,
 "snapperCoalescentRate.stacey.43": 0.986147734946703,
 "snapperCoalescentRate.stacey.44": 0.762330906993955,
 "snapperCoalescentRate.stacey.45": 0.821523184140206,
 "snapperCoalescentRate.stacey.46": 1.04101451912158,
 "snapperCoalescentRate.stacey.47": 0.986606276394155,
 "snapperCoalescentRate.stacey.48": 1.01191535037955,
 "snapperCoalescentRate.stacey.49": 0.765348685138055,
 "snapperCoalescentRate.stacey.50": 0.98680571815266,
 "snapperCoalescentRate.stacey.51": 0.907582006154839,
 "snapperCoalescentRate.stacey.52": 0.954291825658779,
 "snapperCoalescentRate.stacey.53": 0.854793493259711,
 "snapperCoalescentRate.stacey.54": 1.0326027672758,
 "snapperCoalescentRate.stacey.55": 1.10460900976058,
 "snapperCoalescentRate.stacey.56": 1.10492560717149,
 "snapperCoalescentRate.stacey.57": 1.04218481857019,
 "snapperCoalescentRate.stacey.58": 0.918592080143432,
 "snapperCoalescentRate.stacey.59": 0.910186484834793,
 "snapperCoalescentRate.stacey.60": 0.972280684781484,
 "snapperCoalescentRate.stacey.61": 1.09672756666522,
 "snapperCoalescentRate.stacey.62": 1.14805713497748,
 "snapperCoalescentRate.stacey.63": 0.931041677504774,
 "snapperCoalescentRate.stacey.64": 0.963409680140118,
 "snapperCoalescentRate.stacey.65": 1.12224632290896,
 "snapperCoalescentRate.stacey.66": 0.964107540586841,
 "snapperCoalescentRate.stacey.67": 1.19880752107649,
 "snapperCoalescentRate.stacey.68": 1.17765888566005,
 "snapperCoalescentRate.stacey.69": 1.01355402529935,
 "snapperCoalescentRate.stacey.70": 1.03728260346559,
 "snapperCoalescentRate.stacey.71": 0.794196917468744,
 "snapperCoalescentRate.stacey.72": 0.911018259834995,
 "snapperCoalescentRate.stacey.73": 0.878305101132723,
 "snapperCoalescentRate.stacey.74": 0.980970591463423,
 "snapperCoalescentRate.stacey.75": 1.01955281628748,
 "snapperCoalescentRate.stacey.76": 1.08453461760687,
 "snapperCoalescentRate.stacey.77": 0.964616337417455,
 "snapperCoalescentRate.stacey.78": 0.94392653481879,
 "snapperCoalescentRate.stacey.79": 0.758518270419973,
 "bdcGrowthRateRate.Species": 0.189249860492261,
 "relativeDeathRate.Species": 0,
 "collapseWeight.Species": 0.623353698905306,
 "originHeight.Species": 5.92897839551781e+98,
 "BirthDeathCollapseModel.Species": 220.584117607959,
 "BirthRates.1": 53.1156371099814,
 "BirthRates.2": 8.43321715530426,
 "BirthRates.3": 33.7077373505715,
 "BirthRates.4": 23.0783209794881,
 "clusterCount": 16,