{
 "Sample": 42150000,
 "posterior": 425.381493845497,
 "likelihood": 0,
 "prior": 425.381493845497,
 "TreeHeight.stacey": 0.0545027119328884,
 "snapperCoalescentRate.stacey.1": 0.957216917935845,
 "snapperCoalescentRate.stacey.2": 1.11781249520489,
 "snapperCoalescentRate.stacey.3": 0.925276656318362,
 "snapperCoalescentRate.stacey.4": 0.912100020876998,
 "snapperCoalescentRate.stacey.5": 0.993373434552022,
 "snapperCoalescentRate.stacey.6": 0.978231270856979,
 "snapperCoalescentRate.stacey.7": 1.01733786431157,
 "snapperCoalescentRate.stacey.8": 0.960359513478488,
 "snapperCoalescentRate.stacey.9": 0.918158647466623,
 "snapperCoalescentRate.stacey.10": 0.922078161343222,
 "snapperCoalescentRate.stacey.11": 0.998754288937639,
 "snapperCoalescentRate.stacey.12": 1.11157123472454,
 "snapperCoalescentRate.stacey.13": 1.19784045373099,
 "snapperCoalescentRate.stacey.14": 1.0501966123059,
 "snapperCoalescentRate.stacey.15": 1.13369110249024,
 "snapperCoalescentRate.stacey.16": 1.0292283742,
 "snapperCoalescentRate.stacey.17": 0.938389782314264,
 "snapperCoalescentRate.stacey.18": 0.950385064271239,
 "snapperCoalescentRate.stacey.19": 0.965956302420012,
 "snapperCoalescentRate.stacey.20": 1.05743529856591,
 "snapperCoalescentRate.stacey.21": 1.00539303939157,
 "snapperCoalescentRate.stacey.22": 0.957706794703221,
 "snapperCoalescentRate.stacey.23": 1.0701720795672,
 "snapperCoalescentRate.stacey.24": 0.987218680659076,
 "snapperCoalescentRate.stacey.25": 1.02617869668711,
 "snapperCoalescentRate.stacey.26": 0.994892572637706,
 "snapperCoalescentRate.stacey.27": 1.01188339504043,
 "snapperCoalescentRate.stacey.28": 1.04300254649097,
 "snapperCoalescentRate.stacey.29": 0.958631948921628,
 "snapperCoalescentRate.stacey.30": 0.991370733402806,
 "snapperCoalescentRate.stacey.31": 0.969014824310755,
 "snapperCoalescentRate.stacey.32": 0.847925099382108,
 "snapperCoalescentRate.stacey.33": 1.03409393210467,
 "snapperCoalescentRate.stacey.34": 1.07152639160724,
 "snapperCoalescentRate.stacey.35": 1.02350788639928,
 "snapperCoalescentRate.stacey.36": 0.963499332299988,
 "snapperCoalescentRate.stacey.37": 0.90700693731534,
 "snapperCoalescentRate.stacey.38": 1.00936400416289,
 "snapperCoalescentRate.stacey.39": 1.0157763419614,
 "snapperCoalescentRate.stacey.40": 0.9266374326457,
 "snapperCoalescentRate.stacey.41": 0.907980488613894,
 "snapperCoalescentRate.stacey.42": 0.994112086696376,
 "snapperCoalescentRate.stacey.43": 0.962970286091757,
 "snapperCoalescentRate.stacey.44": 0.902520829483991,
 "snapperCoalescentRate.stacey.45": 1.08343945568337,
 "snapperCoalescentRate.stacey.46": 1.05614319672508,
 "snapperCoalescentRate.stacey.47": 1.09494240532544,
 "snapperCoalescentRate.stacey.48": 1.01457917763928,
 "snapperCoalescentRate.stacey.49": 1.02368854756245,
 "snapperCoalescentRate.stacey.50": 0.891995704635405,
 "snapperCoalescentRate.stacey.51": 0.782257934653025,
 "snapperCoalescentRate.stacey.52": 0.997732576152227,
 "snapperCoalescentRate.stacey.53": 0.953503556878216,
 "snapperCoalescentRate.stacey.54": 1.14617275380692,
 "snapperCoalescentRate.stacey.55": 0.936875918510661,
 "snapperCoalescentRate.stacey.56": 0.908172887844735,
 "snapperCoalescentRate.stacey.57": 0.929970802126836,
 "snapperCoalescentRate.stacey.58": 1.06002405066965,
 "snapperCoalescentRate.stacey.59": 1.25766935644558,
 "snapperCoalescentRate.stacey.60": 1.03002960312575,
 "snapperCoalescentRate.stacey.61": 1.01803181745443,
 "snapperCoalescentRate.stacey.62": 1.08490340088287,
 "snapperCoalescentRate.stacey.63": 0.931825142565573,
 "snapperCoalescentRate.stacey.64": 0.920230999001039,
 "snapperCoalescentRate.stacey.65": 0.92718081497212,
 "snapperCoalescentRate.stacey.66": 1.00824640576953,
 "snapperCoalescentRate.stacey.67": 0.990821176987972,
 "snapperCoalescentRate.stacey.68": 1.15732136152556,
 "snapperCoalescentRate.stacey.69": 1.05280287642249,
 "snapperCoalescentRate.stacey.70": 0.806062700542707,
 "snapperCoalescentRate.stacey.71": 0.944773339971125,
 "snapperCoalescentRate.stacey.72": 0.948322643844319,
 "snapperCoalescentRate.stacey.73": 0.996938206761369,
 "snapperCoalescentRate.stacey.74": 0.937580138467953,
 "snapperCoalescentRate.stacey.75": 1.1455780020587,
 "snapperCoalescentRate.stacey.76": 1.04509828827584,
 "snapperCoalescentRate.stacey.77": 1.07498413442397,
 "snapperCoalescentRate.stacey.78": 1.17774398754127,
 "snapperCoalescentRate.stacey.79": 0.974301320645858,
 "bdcGrowthRateRate.Species": 0.195224597036926,
 "relativeDeathRate.Species": 0,
 "collapseWeight.Species": 0.946322938371755,
 "originHeight.Species": 7.23243926337276e+98,
 "BirthDeathCollapseModel.Species": 343.25736152443,
 "BirthRates.1": 222.097356769563,
 "BirthRates.2": 8.85803235249388,
 "BirthRates.3": 6.06455369439747,
 "BirthRates.4": 8.98188468599704,
 "clusterCount": 2,