{
 "Sample": 40350000,
 "posterior": 336.469512465308,
 "likelihood": 0,
 "prior": 336.469512465308,
 "TreeHeight.stacey": 0.291757233321236,
 "snapperCoalescentRate.stacey.1": 1.16935184170002,
 "snapperCoalescentRate.stacey.2": 1.04101630695078,
 "snapperCoalescentRate.stacey.3": 0.870280587775988,
 "snapperCoalescentRate.stacey.4": 0.977732419682774,
 "snapperCoalescentRate.stacey.5": 0.861339739317813,
 "snapperCoalescentRate.stacey.6": 1.03143243650009,
 "snapperCoalescentRate.stacey.7": 0.904472150930613,
 "snapperCoalescentRate.stacey.8": 0.916802712883129,
 "snapperCoalescentRate.stacey.9": 1.0379467192545,
 "snapperCoalescentRate.stacey.10": 0.974891517345982,
 "snapperCoalescentRate.stacey.11": 0.781592354417129,
 "snapperCoalescentRate.stacey.12": 1.2005860430849,
 "snapperCoalescentRate.stacey.13": 1.03686140094677,
 "snapperCoalescentRate.stacey.14": 1.33935504172249,
 "snapperCoalescentRate.stacey.15": 1.10220758324512,
 "snapperCoalescentRate.stacey.16": 1.02066838900593,
 "snapperCoalescentRate.stacey.17": 1.01200012371564,
 "snapperCoalescentRate.stacey.18": 1.22174047603841,
 "snapperCoalescentRate.stacey.19": 1.05351126620185,
 "snapperCoalescentRate.stacey.20": 0.944315815698312,
 "snapperCoalescentRate.stacey.21": 1.02433530197416,
 "snapperCoalescentRate.stacey.22": 0.905963559847911,
 "snapperCoalescentRate.stacey.23": 1.01143868994825,
 "snapperCoalescentRate.stacey.24": 1.16214965344022,
 "snapperCoalescentRate.stacey.25": 0.936928471961626,
 "snapperCoalescentRate.stacey.26": 0.934795790612977,
 "snapperCoalescentRate.stacey.27": 0.974815649278163,
 "snapperCoalescentRate.stacey.28": 1.03101966777017,
 "snapperCoalescentRate.stacey.29": 1.08628347484979,
 "snapperCoalescentRate.stacey.30": 1.03960832939879,
 "snapperCoalescentRate.stacey.31": 0.92117065055293,
 "snapperCoalescentRate.stacey.32": 0.819102103361324,
 "snapperCoalescentRate.stacey.33": 1.10407457542411,
 "snapperCoalescentRate.stacey.34": 0.905872936809814,
 "snapperCoalescentRate.stacey.35": 0.784395474157489,
 "snapperCoalescentRate.stacey.36": 1.02438099169084,
 "snapperCoalescentRate.stacey.37": 1.06403104856685,
 "snapperCoalescentRate.stacey.38": 1.14992123607554,
 "snapperCoalescentRate.stacey.39": 1.17752425868226,
 "snapperCoalescentRate.stacey.40": 1.2275903018964,
 "snapperCoalescentRate.stacey.41": 0.896677828845316,
 "snapperCoalescentRate.stacey.42": 1.16036571314102,
 "snapperCoalescentRate.stacey.43": 1.09991154518838,
 "snapperCoalescentRate.stacey.44": 1.22461674029545,
 "snapperCoalescentRate.stacey.45": 0.907032161020858,
 "snapperCoalescentRate.stacey.46": 0.946072341072876,
 "snapperCoalescentRate.stacey.47": 1.0832743516193,
 "snapperCoalescentRate.stacey.48": 0.928848070015941,
 "snapperCoalescentRate.stacey.49": 1.0527627408359,
 "snapperCoalescentRate.stacey.50": 1.15282868278674,
 "snapperCoalescentRate.stacey.51": 1.01276688334833,
 "snapperCoalescentRate.stacey.52": 0.97035261645326,
 "snapperCoalescentRate.stacey.53": 1.18197265683094,
 "snapperCoalescentRate.stacey.54": 1.20482037512269,
 "snapperCoalescentRate.stacey.55": 0.94134574726153,
 "snapperCoalescentRate.stacey.56": 1.05685148174494,
 "snapperCoalescentRate.stacey.57": 1.02915824695416,
 "snapperCoalescentRate.stacey.58": 0.903393363829689,
 "snapperCoalescentRate.stacey.59": 0.921312041080297,
 "snapperCoalescentRate.stacey.60": 0.903473399444234,
 "snapperCoalescentRate.stacey.61": 0.985094766560052,
 "snapperCoalescentRate.stacey.62": 1.05555016481217,
 "snapperCoalescentRate.stacey.63": 0.971284815251637,
 "snapperCoalescentRate.stacey.64": 0.868050181314793,
 "snapperCoalescentRate.stacey.65": 1.20591341524191,
 "snapperCoalescentRate.stacey.66": 1.06212545401531,
 "snapperCoalescentRate.stacey.67": 1.1100186148473,
 "snapperCoalescentRate.stacey.68": 1.00673386521847,
 "snapperCoalescentRate.stacey.69": 0.913436058196949,
 "snapperCoalescentRate.stacey.70": 1.0188424905165,
 "snapperCoalescentRate.stacey.71": 0.975914368855513,
 "snapperCoalescentRate.stacey.72": 1.15867162545095,
 "snapperCoalescentRate.stacey.73": 1.02214815641669,
 "snapperCoalescentRate.stacey.74": 0.997584802714462,
 "snapperCoalescentRate.stacey.75": 1.03351542022759,
 "snapperCoalescentRate.stacey.76": 1.17789190069803,
 "snapperCoalescentRate.stacey.77": 0.997216304714563,
 "snapperCoalescentRate.stacey.78": 0.903289718368038,
 "snapperCoalescentRate.stacey.79": 1.02832787199726,
 "bdcGrowthRateRate.Species": 0.149044479151569,
 "relativeDeathRate.Species": 0,
 "collapseWeight.Species": 0.803295567393851,
 "originHeight.Species": 7.41905129786355e+98,
 "BirthDeathCollapseModel.Species": 277.24966487538,
 "BirthRates.1": 34.0719952264098,
 "BirthRates.2": 4.19963004833359,
 "BirthRates.3": 1.6439312733611,
 "BirthRates.4": 10.7719501753097,
 "clusterCount": 8,