{
 "Sample": 47700000,
 "posterior": 128.547981276725,
 "likelihood": 0,
 "prior": 128.547981276725,
 "TreeHeight.stacey": 0.654650927933651,
 "snapperCoalescentRate.stacey.1": 1.10279429235973,
 "snapperCoalescentRate.stacey.2": 1.15375619694356,
 "snapperCoalescentRate.stacey.3": 0.992482391212403,
 "snapperCoalescentRate.stacey.4": 0.91085938720827,
 "snapperCoalescentRate.stacey.5": 1.11282699945668,
 "snapperCoalescentRate.stacey.6": 1.07151023105923,
 "snapperCoalescentRate.stacey.7": 1.00148485489462,
 "snapperCoalescentRate.stacey.8": 1.02825483748421,
 "snapperCoalescentRate.stacey.9": 0.975355013403178,
 "snapperCoalescentRate.stacey.10": 1.05317448619124,
 "snapperCoalescentRate.stacey.11": 0.912772666607809,
 "snapperCoalescentRate.stacey.12": 0.974264165858955,
 "snapperCoalescentRate.stacey.13": 1.0415490918555,
 "snapperCoalescentRate.stacey.14": 1.29453002688711,
 "snapperCoalescentRate.stacey.15": 1.02728191803212,
 "snapperCoalescentRate.stacey.16": 0.974692010983267,
 "snapperCoalescentRate.stacey.17": 1.08480851130089,
 "snapperCoalescentRate.stacey.18": 0.923532573335636,
 "snapperCoalescentRate.stacey.19": 1.08393009872974,
 "snapperCoalescentRate.stacey.20": 0.929437832199414,
 "snapperCoalescentRate.stacey.21": 1.03677198816249,
 "snapperCoalescentRate.stacey.22": 1.04502779717517,
 "snapperCoalescentRate.stacey.23": 0.775858899327919,
 "snapperCoalescentRate.stacey.24": 0.9859448266565,
 "snapperCoalescentRate.stacey.25": 1.08532091381998,
 "snapperCoalescentRate.stacey.26": 1.0681306130289,
 "snapperCoalescentRate.stacey.27": 1.11602234469281,
 "snapperCoalescentRate.stacey.28": 0.924120869756532,
 "snapperCoalescentRate.stacey.29": 1.00257332513998,
 "snapperCoalescentRate.stacey.30": 1.03838967295503,
 "snapperCoalescentRate.stacey.31": 0.862528769783263,
 "snapperCoalescentRate.stacey.32": 1.00114473690732,
 "snapperCoalescentRate.stacey.33": 0.930275173142799,
 "snapperCoalescentRate.stacey.34": 1.00212896959679,
 "snapperCoalescentRate.stacey.35": 1.02320357177461,
 "snapperCoalescentRate.stacey.36": 0.99402830943588,
 "snapperCoalescentRate.stacey.37": 0.942294823032734,
 "snapperCoalescentRate.stacey.38": 0.973557366085983,
 "snapperCoalescentRate.stacey.39": 1.04446349433959,
 "snapperCoalescentRate.stacey.40": 0.852077379457717,
 "snapperCoalescentRate.stacey.41": 1.12342830915018,
 "snapperCoalescentRate.stacey.42": 1.11165282360418,
 "snapperCoalescentRate.stacey.43": 0.99140589730329,
 "snapperCoalescentRate.stacey.44": 0.977558177963928,
 "snapperCoalescentRate.stacey.45": 1.02101168703118,
 "snapperCoalescentRate.stacey.46": 0.907428875338748,
 "snapperCoalescentRate.stacey.47": 0.922428995364957,
 "snapperCoalescentRate.stacey.48": 0.791512664235212,
 "snapperCoalescentRate.stacey.49": 1.11912607648512,
 "snapperCoalescentRate.stacey.50": 0.943210808044612,
 "snapperCoalescentRate.stacey.51": 0.943334135365785,
 "snapperCoalescentRate.stacey.52": 1.05601004370411,
 "snapperCoalescentRate.stacey.53": 0.986023544449735,
 "snapperCoalescentRate.stacey.54": 1.05905802975518,
 "snapperCoalescentRate.stacey.55": 0.815870396168806,
 "snapperCoalescentRate.stacey.56": 1.00194019158573,
 "snapperCoalescentRate.stacey.57": 0.946965867999887,
 "snapperCoalescentRate.stacey.58": 1.0886425810154,
 "snapperCoalescentRate.stacey.59": 1.10142208821805,
 "snapperCoalescentRate.stacey.60": 0.976929815516105,
 "snapperCoalescentRate.stacey.61": 1.06427084449541,
 "snapperCoalescentRate.stacey.62": 1.2000745847228,
 "snapperCoalescentRate.stacey.63": 0.75637005683577,
 "snapperCoalescentRate.stacey.64": 0.9597605363908,
 "snapperCoalescentRate.stacey.65": 0.906415373884289,
 "snapperCoalescentRate.stacey.66": 1.17681777344134,
 "snapperCoalescentRate.stacey.67": 1.01351756777051,
 "snapperCoalescentRate.stacey.68": 1.02711936366436,
 "snapperCoalescentRate.stacey.69": 0.865041044133728,
 "snapperCoalescentRate.stacey.70": 0.839504247576707,
 "snapperCoalescentRate.stacey.71": 1.1559905029999,
 "snapperCoalescentRate.stacey.72": 1.03283245848462,
 "snapperCoalescentRate.stacey.73": 1.13111812448441,
 "snapperCoalescentRate.stacey.74": 0.923909772304937,
 "snapperCoalescentRate.stacey.75": 0.929863492286439,
 "snapperCoalescentRate.stacey.76": 1.07015566544838,
 "snapperCoalescentRate.stacey.77": 0.991536649279909,
 "snapperCoalescentRate.stacey.78": 1.20399560485572,
 "snapperCoalescentRate.stacey.79": 0.833067177191916,
 "bdcGrowthRateRate.Species": 0.181719863385362,
 "relativeDeathRate.Species": 0,
 "collapseWeight.Species": 0.158257231257806,
 "originHeight.Species": 2.63020428020491e+98,
 "BirthDeathCollapseModel.Species": 57.4300884372149,
 "BirthRates.1": 5.73314730663882,
 "BirthRates.2": 5.00199737503313,
 "BirthRates.3": 2.64380304590643,
 "BirthRates.4": 4.86467253030065,
 "clusterCount": 32,