{
 "Sample": 47200000,
 "posterior": 166.105355078228,
 "likelihood": 0,
 "prior": 166.105355078228,
 "TreeHeight.stacey": 0.558256035857062,
 "snapperCoalescentRate.stacey.1": 0.968006314589866,
 "snapperCoalescentRate.stacey.2": 0.921888129933826,
 "snapperCoalescentRate.stacey.3": 0.84906243729838,
 "snapperCoalescentRate.stacey.4": 1.04144645047563,
 "snapperCoalescentRate.stacey.5": 1.05697880863541,
 "snapperCoalescentRate.stacey.6": 0.995081321154812,
 "snapperCoalescentRate.stacey.7": 1.03784251426722,
 "snapperCoalescentRate.stacey.8": 1.00433212640878,
 "snapperCoalescentRate.stacey.9": 0.993343418187133,
 "snapperCoalescentRate.stacey.10": 0.86823656356437,
 "snapperCoalescentRate.stacey.11": 1.13747572000361,
 "snapperCoalescentRate.stacey.12": 0.974014380099354,
 "snapperCoalescentRate.stacey.13": 1.08705444009757,
 "snapperCoalescentRate.stacey.14": 1.00257203272987,
 "snapperCoalescentRate.stacey.15": 1.08455730653933,
 "snapperCoalescentRate.stacey.16": 1.09085640111289,
 "snapperCoalescentRate.stacey.17": 0.962604156509255,
 "snapperCoalescentRate.stacey.18": 1.06364608069858,
 "snapperCoalescentRate.stacey.19": 1.26585618899642,
 "snapperCoalescentRate.stacey.20": 1.14370110794025,
 "snapperCoalescentRate.stacey.21": 1.09691697694976,
 "snapperCoalescentRate.stacey.22": 0.986102646046487,
 "snapperCoalescentRate.stacey.23": 1.00786083959083,
 "snapperCoalescentRate.stacey.24": 1.00801294519053,
 "snapperCoalescentRate.stacey.25": 1.10413585300282,
 "snapperCoalescentRate.stacey.26": 0.99215470769291,
 "snapperCoalescentRate.stacey.27": 1.04068304956747,
 "snapperCoalescentRate.stacey.28": 1.04064976508291,
 "snapperCoalescentRate.stacey.29": 1.28049442719305,
 "snapperCoalescentRate.stacey.30": 0.972526730880941,
 "snapperCoalescentRate.stacey.31": 1.11479693022047,
 "snapperCoalescentRate.stacey.32": 1.0235415966821,
 "snapperCoalescentRate.stacey.33": 0.998332032501022,
 "snapperCoalescentRate.stacey.34": 0.979204422618195,
 "snapperCoalescentRate.stacey.35": 0.872401837507112,
 "snapperCoalescentRate.stacey.36": 0.839680824151699,
 "snapperCoalescentRate.stacey.37": 1.01955194483149,
 "snapperCoalescentRate.stacey.38": 1.0301449721327,
 "snapperCoalescentRate.stacey.39": 0.986280097687485,
 "snapperCoalescentRate.stacey.40": 0.914395703315058,
 "snapperCoalescentRate.stacey.41": 0.998076171021144,
 "snapperCoalescentRate.stacey.42": 0.97859671699151,
 "snapperCoalescentRate.stacey.43": 0.920278203544816,
 "snapperCoalescentRate.stacey.44": 0.830259562315806,
 "snapperCoalescentRate.stacey.45": 1.01680156844927,
 "snapperCoalescentRate.stacey.46": 1.02526323522394,
 "snapperCoalescentRate.stacey.47": 1.10805511641126,
 "snapperCoalescentRate.stacey.48": 0.991897437381924,
 "snapperCoalescentRate.stacey.49": 0.887784618959673,
 "snapperCoalescentRate.stacey.50": 0.820410723516174,
 "snapperCoalescentRate.stacey.51": 0.854041215341578,
 "snapperCoalescentRate.stacey.52": 0.991867046009175,
 "snapperCoalescentRate.stacey.53": 0.865328634174648,
 "snapperCoalescentRate.stacey.54": 0.935047115807126,
 "snapperCoalescentRate.stacey.55": 0.995564573133763,
 "snapperCoalescentRate.stacey.56": 1.17576957614017,
 "snapperCoalescentRate.stacey.57": 0.955798088923171,
 "snapperCoalescentRate.stacey.58": 0.97611147622621,
 "snapperCoalescentRate.stacey.59": 1.05684744972191,
 "snapperCoalescentRate.stacey.60": 0.954820480508061,
 "snapperCoalescentRate.stacey.61": 1.05093145258826,
 "snapperCoalescentRate.stacey.62": 0.883439070200475,
 "snapperCoalescentRate.stacey.63": 1.07122005267281,
 "snapperCoalescentRate.stacey.64": 1.04901249638067,
 "snapperCoalescentRate.stacey.65": 0.931974498080862,
 "snapperCoalescentRate.stacey.66": 0.950380484731642,
 "snapperCoalescentRate.stacey.67": 0.958557719858645,
 "snapperCoalescentRate.stacey.68": 0.789608924047037,
 "snapperCoalescentRate.stacey.69": 1.222545548577,
 "snapperCoalescentRate.stacey.70": 1.13183695101625,
 "snapperCoalescentRate.stacey.71": 0.827566597807794,
 "snapperCoalescentRate.stacey.72": 1.08603368165126,
 "snapperCoalescentRate.stacey.73": 0.979761286776398,
 "snapperCoalescentRate.stacey.74": 0.970878691072952,
 "snapperCoalescentRate.stacey.75": 1.09846448983917,
 "snapperCoalescentRate.stacey.76": 1.03527313643721,
 "snapperCoalescentRate.stacey.77": 0.987955748469497,
 "snapperCoalescentRate.stacey.78": 0.870197831510018,
 "snapperCoalescentRate.stacey.79": 1.02045827671438,
 "bdcGrowthRateRate.Species": 0.158165806074891,
 "relativeDeathRate.Species": 0,
 "collapseWeight.Species": 0.414412804503474,
 "originHeight.Species": 2.87367738115735e+97,
 "BirthDeathCollapseModel.Species": 91.5634251207717,
 "BirthRates.1": 9.57585860057217,
 "BirthRates.2": 8.33541366243823,
 "BirthRates.3": 1.39603990757271,
 "BirthRates.4": 13.4390665269962,
 "clusterCount": 28,