{
 "Sample": 34050000,
 "posterior": 104.741933005503,
 "likelihood": 0,
 "prior": 104.741933005503,
 "TreeHeight.stacey": 0.979767230706445,
 "snapperCoalescentRate.stacey.1": 0.936730480696593,
 "snapperCoalescentRate.stacey.2": 1.08311783286459,
 "snapperCoalescentRate.stacey.3": 1.00981886848272,
 "snapperCoalescentRate.stacey.4": 1.12214176032682,
 "snapperCoalescentRate.stacey.5": 1.15734447074741,
 "snapperCoalescentRate.stacey.6": 0.929715909668934,
 "snapperCoalescentRate.stacey.7": 0.975228112459897,
 "snapperCoalescentRate.stacey.8": 0.792273717906318,
 "snapperCoalescentRate.stacey.9": 1.00988242410499,
 "snapperCoalescentRate.stacey.10": 0.978966545225863,
 "snapperCoalescentRate.stacey.11": 0.983026252224622,
 "snapperCoalescentRate.stacey.12": 0.874960404010075,
 "snapperCoalescentRate.stacey.13": 0.980399668991147,
 "snapperCoalescentRate.stacey.14": 1.02955120467199,
 "snapperCoalescentRate.stacey.15": 0.953571515654761,
 "snapperCoalescentRate.stacey.16": 1.00284366308256,
 "snapperCoalescentRate.stacey.17": 0.909358280649661,
 "snapperCoalescentRate.stacey.18": 0.986821247243881,
 "snapperCoalescentRate.stacey.19": 1.05171645391496,
 "snapperCoalescentRate.stacey.20": 1.29435050204651,
 "snapperCoalescentRate.stacey.21": 0.814811851316201,
 "snapperCoalescentRate.stacey.22": 1.10765584613367,
 "snapperCoalescentRate.stacey.23": 1.01310251857531,
 "snapperCoalescentRate.stacey.24": 1.18334789756975,
 "snapperCoalescentRate.stacey.25": 0.841115634517893,
 "snapperCoalescentRate.stacey.26": 0.919292727551305,
 "snapperCoalescentRate.stacey.27": 0.997559277495054,
 "snapperCoalescentRate.stacey.28": 0.89599279203186,
 "snapperCoalescentRate.stacey.29": 0.863561187947371,
 "snapperCoalescentRate.stacey.30": 1.05001063045107,
 "snapperCoalescentRate.stacey.31": 0.92591532633585,
 "snapperCoalescentRate.stacey.32": 1.10405675613048,
 "snapperCoalescentRate.stacey.33": 0.989593394562817,
 "snapperCoalescentRate.stacey.34": 1.10219059007714,
 "snapperCoalescentRate.stacey.35": 1.00754112504382,
 "snapperCoalescentRate.stacey.36": 0.935989393878492,
 "snapperCoalescentRate.stacey.37": 0.805899980887179,
 "snapperCoalescentRate.stacey.38": 1.03143724182948,
 "snapperCoalescentRate.stacey.39": 0.818505384650005,
 "snapperCoalescentRate.stacey.40": 0.946707585931141,
 "snapperCoalescentRate.stacey.41": 0.858910444836074,
 "snapperCoalescentRate.stacey.42": 0.917305375689436,
 "snapperCoalescentRate.stacey.43": 1.19336576986703,
 "snapperCoalescentRate.stacey.44": 1.02380757209045,
 "snapperCoalescentRate.stacey.45": 0.947711944649546,
 "snapperCoalescentRate.stacey.46": 1.08877177096446,
 "snapperCoalescentRate.stacey.47": 0.814083935993953,
 "snapperCoalescentRate.stacey.48": 0.991602246387808,
 "snapperCoalescentRate.stacey.49": 0.994175513415766,
 "snapperCoalescentRate.stacey.50": 0.946498516878317,
 "snapperCoalescentRate.stacey.51": 0.894923236503375,
 "snapperCoalescentRate.stacey.52": 0.897574537544694,
 "snapperCoalescentRate.stacey.53": 1.24175605976759,
 "snapperCoalescentRate.stacey.54": 0.981618167871556,
 "snapperCoalescentRate.stacey.55": 0.905540086526577,
 "snapperCoalescentRate.stacey.56": 0.955573400960379,
 "snapperCoalescentRate.stacey.57": 1.02626007979279,
 "snapperCoalescentRate.stacey.58": 1.08506020656959,
 "snapperCoalescentRate.stacey.59": 0.843428701956776,
 "snapperCoalescentRate.stacey.60": 0.986574028783996,
 "snapperCoalescentRate.stacey.61": 0.960656273766036,
 "snapperCoalescentRate.stacey.62": 1.15896865423009,
 "snapperCoalescentRate.stacey.63": 0.990704281904992,
 "snapperCoalescentRate.stacey.64": 1.0500057420822,
 "snapperCoalescentRate.stacey.65": 0.939767090252082,
 "snapperCoalescentRate.stacey.66": 0.948395450719732,
 "snapperCoalescentRate.stacey.67": 1.03038609461716,
 "snapperCoalescentRate.stacey.68": 0.989703153759888,
 "snapperCoalescentRate.stacey.69": 1.08283425955133,
 "snapperCoalescentRate.stacey.70": 0.962877804619185,
 "snapperCoalescentRate.stacey.71": 1.01004941837616,
 "snapperCoalescentRate.stacey.72": 1.04739887601243,
 "snapperCoalescentRate.stacey.73": 1.0337276516516,
 "snapperCoalescentRate.stacey.74": 1.00987501197824,
 "snapperCoalescentRate.stacey.75": 0.939249399883044,
 "snapperCoalescentRate.stacey.76": 1.03100659308543,
 "snapperCoalescentRate.stacey.77": 0.925250095012585,
 "snapperCoalescentRate.stacey.78": 1.25057587725726,
 "snapperCoalescentRate.stacey.79": 0.988315319114952,
 "bdcGrowthRateRate.Species": 0.210333059711224,
 "relativeDeathRate.Species": 0,
 "collapseWeight.Species": 0.160983136166443,
 "originHeight.Species": 3.7848845297576e+98,
 "BirthDeathCollapseModel.Species": 32.7350234965501,
 "BirthRates.1": 2.37237626439626,
 "BirthRates.2": 2.33708587622098,
 "BirthRates.3": 4.77643660451471,
 "BirthRates.4": 5.48433459074647,
 "clusterCount": 34,