{
 "Sample": 37600000,
 "posterior": 144.678033048765,
 "likelihood": 0,
 "prior": 144.678033048765,
 "TreeHeight.stacey": 0.51323273920489,
 "snapperCoalescentRate.stacey.1": 0.892381694891337,
 "snapperCoalescentRate.stacey.2": 0.890020277260313,
 "snapperCoalescentRate.stacey.3": 1.13492053780722,
 "snapperCoalescentRate.stacey.4": 0.919895828215282,
 "snapperCoalescentRate.stacey.5": 0.867544685363891,
 "snapperCoalescentRate.stacey.6": 0.981443715723066,
 "snapperCoalescentRate.stacey.7": 1.16574494998956,
 "snapperCoalescentRate.stacey.8": 1.00916706865542,
 "snapperCoalescentRate.stacey.9": 1.12876414549091,
 "snapperCoalescentRate.stacey.10": 1.0603429961645,
 "snapperCoalescentRate.stacey.11": 0.968487111308792,
 "snapperCoalescentRate.stacey.12": 0.979059270010768,
 "snapperCoalescentRate.stacey.13": 0.789894753008305,
 "snapperCoalescentRate.stacey.14": 1.08341066950869,
 "snapperCoalescentRate.stacey.15": 1.10908431580344,
 "snapperCoalescentRate.stacey.16": 1.06722029625523,
 "snapperCoalescentRate.stacey.17": 0.916281568780076,
 "snapperCoalescentRate.stacey.18": 0.987352190254696,
 "snapperCoalescentRate.stacey.19": 1.06239293269023,
 "snapperCoalescentRate.stacey.20": 0.926747385059743,
 "snapperCoalescentRate.stacey.21": 0.968222496550522,
 "snapperCoalescentRate.stacey.22": 1.0701401441284,
 "snapperCoalescentRate.stacey.23": 1.09140410877737,
 "snapperCoalescentRate.stacey.24": 1.18667035736791,
 "snapperCoalescentRate.stacey.25": 1.08451445744699,
 "snapperCoalescentRate.stacey.26": 0.977612047031099,
 "snapperCoalescentRate.stacey.27": 0.95449159206626,
 "snapperCoalescentRate.stacey.28": 1.03920308918675,
 "snapperCoalescentRate.stacey.29": 1.19854997130633,
 "snapperCoalescentRate.stacey.30": 0.972414157251826,
 "snapperCoalescentRate.stacey.31": 0.995212539240946,
 "snapperCoalescentRate.stacey.32": 1.00757447519627,
 "snapperCoalescentRate.stacey.33": 1.14698934011886,
 "snapperCoalescentRate.stacey.34": 1.03590991940809,
 "snapperCoalescentRate.stacey.35": 0.948038013938626,
 "snapperCoalescentRate.stacey.36": 0.934734449394343,
 "snapperCoalescentRate.stacey.37": 0.943049294314452,
 "snapperCoalescentRate.stacey.38": 0.852720770321356,
 "snapperCoalescentRate.stacey.39": 1.03928348453834,
 "snapperCoalescentRate.stacey.40": 1.16226153589753,
 "snapperCoalescentRate.stacey.41": 1.04218120972935,
 "snapperCoalescentRate.stacey.42": 0.84922800472436,
 "snapperCoalescentRate.stacey.43": 0.929118101669724,
 "snapperCoalescentRate.stacey.44": 0.819487988985616,
 "snapperCoalescentRate.stacey.45": 1.07590029838365,
 "snapperCoalescentRate.stacey.46": 1.0594779938751,
 "snapperCoalescentRate.stacey.47": 1.19517531823121,
 "snapperCoalescentRate.stacey.48": 1.07573750348875,
 "snapperCoalescentRate.stacey.49": 0.940310979555663,
 "snapperCoalescentRate.stacey.50": 1.0856735501295,
 "snapperCoalescentRate.stacey.51": 1.01481917558829,
 "snapperCoalescentRate.stacey.52": 0.910322383899371,
 "snapperCoalescentRate.stacey.53": 0.99343426414143,
 "snapperCoalescentRate.stacey.54": 1.12000074170918,
 "snapperCoalescentRate.stacey.55": 1.1582626571774,
 "snapperCoalescentRate.stacey.56": 1.14514934652825,
 "snapperCoalescentRate.stacey.57": 0.929576034283634,
 "snapperCoalescentRate.stacey.58": 1.03558731342863,
 "snapperCoalescentRate.stacey.59": 1.09657981836921,
 "snapperCoalescentRate.stacey.60": 0.955349207871523,
 "snapperCoalescentRate.stacey.61": 1.02261723534411,
 "snapperCoalescentRate.stacey.62": 0.960235528179744,
 "snapperCoalescentRate.stacey.63": 1.01195051492781,
 "snapperCoalescentRate.stacey.64": 0.971078314525646,
 "snapperCoalescentRate.stacey.65": 1.19062798594836,
 "snapperCoalescentRate.stacey.66": 0.911258989163684,
 "snapperCoalescentRate.stacey.67": 0.951814120984564,
 "snapperCoalescentRate.stacey.68": 0.830400836679705,
 "snapperCoalescentRate.stacey.69": 1.06397434545601,
 "snapperCoalescentRate.stacey.70": 1.02626915819555,
 "snapperCoalescentRate.stacey.71": 1.03833402568171,
 "snapperCoalescentRate.stacey.72": 0.980493562850803,
 "snapperCoalescentRate.stacey.73": 1.10231240591122,
 "snapperCoalescentRate.stacey.74": 0.898991680040235,
 "snapperCoalescentRate.stacey.75": 1.02667296013272,
 "snapperCoalescentRate.stacey.76": 0.920434314996253,
 "snapperCoalescentRate.stacey.77": 0.992057922054688,
 "snapperCoalescentRate.stacey.78": 0.997839291624265,
 "snapperCoalescentRate.stacey.79": 0.96917522264776,
 "bdcGrowthRateRate.Species": 0.225235280246068,
 "relativeDeathRate.Species": 0,
 "collapseWeight.Species": 0.286754556367978,
 "originHeight.Species": 5.33039555945439e+98,
 "BirthDeathCollapseModel.Species": 68.6024098617726,
 "BirthRates.1": 5.24867469634892,
 "BirthRates.2": 4.54609138743446,
 "BirthRates.3": 8.96069484593005,
 "BirthRates.4": 6.49927654318331,
 "clusterCount": 32,