{
 "Sample": 36300000,
 "posterior": 367.511219759708,
 "likelihood": 0,
 "prior": 367.511219759708,
 "TreeHeight.stacey": 0.224018676899779,
 "snapperCoalescentRate.stacey.1": 1.03613967669998,
 "snapperCoalescentRate.stacey.2": 1.13733752619786,
 "snapperCoalescentRate.stacey.3": 0.81739660136055,
 "snapperCoalescentRate.stacey.4": 1.06315398566317,
 "snapperCoalescentRate.stacey.5": 1.15551040315134,
 "snapperCoalescentRate.stacey.6": 1.01405779383233,
 "snapperCoalescentRate.stacey.7": 0.908221788666956,
 "snapperCoalescentRate.stacey.8": 1.03787096282799,
 "snapperCoalescentRate.stacey.9": 1.01269456681775,
 "snapperCoalescentRate.stacey.10": 0.890932780608285,
 "snapperCoalescentRate.stacey.11": 0.947794894742156,
 "snapperCoalescentRate.stacey.12": 0.962004985400762,
 "snapperCoalescentRate.stacey.13": 0.920598030905034,
 "snapperCoalescentRate.stacey.14": 0.986322376484526,
 "snapperCoalescentRate.stacey.15": 1.21457435105048,
 "snapperCoalescentRate.stacey.16": 0.984914064326589,
 "snapperCoalescentRate.stacey.17": 0.988581769574297,
 "snapperCoalescentRate.stacey.18": 1.05253164395039,
 "snapperCoalescentRate.stacey.19": 0.962214064409247,
 "snapperCoalescentRate.stacey.20": 1.12793226024101,
 "snapperCoalescentRate.stacey.21": 1.14958138990878,
 "snapperCoalescentRate.stacey.22": 0.920265230256189,
 "snapperCoalescentRate.stacey.23": 1.03357355497001,
 "snapperCoalescentRate.stacey.24": 1.03731769760747,
 "snapperCoalescentRate.stacey.25": 1.14618446682109,
 "snapperCoalescentRate.stacey.26": 1.20673151519461,
 "snapperCoalescentRate.stacey.27": 1.07099305380682,
 "snapperCoalescentRate.stacey.28": 0.86805450108913,
 "snapperCoalescentRate.stacey.29": 0.943339924492713,
 "snapperCoalescentRate.stacey.30": 1.04290983587086,
 "snapperCoalescentRate.stacey.31": 1.08373317843722,
 "snapperCoalescentRate.stacey.32": 0.888063419222177,
 "snapperCoalescentRate.stacey.33": 1.26809666833325,
 "snapperCoalescentRate.stacey.34": 1.18730590958638,
 "snapperCoalescentRate.stacey.35": 1.00260530673839,
 "snapperCoalescentRate.stacey.36": 0.953930903849965,
 "snapperCoalescentRate.stacey.37": 0.783148610342266,
 "snapperCoalescentRate.stacey.38": 0.923795522758558,
 "snapperCoalescentRate.stacey.39": 0.85711562398178,
 "snapperCoalescentRate.stacey.40": 1.08150803044727,
 "snapperCoalescentRate.stacey.41": 1.09364498398657,
 "snapperCoalescentRate.stacey.42": 1.02238810712836,
 "snapperCoalescentRate.stacey.43": 0.983748354387612,
 "snapperCoalescentRate.stacey.44": 1.01938576246712,
 "snapperCoalescentRate.stacey.45": 0.883972843777804,
 "snapperCoalescentRate.stacey.46": 0.967670318306222,
 "snapperCoalescentRate.stacey.47": 1.03898985831534,
 "snapperCoalescentRate.stacey.48": 0.969372976628282,
 "snapperCoalescentRate.stacey.49": 0.942659418000918,
 "snapperCoalescentRate.stacey.50": 1.08879283070548,
 "snapperCoalescentRate.stacey.51": 1.10552651601493,
 "snapperCoalescentRate.stacey.52": 1.03756972765477,
 "snapperCoalescentRate.stacey.53": 1.0070450182363,
 "snapperCoalescentRate.stacey.54": 0.920715702735445,
 "snapperCoalescentRate.stacey.55": 1.07508756472036,
 "snapperCoalescentRate.stacey.56": 1.00907425121922,
 "snapperCoalescentRate.stacey.57": 0.987941812289322,
 "snapperCoalescentRate.stacey.58": 0.980788971880733,
 "snapperCoalescentRate.stacey.59": 0.97522118471669,
 "snapperCoalescentRate.stacey.60": 1.11003876135488,
 "snapperCoalescentRate.stacey.61": 0.979265931288261,
 "snapperCoalescentRate.stacey.62": 0.99330294622428,
 "snapperCoalescentRate.stacey.63": 0.925272268433995,
 "snapperCoalescentRate.stacey.64": 0.970860929116972,
 "snapperCoalescentRate.stacey.65": 0.971866727531746,
 "snapperCoalescentRate.stacey.66": 1.04233331507943,
 "snapperCoalescentRate.stacey.67": 1.32470361731933,
 "snapperCoalescentRate.stacey.68": 1.02809698598792,
 "snapperCoalescentRate.stacey.69": 1.08197955487857,
 "snapperCoalescentRate.stacey.70": 1.14443700140459,
 "snapperCoalescentRate.stacey.71": 0.799733501379912,
 "snapperCoalescentRate.stacey.72": 1.00253605663643,
 "snapperCoalescentRate.stacey.73": 0.844457316731384,
 "snapperCoalescentRate.stacey.74": 0.947166117553263,
 "snapperCoalescentRate.stacey.75": 0.949340039086949,
 "snapperCoalescentRate.stacey.76": 0.819764522422531,
 "snapperCoalescentRate.stacey.77": 1.02019964180598,
 "snapperCoalescentRate.stacey.78": 1.04631366808841,
 "snapperCoalescentRate.stacey.79": 1.02801640966402,
 "bdcGrowthRateRate.Species": 0.175251387926235,
 "relativeDeathRate.Species": 0,
 "collapseWeight.Species": 0.801163224312373,
 "originHeight.Species": 8.7537729646763e+98,
 "BirthDeathCollapseModel.Species": 298.003536338566,
 "BirthRates.1": 64.215414534031,
 "BirthRates.2": 5.02327275120714,
 "BirthRates.3": 16.2794449819443,
 "BirthRates.4": 14.0994042428512,
 "clusterCount": 6,