{
 "Sample": 46700000,
 "posterior": 334.371993647694,
 "likelihood": 0,
 "prior": 334.371993647694,
 "TreeHeight.stacey": 0.262417065223265,
 "snapperCoalescentRate.stacey.1": 0.95469579941092,
 "snapperCoalescentRate.stacey.2": 0.996601259615824,
 "snapperCoalescentRate.stacey.3": 0.734085006846072,
 "snapperCoalescentRate.stacey.4": 0.96565418615992,
 "snapperCoalescentRate.stacey.5": 0.781408127521706,
 "snapperCoalescentRate.stacey.6": 0.989640989228877,
 "snapperCoalescentRate.stacey.7": 1.02914606462486,
 "snapperCoalescentRate.stacey.8": 1.04308579000171,
 "snapperCoalescentRate.stacey.9": 0.961298941710865,
 "snapperCoalescentRate.stacey.10": 1.03096358570801,
 "snapperCoalescentRate.stacey.11": 1.01965076229532,
 "snapperCoalescentRate.stacey.12": 0.979435798576989,
 "snapperCoalescentRate.stacey.13": 0.901832477704144,
 "snapperCoalescentRate.stacey.14": 1.0550469726233,
 "snapperCoalescentRate.stacey.15": 1.08076001420513,
 "snapperCoalescentRate.stacey.16": 1.07561765861074,
 "snapperCoalescentRate.stacey.17": 1.27840520221029,
 "snapperCoalescentRate.stacey.18": 1.07826174982797,
 "snapperCoalescentRate.stacey.19": 1.03868607452871,
 "snapperCoalescentRate.stacey.20": 0.993450452690626,
 "snapperCoalescentRate.stacey.21": 0.930413981561677,
 "snapperCoalescentRate.stacey.22": 0.916594760571472,
 "snapperCoalescentRate.stacey.23": 1.05068030466746,
 "snapperCoalescentRate.stacey.24": 0.915818727324065,
 "snapperCoalescentRate.stacey.25": 0.91403680346668,
 "snapperCoalescentRate.stacey.26": 1.04996839947928,
 "snapperCoalescentRate.stacey.27": 0.836254380517505,
 "snapperCoalescentRate.stacey.28": 0.790879900358877,
 "snapperCoalescentRate.stacey.29": 0.957658272368411,
 "snapperCoalescentRate.stacey.30": 0.981658308479536,
 "snapperCoalescentRate.stacey.31": 1.07359129841842,
 "snapperCoalescentRate.stacey.32": 0.921660455304249,
 "snapperCoalescentRate.stacey.33": 1.12989530412398,
 "snapperCoalescentRate.stacey.34": 0.959769352956461,
 "snapperCoalescentRate.stacey.35": 0.967179186751628,
 "snapperCoalescentRate.stacey.36": 1.08512991741272,
 "snapperCoalescentRate.stacey.37": 0.870541061185655,
 "snapperCoalescentRate.stacey.38": 1.15086152812491,
 "snapperCoalescentRate.stacey.39": 0.836622284965729,
 "snapperCoalescentRate.stacey.40": 0.936839001797409,
 "snapperCoalescentRate.stacey.41": 1.03931867711019,
 "snapperCoalescentRate.stacey.42": 1.09989201237172,
 "snapperCoalescentRate.stacey.43": 1.1210614885837,
 "snapperCoalescentRate.stacey.44": 1.01830668842837,
 "snapperCoalescentRate.stacey.45": 0.898526418063438,
 "snapperCoalescentRate.stacey.46": 0.9328587586017,
 "snapperCoalescentRate.stacey.47": 0.908297565787419,
 "snapperCoalescentRate.stacey.48": 1.05695000523828,
 "snapperCoalescentRate.stacey.49": 0.917780419174143,
 "snapperCoalescentRate.stacey.50": 0.920637313235316,
 "snapperCoalescentRate.stacey.51": 0.823510505215855,
 "snapperCoalescentRate.stacey.52": 0.998117786431948,
 "snapperCoalescentRate.stacey.53": 0.908272326623423,
 "snapperCoalescentRate.stacey.54": 0.991706011867878,
 "snapperCoalescentRate.stacey.55": 0.891620285260239,
 "snapperCoalescentRate.stacey.56": 1.03827834900182,
 "snapperCoalescentRate.stacey.57": 0.925547164236975,
 "snapperCoalescentRate.stacey.58": 0.939790814898426,
 "snapperCoalescentRate.stacey.59": 1.01815223007572,
 "snapperCoalescentRate.stacey.60": 0.968503630778975,
 "snapperCoalescentRate.stacey.61": 0.916648063150956,
 "snapperCoalescentRate.stacey.62": 0.954213869681775,
 "snapperCoalescentRate.stacey.63": 0.983514274746912,
 "snapperCoalescentRate.stacey.64": 1.03873689433831,
 "snapperCoalescentRate.stacey.65": 0.972467002595264,
 "snapperCoalescentRate.stacey.66": 1.02258742115926,
 "snapperCoalescentRate.stacey.67": 1.10392829502098,
 "snapperCoalescentRate.stacey.68": 0.927980228245136,
 "snapperCoalescentRate.stacey.69": 1.10476778097974,
 "snapperCoalescentRate.stacey.70": 1.0519074963117,
 "snapperCoalescentRate.stacey.71": 0.966414269314786,
 "snapperCoalescentRate.stacey.72": 1.04364013711003,
 "snapperCoalescentRate.stacey.73": 1.11540984817065,
 "snapperCoalescentRate.stacey.74": 1.01620215255213,
 "snapperCoalescentRate.stacey.75": 0.977445037520039,
 "snapperCoalescentRate.stacey.76": 0.97212417631969,
 "snapperCoalescentRate.stacey.77": 1.19574970758172,
 "snapperCoalescentRate.stacey.78": 1.08856763465586,
 "snapperCoalescentRate.stacey.79": 0.924647524291402,
 "bdcGrowthRateRate.Species": 0.186996377911875,
 "relativeDeathRate.Species": 0,
 "collapseWeight.Species": 0.763620608248103,
 "originHeight.Species": 9.90982118221045e+97,
 "BirthDeathCollapseModel.Species": 258.034840334696,
 "BirthRates.1": 27.1146402450572,
 "BirthRates.2": 6.95969658446439,
 "BirthRates.3": 4.76561719200343,
 "BirthRates.4": 25.9221384458381,
 "clusterCount": 10,