{
 "Sample": 42400000,
 "posterior": 242.713126785047,
 "likelihood": 0,
 "prior": 242.713126785047,
 "TreeHeight.stacey": 0.127706073979973,
 "snapperCoalescentRate.stacey.1": 0.92228642996698,
 "snapperCoalescentRate.stacey.2": 1.02564103309361,
 "snapperCoalescentRate.stacey.3": 1.05613232102006,
 "snapperCoalescentRate.stacey.4": 1.18795307941424,
 "snapperCoalescentRate.stacey.5": 0.891381110113821,
 "snapperCoalescentRate.stacey.6": 0.975438475661114,
 "snapperCoalescentRate.stacey.7": 1.03581515231532,
 "snapperCoalescentRate.stacey.8": 1.07735182262381,
 "snapperCoalescentRate.stacey.9": 0.913763837631061,
 "snapperCoalescentRate.stacey.10": 1.04587602359289,
 "snapperCoalescentRate.stacey.11": 0.980850546274922,
 "snapperCoalescentRate.stacey.12": 0.756940300683129,
 "snapperCoalescentRate.stacey.13": 0.93725642545831,
 "snapperCoalescentRate.stacey.14": 1.14983643820654,
 "snapperCoalescentRate.stacey.15": 1.06053157434648,
 "snapperCoalescentRate.stacey.16": 1.09003159319685,
 "snapperCoalescentRate.stacey.17": 0.992102326632145,
 "snapperCoalescentRate.stacey.18": 0.915778137986542,
 "snapperCoalescentRate.stacey.19": 0.964017134804259,
 "snapperCoalescentRate.stacey.20": 1.12602303857318,
 "snapperCoalescentRate.stacey.21": 1.08335891587138,
 "snapperCoalescentRate.stacey.22": 1.04335077895498,
 "snapperCoalescentRate.stacey.23": 1.02337086900037,
 "snapperCoalescentRate.stacey.24": 0.932768764170994,
 "snapperCoalescentRate.stacey.25": 0.831122861171791,
 "snapperCoalescentRate.stacey.26": 0.992251376151646,
 "snapperCoalescentRate.stacey.27": 0.971632497033273,
 "snapperCoalescentRate.stacey.28": 0.913290164886204,
 "snapperCoalescentRate.stacey.29": 1.16653476179223,
 "snapperCoalescentRate.stacey.30": 1.0494502277003,
 "snapperCoalescentRate.stacey.31": 0.943881868397314,
 "snapperCoalescentRate.stacey.32": 1.06631332563102,
 "snapperCoalescentRate.stacey.33": 0.97146042354263,
 "snapperCoalescentRate.stacey.34": 0.861028870260232,
 "snapperCoalescentRate.stacey.35": 1.1120095018118,
 "snapperCoalescentRate.stacey.36": 1.05709256986841,
 "snapperCoalescentRate.stacey.37": 1.20998983004223,
 "snapperCoalescentRate.stacey.38": 0.916116868391468,
 "snapperCoalescentRate.stacey.39": 0.955009135661746,
 "snapperCoalescentRate.stacey.40": 1.18157612668709,
 "snapperCoalescentRate.stacey.41": 0.949877786039786,
 "snapperCoalescentRate.stacey.42": 1.06210223860255,
 "snapperCoalescentRate.stacey.43": 1.07799781982629,
 "snapperCoalescentRate.stacey.44": 0.902528974938595,
 "snapperCoalescentRate.stacey.45": 1.21847533128553,
 "snapperCoalescentRate.stacey.46": 1.13375061606969,
 "snapperCoalescentRate.stacey.47": 0.885589529084442,
 "snapperCoalescentRate.stacey.48": 0.904081111071944,
 "snapperCoalescentRate.stacey.49": 0.966389602773137,
 "snapperCoalescentRate.stacey.50": 1.00974903164698,
 "snapperCoalescentRate.stacey.51": 0.938908342164259,
 "snapperCoalescentRate.stacey.52": 0.877793545078254,
 "snapperCoalescentRate.stacey.53": 1.14518153830717,
 "snapperCoalescentRate.stacey.54": 1.00806506868826,
 "snapperCoalescentRate.stacey.55": 1.05547581795773,
 "snapperCoalescentRate.stacey.56": 0.923113337828535,
 "snapperCoalescentRate.stacey.57": 0.984281427077501,
 "snapperCoalescentRate.stacey.58": 1.19718174457094,
 "snapperCoalescentRate.stacey.59": 1.12328863619372,
 "snapperCoalescentRate.stacey.60": 0.975775907147606,
 "snapperCoalescentRate.stacey.61": 0.878821012887405,
 "snapperCoalescentRate.stacey.62": 1.08244313588288,
 "snapperCoalescentRate.stacey.63": 0.920974698389277,
 "snapperCoalescentRate.stacey.64": 1.01339517435281,
 "snapperCoalescentRate.stacey.65": 1.18305607953569,
 "snapperCoalescentRate.stacey.66": 1.02667420249607,
 "snapperCoalescentRate.stacey.67": 0.93766680006065,
 "snapperCoalescentRate.stacey.68": 0.807180453981447,
 "snapperCoalescentRate.stacey.69": 1.20991392425168,
 "snapperCoalescentRate.stacey.70": 1.03428316984512,
 "snapperCoalescentRate.stacey.71": 0.935976859563142,
 "snapperCoalescentRate.stacey.72": 0.852759529982012,
 "snapperCoalescentRate.stacey.73": 0.98265931686887,
 "snapperCoalescentRate.stacey.74": 0.865030482754353,
 "snapperCoalescentRate.stacey.75": 0.993510572648066,
 "snapperCoalescentRate.stacey.76": 1.02947918671737,
 "snapperCoalescentRate.stacey.77": 1.01861725782066,
 "snapperCoalescentRate.stacey.78": 0.884378080812667,
 "snapperCoalescentRate.stacey.79": 1.00272648988314,
 "bdcGrowthRateRate.Species": 0.195627447532202,
 "relativeDeathRate.Species": 0,
 "collapseWeight.Species": 0.363843272882863,
 "originHeight.Species": 4.89356697746905e+98,
 "BirthDeathCollapseModel.Species": 171.89149276115,
 "BirthRates.1": 34.4943505746444,
 "BirthRates.2": 39.7740159822055,
 "BirthRates.3": 10.2959319670191,
 "BirthRates.4": 7.17616919736181,
 "clusterCount": 23,