{
 "Sample": 44900000,
 "posterior": 304.338836597932,
 "likelihood": 0,
 "prior": 304.338836597932,
 "TreeHeight.stacey": 0.987286457442626,
 "snapperCoalescentRate.stacey.1": 1.1076233339363,
 "snapperCoalescentRate.stacey.2": 1.11013250585042,
 "snapperCoalescentRate.stacey.3": 0.927479592391733,
 "snapperCoalescentRate.stacey.4": 0.931715043502081,
 "snapperCoalescentRate.stacey.5": 0.995675646406211,
 "snapperCoalescentRate.stacey.6": 1.19922634640719,
 "snapperCoalescentRate.stacey.7": 1.2350083850065,
 "snapperCoalescentRate.stacey.8": 0.894935916854272,
 "snapperCoalescentRate.stacey.9": 1.11632721099077,
 "snapperCoalescentRate.stacey.10": 0.94978610411164,
 "snapperCoalescentRate.stacey.11": 1.11081941171503,
 "snapperCoalescentRate.stacey.12": 0.999488480289924,
 "snapperCoalescentRate.stacey.13": 1.15157238478478,
 "snapperCoalescentRate.stacey.14": 1.00087738234633,
 "snapperCoalescentRate.stacey.15": 0.938513338724824,
 "snapperCoalescentRate.stacey.16": 1.1896031634792,
 "snapperCoalescentRate.stacey.17": 0.932285420664529,
 "snapperCoalescentRate.stacey.18": 0.938268194682746,
 "snapperCoalescentRate.stacey.19": 1.0133269348523,
 "snapperCoalescentRate.stacey.20": 0.945207075716351,
 "snapperCoalescentRate.stacey.21": 0.991256592324314,
 "snapperCoalescentRate.stacey.22": 0.953188113040253,
 "snapperCoalescentRate.stacey.23": 1.2252517849852,
 "snapperCoalescentRate.stacey.24": 1.08085916305357,
 "snapperCoalescentRate.stacey.25": 1.06465389393349,
 "snapperCoalescentRate.stacey.26": 1.05237101332669,
 "snapperCoalescentRate.stacey.27": 1.03430927582405,
 "snapperCoalescentRate.stacey.28": 1.17577020316332,
 "snapperCoalescentRate.stacey.29": 1.09851733337449,
 "snapperCoalescentRate.stacey.30": 0.901348977552614,
 "snapperCoalescentRate.stacey.31": 1.01153164723062,
 "snapperCoalescentRate.stacey.32": 1.17586395095798,
 "snapperCoalescentRate.stacey.33": 0.990098184878582,
 "snapperCoalescentRate.stacey.34": 0.937414820030461,
 "snapperCoalescentRate.stacey.35": 0.917328166647391,
 "snapperCoalescentRate.stacey.36": 0.859287993123034,
 "snapperCoalescentRate.stacey.37": 1.04079397277285,
 "snapperCoalescentRate.stacey.38": 1.08299262653731,
 "snapperCoalescentRate.stacey.39": 0.958485576918645,
 "snapperCoalescentRate.stacey.40": 0.985458908480261,
 "snapperCoalescentRate.stacey.41": 1.08287425055998,
 "snapperCoalescentRate.stacey.42": 0.832013696341612,
 "snapperCoalescentRate.stacey.43": 0.914750369410988,
 "snapperCoalescentRate.stacey.44": 1.02493645640011,
 "snapperCoalescentRate.stacey.45": 1.03183406402279,
 "snapperCoalescentRate.stacey.46": 1.06082091830777,
 "snapperCoalescentRate.stacey.47": 1.15151068057802,
 "snapperCoalescentRate.stacey.48": 1.05819654775535,
 "snapperCoalescentRate.stacey.49": 0.980177558909082,
 "snapperCoalescentRate.stacey.50": 0.891826252880314,
 "snapperCoalescentRate.stacey.51": 0.910515183346278,
 "snapperCoalescentRate.stacey.52": 0.927666179433077,
 "snapperCoalescentRate.stacey.53": 0.859545188617816,
 "snapperCoalescentRate.stacey.54": 0.852996623382419,
 "snapperCoalescentRate.stacey.55": 1.06550334924137,
 "snapperCoalescentRate.stacey.56": 1.20019418976089,
 "snapperCoalescentRate.stacey.57": 1.02550585275293,
 "snapperCoalescentRate.stacey.58": 1.09502259201638,
 "snapperCoalescentRate.stacey.59": 1.08574049414855,
 "snapperCoalescentRate.stacey.60": 0.920691547089891,
 "snapperCoalescentRate.stacey.61": 1.04425111613168,
 "snapperCoalescentRate.stacey.62": 1.03845002582812,
 "snapperCoalescentRate.stacey.63": 1.05680208186176,
 "snapperCoalescentRate.stacey.64": 1.11468723795406,
 "snapperCoalescentRate.stacey.65": 0.99311058195781,
 "snapperCoalescentRate.stacey.66": 1.0059173999302,
 "snapperCoalescentRate.stacey.67": 0.896477491403028,
 "snapperCoalescentRate.stacey.68": 1.255356959566,
 "snapperCoalescentRate.stacey.69": 0.991304417305842,
 "snapperCoalescentRate.stacey.70": 0.909651105570056,
 "snapperCoalescentRate.stacey.71": 1.00552294555573,
 "snapperCoalescentRate.stacey.72": 1.092482024747,
 "snapperCoalescentRate.stacey.73": 0.905498552781312,
 "snapperCoalescentRate.stacey.74": 1.04413645156232,
 "snapperCoalescentRate.stacey.75": 0.932531118427309,
 "snapperCoalescentRate.stacey.76": 0.995757443551429,
 "snapperCoalescentRate.stacey.77": 1.04307216820547,
 "snapperCoalescentRate.stacey.78": 0.899626967169927,
 "snapperCoalescentRate.stacey.79": 0.987679643814728,
 "bdcGrowthRateRate.Species": 0.190280354904104,
 "relativeDeathRate.Species": 0,
 "collapseWeight.Species": 0.774985515669371,
 "originHeight.Species": 6.93874728602196e+98,
 "BirthDeathCollapseModel.Species": 231.762139671324,
 "BirthRates.1": 14.5783611062407,
 "BirthRates.2": 2.85712934684637,
 "BirthRates.3": 1.7931272734568,
 "BirthRates.4": 2.05398151562572,
 "clusterCount": 12,