{
 "Sample": 36800000,
 "posterior": 391.831961618755,
 "likelihood": 0,
 "prior": 391.831961618755,
 "TreeHeight.stacey": 0.102503845124052,
 "snapperCoalescentRate.stacey.1": 1.02364253273006,
 "snapperCoalescentRate.stacey.2": 0.899372577381072,
 "snapperCoalescentRate.stacey.3": 0.883161621082449,
 "snapperCoalescentRate.stacey.4": 0.9055940881605,
 "snapperCoalescentRate.stacey.5": 1.01901983877746,
 "snapperCoalescentRate.stacey.6": 0.874248961512173,
 "snapperCoalescentRate.stacey.7": 0.943665341937624,
 "snapperCoalescentRate.stacey.8": 1.06168379143163,
 "snapperCoalescentRate.stacey.9": 0.97478665204855,
 "snapperCoalescentRate.stacey.10": 1.04705767802954,
 "snapperCoalescentRate.stacey.11": 1.04412578891164,
 "snapperCoalescentRate.stacey.12": 1.30779497354366,
 "snapperCoalescentRate.stacey.13": 0.967140794680496,
 "snapperCoalescentRate.stacey.14": 0.947777619506752,
 "snapperCoalescentRate.stacey.15": 1.14298605097203,
 "snapperCoalescentRate.stacey.16": 0.872995685804018,
 "snapperCoalescentRate.stacey.17": 0.831104910304681,
 "snapperCoalescentRate.stacey.18": 0.931179407744794,
 "snapperCoalescentRate.stacey.19": 1.0240776200778,
 "snapperCoalescentRate.stacey.20": 1.15850416950368,
 "snapperCoalescentRate.stacey.21": 1.17762911085498,
 "snapperCoalescentRate.stacey.22": 0.935666143052363,
 "snapperCoalescentRate.stacey.23": 0.943640016054988,
 "snapperCoalescentRate.stacey.24": 1.20939662574646,
 "snapperCoalescentRate.stacey.25": 0.939298706344345,
 "snapperCoalescentRate.stacey.26": 0.869694672641539,
 "snapperCoalescentRate.stacey.27": 0.940767945432678,
 "snapperCoalescentRate.stacey.28": 1.00040013814618,
 "snapperCoalescentRate.stacey.29": 1.16761717118964,
 "snapperCoalescentRate.stacey.30": 0.921100232762497,
 "snapperCoalescentRate.stacey.31": 1.13517685995867,
 "snapperCoalescentRate.stacey.32": 1.08827173722154,
 "snapperCoalescentRate.stacey.33": 1.12613827296618,
 "snapperCoalescentRate.stacey.34": 1.22942616757853,
 "snapperCoalescentRate.stacey.35": 1.02209376386606,
 "snapperCoalescentRate.stacey.36": 1.00796223640314,
 "snapperCoalescentRate.stacey.37": 1.09260662852791,
 "snapperCoalescentRate.stacey.38": 1.07654049847714,
 "snapperCoalescentRate.stacey.39": 0.900050637086222,
 "snapperCoalescentRate.stacey.40": 0.903406082414351,
 "snapperCoalescentRate.stacey.41": 1.03590370152425,
 "snapperCoalescentRate.stacey.42": 0.89555326759902,
 "snapperCoalescentRate.stacey.43": 0.971945093600427,
 "snapperCoalescentRate.stacey.44": 0.953368628468458,
 "snapperCoalescentRate.stacey.45": 1.13550193600131,
 "snapperCoalescentRate.stacey.46": 0.990166900273474,
 "snapperCoalescentRate.stacey.47": 0.936056827135254,
 "snapperCoalescentRate.stacey.48": 1.01971565257914,
 "snapperCoalescentRate.stacey.49": 1.04511576948005,
 "snapperCoalescentRate.stacey.50": 1.05336652044106,
 "snapperCoalescentRate.stacey.51": 0.890719950131236,
 "snapperCoalescentRate.stacey.52": 1.27746178192455,
 "snapperCoalescentRate.stacey.53": 0.923130069859872,
 "snapperCoalescentRate.stacey.54": 0.904576687188037,
 "snapperCoalescentRate.stacey.55": 1.00365060345901,
 "snapperCoalescentRate.stacey.56": 0.91403857324057,
 "snapperCoalescentRate.stacey.57": 1.10821513300731,
 "snapperCoalescentRate.stacey.58": 0.866986198290363,
 "snapperCoalescentRate.stacey.59": 1.11621207622654,
 "snapperCoalescentRate.stacey.60": 1.01565323710049,
 "snapperCoalescentRate.stacey.61": 0.835250843462728,
 "snapperCoalescentRate.stacey.62": 0.886153718389363,
 "snapperCoalescentRate.stacey.63": 1.03885870514945,
 "snapperCoalescentRate.stacey.64": 0.816081249219278,
 "snapperCoalescentRate.stacey.65": 1.05998109419211,
 "snapperCoalescentRate.stacey.66": 1.10203404394032,
 "snapperCoalescentRate.stacey.67": 0.933757542187754,
 "snapperCoalescentRate.stacey.68": 0.814886265298407,
 "snapperCoalescentRate.stacey.69": 1.04364319308349,
 "snapperCoalescentRate.stacey.70": 1.16667878870024,
 "snapperCoalescentRate.stacey.71": 1.08567800173062,
 "snapperCoalescentRate.stacey.72": 0.739060848181009,
 "snapperCoalescentRate.stacey.73": 1.0961396794615,
 "snapperCoalescentRate.stacey.74": 1.01724521065662,
 "snapperCoalescentRate.stacey.75": 0.882831514190955,
 "snapperCoalescentRate.stacey.76": 0.922122624080288,
 "snapperCoalescentRate.stacey.77": 0.846459689431574,
 "snapperCoalescentRate.stacey.78": 0.985310151164791,
 "snapperCoalescentRate.stacey.79": 0.915019856126526,
 "bdcGrowthRateRate.Species": 0.181514369459602,
 "relativeDeathRate.Species": 0,
 "collapseWeight.Species": 0.944013118002971,
 "originHeight.Species": 2.893336476342e+98,
 "BirthDeathCollapseModel.Species": 332.034565353969,
 "BirthRates.1": 101.750027857268,
 "BirthRates.2": 1.59686995430026,
 "BirthRates.3": 11.3318574046336,
 "BirthRates.4": 3.65433360335541,
 "clusterCount": 3,