{
 "Sample": 45950000,
 "posterior": 391.308578675861,
 "likelihood": 0,
 "prior": 391.308578675861,
 "TreeHeight.stacey": 0.14097633112739,
 "snapperCoalescentRate.stacey.1": 0.931822832585852,
 "snapperCoalescentRate.stacey.2": 0.985392268785297,
 "snapperCoalescentRate.stacey.3": 1.01276910879209,
 "snapperCoalescentRate.stacey.4": 0.838931138711817,
 "snapperCoalescentRate.stacey.5": 0.979129832393861,
 "snapperCoalescentRate.stacey.6": 0.946733945402734,
 "snapperCoalescentRate.stacey.7": 1.03447359720693,
 "snapperCoalescentRate.stacey.8": 1.16760009890199,
 "snapperCoalescentRate.stacey.9": 1.3114711110972,
 "snapperCoalescentRate.stacey.10": 0.80543047219248,
 "snapperCoalescentRate.stacey.11": 1.06873454211834,
 "snapperCoalescentRate.stacey.12": 0.875384472949639,
 "snapperCoalescentRate.stacey.13": 0.966679133529317,
 "snapperCoalescentRate.stacey.14": 1.04826629363803,
 "snapperCoalescentRate.stacey.15": 0.834296796656915,
 "snapperCoalescentRate.stacey.16": 1.11624107089036,
 "snapperCoalescentRate.stacey.17": 0.935962900541778,
 "snapperCoalescentRate.stacey.18": 0.766516979322443,
 "snapperCoalescentRate.stacey.19": 1.11491048493304,
 "snapperCoalescentRate.stacey.20": 0.993708887462538,
 "snapperCoalescentRate.stacey.21": 0.973410313268978,
 "snapperCoalescentRate.stacey.22": 1.16101043091091,
 "snapperCoalescentRate.stacey.23": 1.06093798481119,
 "snapperCoalescentRate.stacey.24": 1.17980299340367,
 "snapperCoalescentRate.stacey.25": 0.873881683734332,
 "snapperCoalescentRate.stacey.26": 1.01627337867362,
 "snapperCoalescentRate.stacey.27": 0.994785415302064,
 "snapperCoalescentRate.stacey.28": 0.877999161778176,
 "snapperCoalescentRate.stacey.29": 1.04822527256066,
 "snapperCoalescentRate.stacey.30": 1.11483291119604,
 "snapperCoalescentRate.stacey.31": 1.10331235171687,
 "snapperCoalescentRate.stacey.32": 1.02141915293794,
 "snapperCoalescentRate.stacey.33": 1.08757064860753,
 "snapperCoalescentRate.stacey.34": 1.19699210384527,
 "snapperCoalescentRate.stacey.35": 0.966557723898403,
 "snapperCoalescentRate.stacey.36": 0.985291521419118,
 "snapperCoalescentRate.stacey.37": 1.01910273822555,
 "snapperCoalescentRate.stacey.38": 1.09533516237504,
 "snapperCoalescentRate.stacey.39": 0.959248460469263,
 "snapperCoalescentRate.stacey.40": 0.933688387441956,
 "snapperCoalescentRate.stacey.41": 0.950177998316375,
 "snapperCoalescentRate.stacey.42": 0.788310644988537,
 "snapperCoalescentRate.stacey.43": 0.926818830265306,
 "snapperCoalescentRate.stacey.44": 0.855021511815748,
 "snapperCoalescentRate.stacey.45": 0.97972798482236,
 "snapperCoalescentRate.stacey.46": 0.903332405361051,
 "snapperCoalescentRate.stacey.47": 0.879677731599327,
 "snapperCoalescentRate.stacey.48": 1.04875356441097,
 "snapperCoalescentRate.stacey.49": 1.00050408898986,
 "snapperCoalescentRate.stacey.50": 1.03193583041299,
 "snapperCoalescentRate.stacey.51": 1.03741322820305,
 "snapperCoalescentRate.stacey.52": 0.949783746065375,
 "snapperCoalescentRate.stacey.53": 0.928271531173922,
 "snapperCoalescentRate.stacey.54": 1.03233362408394,
 "snapperCoalescentRate.stacey.55": 1.03129607920404,
 "snapperCoalescentRate.stacey.56": 0.946091907716929,
 "snapperCoalescentRate.stacey.57": 0.90503566260157,
 "snapperCoalescentRate.stacey.58": 1.08634569367447,
 "snapperCoalescentRate.stacey.59": 1.02757239133837,
 "snapperCoalescentRate.stacey.60": 1.08183023448444,
 "snapperCoalescentRate.stacey.61": 0.998418971556156,
 "snapperCoalescentRate.stacey.62": 0.917448077117524,
 "snapperCoalescentRate.stacey.63": 1.15263402232115,
 "snapperCoalescentRate.stacey.64": 0.977865562169576,
 "snapperCoalescentRate.stacey.65": 1.01829471928466,
 "snapperCoalescentRate.stacey.66": 1.07851656290293,
 "snapperCoalescentRate.stacey.67": 1.04739336447829,
 "snapperCoalescentRate.stacey.68": 1.04109530788211,
 "snapperCoalescentRate.stacey.69": 1.18613737883518,
 "snapperCoalescentRate.stacey.70": 1.060351098176,
 "snapperCoalescentRate.stacey.71": 1.00796968734919,
 "snapperCoalescentRate.stacey.72": 0.981166873608055,
 "snapperCoalescentRate.stacey.73": 0.966831954671178,
 "snapperCoalescentRate.stacey.74": 1.08850116066221,
 "snapperCoalescentRate.stacey.75": 0.982676693790346,
 "snapperCoalescentRate.stacey.76": 0.981877523481497,
 "snapperCoalescentRate.stacey.77": 0.977162358630945,
 "snapperCoalescentRate.stacey.78": 0.946431151708916,
 "snapperCoalescentRate.stacey.79": 0.808926632912489,
 "bdcGrowthRateRate.Species": 0.18641236539199,
 "relativeDeathRate.Species": 0,
 "collapseWeight.Species": 0.894030971134266,
 "originHeight.Species": 2.06237447715731e+98,
 "BirthDeathCollapseModel.Species": 320.430663793056,
 "BirthRates.1": 72.1361796905055,
 "BirthRates.2": 3.10607291821255,
 "BirthRates.3": 3.61302357382292,
 "BirthRates.4": 9.38369517458355,
 "clusterCount": 4,