{
 "Sample": 49700000,
 "posterior": 116.044729995642,
 "likelihood": 0,
 "prior": 116.044729995642,
 "TreeHeight.stacey": 0.913241025692112,
 "snapperCoalescentRate.stacey.1": 0.933517725902771,
 "snapperCoalescentRate.stacey.2": 0.945270528523685,
 "snapperCoalescentRate.stacey.3": 0.961537539578756,
 "snapperCoalescentRate.stacey.4": 0.969316208006457,
 "snapperCoalescentRate.stacey.5": 0.823346548194776,
 "snapperCoalescentRate.stacey.6": 1.04632495934071,
 "snapperCoalescentRate.stacey.7": 0.954293517956849,
 "snapperCoalescentRate.stacey.8": 0.955965622105309,
 "snapperCoalescentRate.stacey.9": 0.936799469293176,
 "snapperCoalescentRate.stacey.10": 1.10472269247137,
 "snapperCoalescentRate.stacey.11": 0.887541326783316,
 "snapperCoalescentRate.stacey.12": 0.916064862889566,
 "snapperCoalescentRate.stacey.13": 1.01275814855532,
 "snapperCoalescentRate.stacey.14": 0.930562041028257,
 "snapperCoalescentRate.stacey.15": 0.921002345596096,
 "snapperCoalescentRate.stacey.16": 0.90528334602045,
 "snapperCoalescentRate.stacey.17": 1.047710619944,
 "snapperCoalescentRate.stacey.18": 0.97941227777082,
 "snapperCoalescentRate.stacey.19": 1.13668695606531,
 "snapperCoalescentRate.stacey.20": 1.0559109911947,
 "snapperCoalescentRate.stacey.21": 0.986778601931951,
 "snapperCoalescentRate.stacey.22": 0.990483403984448,
 "snapperCoalescentRate.stacey.23": 0.964247602422954,
 "snapperCoalescentRate.stacey.24": 1.19868767808157,
 "snapperCoalescentRate.stacey.25": 1.06203189093253,
 "snapperCoalescentRate.stacey.26": 1.02462864291564,
 "snapperCoalescentRate.stacey.27": 1.09163094667081,
 "snapperCoalescentRate.stacey.28": 1.0159141305109,
 "snapperCoalescentRate.stacey.29": 0.791972453917084,
 "snapperCoalescentRate.stacey.30": 0.919894391756266,
 "snapperCoalescentRate.stacey.31": 1.24714074701968,
 "snapperCoalescentRate.stacey.32": 1.11209726930626,
 "snapperCoalescentRate.stacey.33": 0.86403624617652,
 "snapperCoalescentRate.stacey.34": 1.09890299260457,
 "snapperCoalescentRate.stacey.35": 0.839336192043743,
 "snapperCoalescentRate.stacey.36": 0.977493095240805,
 "snapperCoalescentRate.stacey.37": 1.15944406830642,
 "snapperCoalescentRate.stacey.38": 1.06356943979062,
 "snapperCoalescentRate.stacey.39": 0.861002106551839,
 "snapperCoalescentRate.stacey.40": 0.915982509563237,
 "snapperCoalescentRate.stacey.41": 0.869416760107727,
 "snapperCoalescentRate.stacey.42": 0.990920393503439,
 "snapperCoalescentRate.stacey.43": 0.966345669758215,
 "snapperCoalescentRate.stacey.44": 1.20327512311999,
 "snapperCoalescentRate.stacey.45": 1.0502931298123,
 "snapperCoalescentRate.stacey.46": 0.990605400262153,
 "snapperCoalescentRate.stacey.47": 1.05642075146107,
 "snapperCoalescentRate.stacey.48": 0.981621464339583,
 "snapperCoalescentRate.stacey.49": 1.11209180962032,
 "snapperCoalescentRate.stacey.50": 1.16347032405232,
 "snapperCoalescentRate.stacey.51": 1.12164915933379,
 "snapperCoalescentRate.stacey.52": 0.975729713394874,
 "snapperCoalescentRate.stacey.53": 1.07191900807476,
 "snapperCoalescentRate.stacey.54": 1.05684347575571,
 "snapperCoalescentRate.stacey.55": 1.10929309312845,
 "snapperCoalescentRate.stacey.56": 1.04991488862513,
 "snapperCoalescentRate.stacey.57": 1.05928443906563,
 "snapperCoalescentRate.stacey.58": 0.987110770301867,
 "snapperCoalescentRate.stacey.59": 0.829394727746058,
 "snapperCoalescentRate.stacey.60": 1.01875643177266,
 "snapperCoalescentRate.stacey.61": 1.0443809259487,
 "snapperCoalescentRate.stacey.62": 0.802226192926788,
 "snapperCoalescentRate.stacey.63": 1.16740030566932,
 "snapperCoalescentRate.stacey.64": 1.07939924083536,
 "snapperCoalescentRate.stacey.65": 0.941680836982902,
 "snapperCoalescentRate.stacey.66": 0.963701086517788,
 "snapperCoalescentRate.stacey.67": 1.00236166047575,
 "snapperCoalescentRate.stacey.68": 0.937351482613469,
 "snapperCoalescentRate.stacey.69": 1.14289195536633,
 "snapperCoalescentRate.stacey.70": 1.04587733497274,
 "snapperCoalescentRate.stacey.71": 0.896811324542836,
 "snapperCoalescentRate.stacey.72": 1.04800798454159,
 "snapperCoalescentRate.stacey.73": 0.951143930576685,
 "snapperCoalescentRate.stacey.74": 0.771388763209001,
 "snapperCoalescentRate.stacey.75": 0.929787529356117,
 "snapperCoalescentRate.stacey.76": 0.968833212826504,
 "snapperCoalescentRate.stacey.77": 0.905724173746153,
 "snapperCoalescentRate.stacey.78": 0.95180971758204,
 "snapperCoalescentRate.stacey.79": 1.0343792250629,
 "bdcGrowthRateRate.Species": 0.212198190481379,
 "relativeDeathRate.Species": 0,
 "collapseWeight.Species": 0.132390757803503,
 "originHeight.Species": 9.18588968051886e+98,
 "BirthDeathCollapseModel.Species": 43.145790526161,
 "BirthRates.1": 5.32584700010201,
 "BirthRates.2": 2.51503320421204,
 "BirthRates.3": 2.31743664007328,
 "BirthRates.4": 13.4569474263517,
 "clusterCount": 33,