{
 "Sample": 26950000,
 "posterior": 118.814456507103,
 "likelihood": 0,
 "prior": 118.814456507103,
 "TreeHeight.stacey": 0.225470006386339,
 "snapperCoalescentRate.stacey.1": 0.900961096768882,
 "snapperCoalescentRate.stacey.2": 0.948204772905991,
 "snapperCoalescentRate.stacey.3": 1.05344584866179,
 "snapperCoalescentRate.stacey.4": 1.23279807292441,
 "snapperCoalescentRate.stacey.5": 0.805323395731941,
 "snapperCoalescentRate.stacey.6": 1.08876081191479,
 "snapperCoalescentRate.stacey.7": 1.12984995750847,
 "snapperCoalescentRate.stacey.8": 1.11556215040954,
 "snapperCoalescentRate.stacey.9": 0.807756582333136,
 "snapperCoalescentRate.stacey.10": 1.16808642329986,
 "snapperCoalescentRate.stacey.11": 1.15003627971282,
 "snapperCoalescentRate.stacey.12": 1.06562695311475,
 "snapperCoalescentRate.stacey.13": 0.996670862943194,
 "snapperCoalescentRate.stacey.14": 1.03346136175607,
 "snapperCoalescentRate.stacey.15": 0.940629708263127,
 "snapperCoalescentRate.stacey.16": 1.06241397230235,
 "snapperCoalescentRate.stacey.17": 0.859381126007348,
 "snapperCoalescentRate.stacey.18": 1.16962230079941,
 "snapperCoalescentRate.stacey.19": 0.99792920451444,
 "snapperCoalescentRate.stacey.20": 1.00304020412319,
 "snapperCoalescentRate.stacey.21": 1.02445095981645,
 "snapperCoalescentRate.stacey.22": 0.91389502491305,
 "snapperCoalescentRate.stacey.23": 1.08542362022319,
 "snapperCoalescentRate.stacey.24": 1.00448909986103,
 "snapperCoalescentRate.stacey.25": 1.18894365955048,
 "snapperCoalescentRate.stacey.26": 0.984693616476706,
 "snapperCoalescentRate.stacey.27": 1.01787259952455,
 "snapperCoalescentRate.stacey.28": 0.984184289692858,
 "snapperCoalescentRate.stacey.29": 1.1991768145343,
 "snapperCoalescentRate.stacey.30": 1.06931140222737,
 "snapperCoalescentRate.stacey.31": 1.15725122509581,
 "snapperCoalescentRate.stacey.32": 1.07991084416867,
 "snapperCoalescentRate.stacey.33": 1.05769297145763,
 "snapperCoalescentRate.stacey.34": 0.954333652325952,
 "snapperCoalescentRate.stacey.35": 0.976833104260764,
 "snapperCoalescentRate.stacey.36": 0.965790849124662,
 "snapperCoalescentRate.stacey.37": 0.924389568460194,
 "snapperCoalescentRate.stacey.38": 1.25270042360966,
 "snapperCoalescentRate.stacey.39": 0.902498249209526,
 "snapperCoalescentRate.stacey.40": 0.926755480691217,
 "snapperCoalescentRate.stacey.41": 0.960980457206862,
 "snapperCoalescentRate.stacey.42": 0.858820035122888,
 "snapperCoalescentRate.stacey.43": 0.891418312147353,
 "snapperCoalescentRate.stacey.44": 1.00403193958328,
 "snapperCoalescentRate.stacey.45": 0.849301128426111,
 "snapperCoalescentRate.stacey.46": 1.06787704487142,
 "snapperCoalescentRate.stacey.47": 0.880762029766709,
 "snapperCoalescentRate.stacey.48": 0.954362080291637,
 "snapperCoalescentRate.stacey.49": 1.07839608151694,
 "snapperCoalescentRate.stacey.50": 0.849386591333459,
 "snapperCoalescentRate.stacey.51": 0.876156748295496,
 "snapperCoalescentRate.stacey.52": 1.15539908701678,
 "snapperCoalescentRate.stacey.53": 1.02167889174816,
 "snapperCoalescentRate.stacey.54": 0.967988229639314,
 "snapperCoalescentRate.stacey.55": 0.994388951506852,
 "snapperCoalescentRate.stacey.56": 1.08110563496679,
 "snapperCoalescentRate.stacey.57": 1.00072470326287,
 "snapperCoalescentRate.stacey.58": 0.866814555794555,
 "snapperCoalescentRate.stacey.59": 0.90633549298467,
 "snapperCoalescentRate.stacey.60": 0.978735315786726,
 "snapperCoalescentRate.stacey.61": 0.97064278915624,
 "snapperCoalescentRate.stacey.62": 1.08937042543828,
 "snapperCoalescentRate.stacey.63": 1.1523916111065,
 "snapperCoalescentRate.stacey.64": 0.793968744422184,
 "snapperCoalescentRate.stacey.65": 1.00525093469997,
 "snapperCoalescentRate.stacey.66": 1.05591725453096,
 "snapperCoalescentRate.stacey.67": 1.04395881007543,
 "snapperCoalescentRate.stacey.68": 0.890246653882623,
 "snapperCoalescentRate.stacey.69": 0.993689479917126,
 "snapperCoalescentRate.stacey.70": 0.951993205855676,
 "snapperCoalescentRate.stacey.71": 0.862329985866272,
 "snapperCoalescentRate.stacey.72": 1.25837948157114,
 "snapperCoalescentRate.stacey.73": 0.969169702935738,
 "snapperCoalescentRate.stacey.74": 1.17913009083906,
 "snapperCoalescentRate.stacey.75": 1.08998018623443,
 "snapperCoalescentRate.stacey.76": 0.937326172944346,
 "snapperCoalescentRate.stacey.77": 0.968643646728794,
 "snapperCoalescentRate.stacey.78": 1.02970986697505,
 "snapperCoalescentRate.stacey.79": 0.956553048631828,
 "bdcGrowthRateRate.Species": 0.241487387087094,
 "relativeDeathRate.Species": 0,
 "collapseWeight.Species": 0.0403675187754267,
 "originHeight.Species": 1.83978907359266e+98,
 "BirthDeathCollapseModel.Species": 52.6775352993558,
 "BirthRates.1": 4.46093560079296,
 "BirthRates.2": 19.0415340480773,
 "BirthRates.3": 12.3133503524347,
 "BirthRates.4": 10.5707947051647,
 "clusterCount": 39,