{
 "Sample": 29750000,
 "posterior": 234.476197639252,
 "likelihood": 0,
 "prior": 234.476197639252,
 "TreeHeight.stacey": 0.571050695081823,
 "snapperCoalescentRate.stacey.1": 1.04020813934629,
 "snapperCoalescentRate.stacey.2": 1.23614060568186,
 "snapperCoalescentRate.stacey.3": 1.03740834251379,
 "snapperCoalescentRate.stacey.4": 1.01144998274536,
 "snapperCoalescentRate.stacey.5": 0.855184326637965,
 "snapperCoalescentRate.stacey.6": 0.785739490529411,
 "snapperCoalescentRate.stacey.7": 0.997720835830462,
 "snapperCoalescentRate.stacey.8": 0.914438258966883,
 "snapperCoalescentRate.stacey.9": 1.07458094785775,
 "snapperCoalescentRate.stacey.10": 1.10493300712031,
 "snapperCoalescentRate.stacey.11": 0.914656757553782,
 "snapperCoalescentRate.stacey.12": 0.95760317430425,
 "snapperCoalescentRate.stacey.13": 1.14119152720026,
 "snapperCoalescentRate.stacey.14": 1.09304679643869,
 "snapperCoalescentRate.stacey.15": 1.06608809775963,
 "snapperCoalescentRate.stacey.16": 1.02646250147675,
 "snapperCoalescentRate.stacey.17": 0.946066313229123,
 "snapperCoalescentRate.stacey.18": 1.11124771835957,
 "snapperCoalescentRate.stacey.19": 0.946809586198469,
 "snapperCoalescentRate.stacey.20": 0.889551496557824,
 "snapperCoalescentRate.stacey.21": 0.996279333903005,
 "snapperCoalescentRate.stacey.22": 1.09421002954176,
 "snapperCoalescentRate.stacey.23": 0.938315967508285,
 "snapperCoalescentRate.stacey.24": 0.955418280866881,
 "snapperCoalescentRate.stacey.25": 0.963577526829916,
 "snapperCoalescentRate.stacey.26": 0.949866732023986,
 "snapperCoalescentRate.stacey.27": 1.10370423836999,
 "snapperCoalescentRate.stacey.28": 0.949221905051484,
 "snapperCoalescentRate.stacey.29": 0.846624571487857,
 "snapperCoalescentRate.stacey.30": 1.13431556483204,
 "snapperCoalescentRate.stacey.31": 0.927771622393998,
 "snapperCoalescentRate.stacey.32": 1.03449521705389,
 "snapperCoalescentRate.stacey.33": 1.09795695768075,
 "snapperCoalescentRate.stacey.34": 0.813717233961133,
 "snapperCoalescentRate.stacey.35": 1.04302501148259,
 "snapperCoalescentRate.stacey.36": 0.870064589556307,
 "snapperCoalescentRate.stacey.37": 0.981460542388154,
 "snapperCoalescentRate.stacey.38": 0.927698602599298,
 "snapperCoalescentRate.stacey.39": 1.09406400603134,
 "snapperCoalescentRate.stacey.40": 1.16020703743709,
 "snapperCoalescentRate.stacey.41": 1.00632583525331,
 "snapperCoalescentRate.stacey.42": 1.012249932724,
 "snapperCoalescentRate.stacey.43": 1.09298051186423,
 "snapperCoalescentRate.stacey.44": 0.818583950622247,
 "snapperCoalescentRate.stacey.45": 0.8959263598112,
 "snapperCoalescentRate.stacey.46": 1.14787901184475,
 "snapperCoalescentRate.stacey.47": 0.998276380132188,
 "snapperCoalescentRate.stacey.48": 0.94588741451631,
 "snapperCoalescentRate.stacey.49": 1.17277714984386,
 "snapperCoalescentRate.stacey.50": 1.06722369733717,
 "snapperCoalescentRate.stacey.51": 0.935198729243066,
 "snapperCoalescentRate.stacey.52": 0.923020026721195,
 "snapperCoalescentRate.stacey.53": 0.979454665739875,
 "snapperCoalescentRate.stacey.54": 1.01751442529706,
 "snapperCoalescentRate.stacey.55": 1.11289379702496,
 "snapperCoalescentRate.stacey.56": 1.03298860576624,
 "snapperCoalescentRate.stacey.57": 0.979066627938439,
 "snapperCoalescentRate.stacey.58": 0.930304889501805,
 "snapperCoalescentRate.stacey.59": 1.07597534035291,
 "snapperCoalescentRate.stacey.60": 0.888739911181547,
 "snapperCoalescentRate.stacey.61": 0.874185260528761,
 "snapperCoalescentRate.stacey.62": 1.08869291306394,
 "snapperCoalescentRate.stacey.63": 1.13478624596636,
 "snapperCoalescentRate.stacey.64": 0.863410228885242,
 "snapperCoalescentRate.stacey.65": 1.15019196197703,
 "snapperCoalescentRate.stacey.66": 0.900998091694635,
 "snapperCoalescentRate.stacey.67": 0.912285496138417,
 "snapperCoalescentRate.stacey.68": 1.00238097463507,
 "snapperCoalescentRate.stacey.69": 0.973954045349876,
 "snapperCoalescentRate.stacey.70": 1.0941480584798,
 "snapperCoalescentRate.stacey.71": 1.00898123070553,
 "snapperCoalescentRate.stacey.72": 0.981652955820989,
 "snapperCoalescentRate.stacey.73": 1.03630794951536,
 "snapperCoalescentRate.stacey.74": 1.13818918728298,
 "snapperCoalescentRate.stacey.75": 0.90817487008213,
 "snapperCoalescentRate.stacey.76": 0.966769767641292,
 "snapperCoalescentRate.stacey.77": 0.972152379255142,
 "snapperCoalescentRate.stacey.78": 1.03054340004291,
 "snapperCoalescentRate.stacey.79": 0.94331728462483,
 "bdcGrowthRateRate.Species": 0.213628012733727,
 "relativeDeathRate.Species": 0,
 "collapseWeight.Species": 0.628904105328486,
 "originHeight.Species": 2.9743358856306e+98,
 "BirthDeathCollapseModel.Species": 158.782175981715,
 "BirthRates.1": 5.88278374390094,
 "BirthRates.2": 7.1381523995992,
 "BirthRates.3": 2.61363683125449,
 "BirthRates.4": 8.41634836529808,
 "clusterCount": 20,