{
 "Sample": 46950000,
 "posterior": 208.407742787992,
 "likelihood": 0,
 "prior": 208.407742787992,
 "TreeHeight.stacey": 0.43401867938656,
 "snapperCoalescentRate.stacey.1": 0.984500444983039,
 "snapperCoalescentRate.stacey.2": 0.972985796434344,
 "snapperCoalescentRate.stacey.3": 0.979763337967894,
 "snapperCoalescentRate.stacey.4": 0.977038734758309,
 "snapperCoalescentRate.stacey.5": 0.960176282811039,
 "snapperCoalescentRate.stacey.6": 0.849384776267585,
 "snapperCoalescentRate.stacey.7": 1.12020138753666,
 "snapperCoalescentRate.stacey.8": 1.0355362857515,
 "snapperCoalescentRate.stacey.9": 0.973237802202986,
 "snapperCoalescentRate.stacey.10": 1.06950291977163,
 "snapperCoalescentRate.stacey.11": 0.978577004279011,
 "snapperCoalescentRate.stacey.12": 0.973287781066575,
 "snapperCoalescentRate.stacey.13": 1.00893326919524,
 "snapperCoalescentRate.stacey.14": 0.850504206303628,
 "snapperCoalescentRate.stacey.15": 0.994183448055759,
 "snapperCoalescentRate.stacey.16": 1.05479059588469,
 "snapperCoalescentRate.stacey.17": 1.0850568384436,
 "snapperCoalescentRate.stacey.18": 0.956262530517377,
 "snapperCoalescentRate.stacey.19": 1.09233493708681,
 "snapperCoalescentRate.stacey.20": 1.06500893818021,
 "snapperCoalescentRate.stacey.21": 0.871991075906447,
 "snapperCoalescentRate.stacey.22": 1.02940604619213,
 "snapperCoalescentRate.stacey.23": 0.913448460863471,
 "snapperCoalescentRate.stacey.24": 0.824273165532892,
 "snapperCoalescentRate.stacey.25": 1.11176146797664,
 "snapperCoalescentRate.stacey.26": 1.12451815651102,
 "snapperCoalescentRate.stacey.27": 1.09902433096183,
 "snapperCoalescentRate.stacey.28": 0.818390146411728,
 "snapperCoalescentRate.stacey.29": 0.890541232426425,
 "snapperCoalescentRate.stacey.30": 1.01347996168409,
 "snapperCoalescentRate.stacey.31": 1.26717494458595,
 "snapperCoalescentRate.stacey.32": 0.768846867231948,
 "snapperCoalescentRate.stacey.33": 0.927614633926616,
 "snapperCoalescentRate.stacey.34": 1.00563199246036,
 "snapperCoalescentRate.stacey.35": 1.06839536636956,
 "snapperCoalescentRate.stacey.36": 0.941681693415157,
 "snapperCoalescentRate.stacey.37": 0.967386251451483,
 "snapperCoalescentRate.stacey.38": 1.14325856182597,
 "snapperCoalescentRate.stacey.39": 0.913952150452524,
 "snapperCoalescentRate.stacey.40": 0.827483187781625,
 "snapperCoalescentRate.stacey.41": 1.07439141535387,
 "snapperCoalescentRate.stacey.42": 1.05144056297672,
 "snapperCoalescentRate.stacey.43": 0.929024579227655,
 "snapperCoalescentRate.stacey.44": 0.996936859837152,
 "snapperCoalescentRate.stacey.45": 1.03347806165524,
 "snapperCoalescentRate.stacey.46": 0.875909278731203,
 "snapperCoalescentRate.stacey.47": 0.823157688679362,
 "snapperCoalescentRate.stacey.48": 0.890866258728717,
 "snapperCoalescentRate.stacey.49": 0.793027875426266,
 "snapperCoalescentRate.stacey.50": 1.04895791717792,
 "snapperCoalescentRate.stacey.51": 0.912799686535647,
 "snapperCoalescentRate.stacey.52": 0.876426274741818,
 "snapperCoalescentRate.stacey.53": 0.943774929049854,
 "snapperCoalescentRate.stacey.54": 0.979128165803614,
 "snapperCoalescentRate.stacey.55": 0.938005788805952,
 "snapperCoalescentRate.stacey.56": 1.0165181366274,
 "snapperCoalescentRate.stacey.57": 1.05949879581135,
 "snapperCoalescentRate.stacey.58": 0.93889367509225,
 "snapperCoalescentRate.stacey.59": 0.968760354597984,
 "snapperCoalescentRate.stacey.60": 0.877981337613516,
 "snapperCoalescentRate.stacey.61": 1.03052749421601,
 "snapperCoalescentRate.stacey.62": 0.93202749271321,
 "snapperCoalescentRate.stacey.63": 1.00575713573994,
 "snapperCoalescentRate.stacey.64": 0.881936811494593,
 "snapperCoalescentRate.stacey.65": 0.888504925276225,
 "snapperCoalescentRate.stacey.66": 0.94897996509577,
 "snapperCoalescentRate.stacey.67": 0.869947805791314,
 "snapperCoalescentRate.stacey.68": 1.14371273487812,
 "snapperCoalescentRate.stacey.69": 1.00235039552437,
 "snapperCoalescentRate.stacey.70": 0.848787684946388,
 "snapperCoalescentRate.stacey.71": 1.12001998969141,
 "snapperCoalescentRate.stacey.72": 0.969424655411902,
 "snapperCoalescentRate.stacey.73": 1.05333897618366,
 "snapperCoalescentRate.stacey.74": 0.994401617250739,
 "snapperCoalescentRate.stacey.75": 1.06017103981471,
 "snapperCoalescentRate.stacey.76": 1.04753413717086,
 "snapperCoalescentRate.stacey.77": 0.97812160415064,
 "snapperCoalescentRate.stacey.78": 0.919083783254751,
 "snapperCoalescentRate.stacey.79": 0.970656807419616,
 "bdcGrowthRateRate.Species": 0.132235581841325,
 "relativeDeathRate.Species": 0,
 "collapseWeight.Species": 0.396001927844442,
 "originHeight.Species": 4.41647362806892e+98,
 "BirthDeathCollapseModel.Species": 134.240810504416,
 "BirthRates.1": 5.45432862575053,
 "BirthRates.2": 0.439668521332182,
 "BirthRates.3": 7.01945941345371,
 "BirthRates.4": 16.6436773052849,
 "clusterCount": 24,