{
 "Sample": 45650000,
 "posterior": 320.305933633086,
 "likelihood": 0,
 "prior": 320.305933633086,
 "TreeHeight.stacey": 0.184058784098764,
 "snapperCoalescentRate.stacey.1": 1.01933255803875,
 "snapperCoalescentRate.stacey.2": 0.987510201230552,
 "snapperCoalescentRate.stacey.3": 1.12033635657623,
 "snapperCoalescentRate.stacey.4": 1.05645780232976,
 "snapperCoalescentRate.stacey.5": 0.968334137922346,
 "snapperCoalescentRate.stacey.6": 0.816080966599243,
 "snapperCoalescentRate.stacey.7": 0.984293961699139,
 "snapperCoalescentRate.stacey.8": 0.882571054322508,
 "snapperCoalescentRate.stacey.9": 1.02097242794578,
 "snapperCoalescentRate.stacey.10": 0.922791529857474,
 "snapperCoalescentRate.stacey.11": 1.0063430419175,
 "snapperCoalescentRate.stacey.12": 1.03324136535266,
 "snapperCoalescentRate.stacey.13": 1.01224984443519,
 "snapperCoalescentRate.stacey.14": 1.14328376031857,
 "snapperCoalescentRate.stacey.15": 1.0256861876842,
 "snapperCoalescentRate.stacey.16": 1.07560661844292,
 "snapperCoalescentRate.stacey.17": 0.923328373591993,
 "snapperCoalescentRate.stacey.18": 0.917249867487698,
 "snapperCoalescentRate.stacey.19": 0.996865616243557,
 "snapperCoalescentRate.stacey.20": 0.961958028199143,
 "snapperCoalescentRate.stacey.21": 1.0156157202626,
 "snapperCoalescentRate.stacey.22": 0.890127091624051,
 "snapperCoalescentRate.stacey.23": 1.04717779037125,
 "snapperCoalescentRate.stacey.24": 1.07789468174096,
 "snapperCoalescentRate.stacey.25": 0.859688548560133,
 "snapperCoalescentRate.stacey.26": 0.901496627789267,
 "snapperCoalescentRate.stacey.27": 0.967653644803287,
 "snapperCoalescentRate.stacey.28": 1.06917691893957,
 "snapperCoalescentRate.stacey.29": 1.00673484533212,
 "snapperCoalescentRate.stacey.30": 0.959568857782202,
 "snapperCoalescentRate.stacey.31": 1.02955336471165,
 "snapperCoalescentRate.stacey.32": 0.986540878918951,
 "snapperCoalescentRate.stacey.33": 0.979090027214627,
 "snapperCoalescentRate.stacey.34": 0.736051984985818,
 "snapperCoalescentRate.stacey.35": 1.23865122800405,
 "snapperCoalescentRate.stacey.36": 1.16259988149941,
 "snapperCoalescentRate.stacey.37": 1.16378076895193,
 "snapperCoalescentRate.stacey.38": 0.979808182998463,
 "snapperCoalescentRate.stacey.39": 0.987833138244303,
 "snapperCoalescentRate.stacey.40": 0.982944700070506,
 "snapperCoalescentRate.stacey.41": 0.980497692699311,
 "snapperCoalescentRate.stacey.42": 0.858688464487697,
 "snapperCoalescentRate.stacey.43": 1.02656217704182,
 "snapperCoalescentRate.stacey.44": 0.978634515881383,
 "snapperCoalescentRate.stacey.45": 0.902517480675559,
 "snapperCoalescentRate.stacey.46": 0.93295661980012,
 "snapperCoalescentRate.stacey.47": 0.976772389255644,
 "snapperCoalescentRate.stacey.48": 0.969668489457322,
 "snapperCoalescentRate.stacey.49": 0.908318744373681,
 "snapperCoalescentRate.stacey.50": 0.928671905589346,
 "snapperCoalescentRate.stacey.51": 1.25501249784874,
 "snapperCoalescentRate.stacey.52": 0.904295101380016,
 "snapperCoalescentRate.stacey.53": 1.09845620270047,
 "snapperCoalescentRate.stacey.54": 0.956637756133174,
 "snapperCoalescentRate.stacey.55": 0.918376802190612,
 "snapperCoalescentRate.stacey.56": 0.808274772716416,
 "snapperCoalescentRate.stacey.57": 0.987592855429904,
 "snapperCoalescentRate.stacey.58": 1.03180104688022,
 "snapperCoalescentRate.stacey.59": 0.892196356585856,
 "snapperCoalescentRate.stacey.60": 0.982828380728778,
 "snapperCoalescentRate.stacey.61": 0.994907333908703,
 "snapperCoalescentRate.stacey.62": 0.856437292112328,
 "snapperCoalescentRate.stacey.63": 0.98167094888261,
 "snapperCoalescentRate.stacey.64": 1.12594417344218,
 "snapperCoalescentRate.stacey.65": 1.0922660945751,
 "snapperCoalescentRate.stacey.66": 1.02512140824278,
 "snapperCoalescentRate.stacey.67": 1.05766431393154,
 "snapperCoalescentRate.stacey.68": 0.846589206707556,
 "snapperCoalescentRate.stacey.69": 1.0168957120042,
 "snapperCoalescentRate.stacey.70": 1.19618798316183,
 "snapperCoalescentRate.stacey.71": 1.09669595540259,
 "snapperCoalescentRate.stacey.72": 0.971535054380814,
 "snapperCoalescentRate.stacey.73": 0.958404882337168,
 "snapperCoalescentRate.stacey.74": 1.09662055713834,
 "snapperCoalescentRate.stacey.75": 1.01425583070228,
 "snapperCoalescentRate.stacey.76": 0.957010468729766,
 "snapperCoalescentRate.stacey.77": 0.952031007101619,
 "snapperCoalescentRate.stacey.78": 0.971832307644918,
 "snapperCoalescentRate.stacey.79": 1.09306467426139,
 "bdcGrowthRateRate.Species": 0.245324089875299,
 "relativeDeathRate.Species": 0,
 "collapseWeight.Species": 0.714819752119253,
 "originHeight.Species": 5.9136784972501e+98,
 "BirthDeathCollapseModel.Species": 244.433842915777,
 "BirthRates.1": 41.7500283311143,
 "BirthRates.2": 9.6584595811586,
 "BirthRates.3": 16.3978292980684,
 "BirthRates.4": 8.16995005363011,
 "clusterCount": 12,