{
 "Sample": 30250000,
 "posterior": 259.105520022401,
 "likelihood": 0,
 "prior": 259.105520022401,
 "TreeHeight.stacey": 0.383382239271195,
 "snapperCoalescentRate.stacey.1": 0.884443763625068,
 "snapperCoalescentRate.stacey.2": 0.988144533520164,
 "snapperCoalescentRate.stacey.3": 1.13488032537425,
 "snapperCoalescentRate.stacey.4": 0.894138062804446,
 "snapperCoalescentRate.stacey.5": 0.813464859553837,
 "snapperCoalescentRate.stacey.6": 0.966696225349385,
 "snapperCoalescentRate.stacey.7": 0.914978668042133,
 "snapperCoalescentRate.stacey.8": 0.98829748520488,
 "snapperCoalescentRate.stacey.9": 1.11587483359718,
 "snapperCoalescentRate.stacey.10": 0.824062450959267,
 "snapperCoalescentRate.stacey.11": 1.00522070727802,
 "snapperCoalescentRate.stacey.12": 1.08482772143647,
 "snapperCoalescentRate.stacey.13": 1.01085481851205,
 "snapperCoalescentRate.stacey.14": 1.09531037452876,
 "snapperCoalescentRate.stacey.15": 1.02812782760262,
 "snapperCoalescentRate.stacey.16": 0.997205745894176,
 "snapperCoalescentRate.stacey.17": 0.835533650944255,
 "snapperCoalescentRate.stacey.18": 0.989250601700039,
 "snapperCoalescentRate.stacey.19": 0.995196867368656,
 "snapperCoalescentRate.stacey.20": 1.01407522401114,
 "snapperCoalescentRate.stacey.21": 1.23643213512038,
 "snapperCoalescentRate.stacey.22": 0.969613083858766,
 "snapperCoalescentRate.stacey.23": 0.947582017142937,
 "snapperCoalescentRate.stacey.24": 1.09411847868398,
 "snapperCoalescentRate.stacey.25": 0.992156167029376,
 "snapperCoalescentRate.stacey.26": 1.07981089922107,
 "snapperCoalescentRate.stacey.27": 0.982272338142973,
 "snapperCoalescentRate.stacey.28": 1.07007224533637,
 "snapperCoalescentRate.stacey.29": 0.945935379562551,
 "snapperCoalescentRate.stacey.30": 1.01521461847575,
 "snapperCoalescentRate.stacey.31": 1.05031189160655,
 "snapperCoalescentRate.stacey.32": 0.935545582836656,
 "snapperCoalescentRate.stacey.33": 1.13658400308543,
 "snapperCoalescentRate.stacey.34": 0.776073739328136,
 "snapperCoalescentRate.stacey.35": 0.9997431105353,
 "snapperCoalescentRate.stacey.36": 1.0786548098254,
 "snapperCoalescentRate.stacey.37": 0.947349740777026,
 "snapperCoalescentRate.stacey.38": 0.850843599132548,
 "snapperCoalescentRate.stacey.39": 1.0261276933377,
 "snapperCoalescentRate.stacey.40": 1.03568959025437,
 "snapperCoalescentRate.stacey.41": 1.05933353019963,
 "snapperCoalescentRate.stacey.42": 1.11742158510252,
 "snapperCoalescentRate.stacey.43": 1.02877483739293,
 "snapperCoalescentRate.stacey.44": 0.92731924058647,
 "snapperCoalescentRate.stacey.45": 0.880826324402762,
 "snapperCoalescentRate.stacey.46": 0.934986535879862,
 "snapperCoalescentRate.stacey.47": 0.913765390038903,
 "snapperCoalescentRate.stacey.48": 1.06139478205036,
 "snapperCoalescentRate.stacey.49": 1.06629489482457,
 "snapperCoalescentRate.stacey.50": 0.955330408742392,
 "snapperCoalescentRate.stacey.51": 1.01774759052761,
 "snapperCoalescentRate.stacey.52": 1.00476536086029,
 "snapperCoalescentRate.stacey.53": 1.01949650540318,
 "snapperCoalescentRate.stacey.54": 0.978316441102447,
 "snapperCoalescentRate.stacey.55": 0.945768059142065,
 "snapperCoalescentRate.stacey.56": 1.00693576577635,
 "snapperCoalescentRate.stacey.57": 0.834976408111535,
 "snapperCoalescentRate.stacey.58": 0.965480179411974,
 "snapperCoalescentRate.stacey.59": 0.997948564497634,
 "snapperCoalescentRate.stacey.60": 1.04362970996353,
 "snapperCoalescentRate.stacey.61": 1.00681932422653,
 "snapperCoalescentRate.stacey.62": 0.934446427424356,
 "snapperCoalescentRate.stacey.63": 0.915709221342658,
 "snapperCoalescentRate.stacey.64": 0.98936351591758,
 "snapperCoalescentRate.stacey.65": 0.905850235917111,
 "snapperCoalescentRate.stacey.66": 1.00902094722025,
 "snapperCoalescentRate.stacey.67": 0.921687385585771,
 "snapperCoalescentRate.stacey.68": 1.18409032606608,
 "snapperCoalescentRate.stacey.69": 1.03317955104951,
 "snapperCoalescentRate.stacey.70": 1.08445875413361,
 "snapperCoalescentRate.stacey.71": 1.15353442586421,
 "snapperCoalescentRate.stacey.72": 0.998685902844068,
 "snapperCoalescentRate.stacey.73": 0.945366191741032,
 "snapperCoalescentRate.stacey.74": 1.10707669974549,
 "snapperCoalescentRate.stacey.75": 0.965178333656302,
 "snapperCoalescentRate.stacey.76": 1.02330756584737,
 "snapperCoalescentRate.stacey.77": 0.930655272667849,
 "snapperCoalescentRate.stacey.78": 1.01766130669817,
 "snapperCoalescentRate.stacey.79": 1.06756407966965,
 "bdcGrowthRateRate.Species": 0.215814481771242,
 "relativeDeathRate.Species": 0,
 "collapseWeight.Species": 0.504835082762279,
 "originHeight.Species": 9.69918705284707e+98,
 "BirthDeathCollapseModel.Species": 176.693749017923,
 "BirthRates.1": 17.0056746062679,
 "BirthRates.2": 4.52889421399902,
 "BirthRates.3": 3.04480205325269,
 "BirthRates.4": 5.8981053510368,
 "clusterCount": 19,