{
 "Sample": 33800000,
 "posterior": 102.458717579585,
 "likelihood": 0,
 "prior": 102.458717579585,
 "TreeHeight.stacey": 0.701412348150596,
 "snapperCoalescentRate.stacey.1": 0.997940343616356,
 "snapperCoalescentRate.stacey.2": 1.09025581388319,
 "snapperCoalescentRate.stacey.3": 1.03752853760933,
 "snapperCoalescentRate.stacey.4": 0.89322334427096,
 "snapperCoalescentRate.stacey.5": 0.920274159456394,
 "snapperCoalescentRate.stacey.6": 1.01645114868558,
 "snapperCoalescentRate.stacey.7": 1.11747086166951,
 "snapperCoalescentRate.stacey.8": 0.948814909730214,
 "snapperCoalescentRate.stacey.9": 0.900357262864347,
 "snapperCoalescentRate.stacey.10": 1.01585414346957,
 "snapperCoalescentRate.stacey.11": 0.990382506905659,
 "snapperCoalescentRate.stacey.12": 1.07445432020206,
 "snapperCoalescentRate.stacey.13": 1.00330030265479,
 "snapperCoalescentRate.stacey.14": 1.27990014714174,
 "snapperCoalescentRate.stacey.15": 1.02346909192647,
 "snapperCoalescentRate.stacey.16": 0.998779986882009,
 "snapperCoalescentRate.stacey.17": 0.944361276596162,
 "snapperCoalescentRate.stacey.18": 0.809124114368442,
 "snapperCoalescentRate.stacey.19": 1.01590307610842,
 "snapperCoalescentRate.stacey.20": 1.16782632149844,
 "snapperCoalescentRate.stacey.21": 1.05184446629055,
 "snapperCoalescentRate.stacey.22": 0.963656795565425,
 "snapperCoalescentRate.stacey.23": 0.915698604111261,
 "snapperCoalescentRate.stacey.24": 0.964306116044151,
 "snapperCoalescentRate.stacey.25": 1.15258521083901,
 "snapperCoalescentRate.stacey.26": 0.929501253172591,
 "snapperCoalescentRate.stacey.27": 0.947464793600513,
 "snapperCoalescentRate.stacey.28": 0.973738580483806,
 "snapperCoalescentRate.stacey.29": 1.10896778800432,
 "snapperCoalescentRate.stacey.30": 1.11456246565363,
 "snapperCoalescentRate.stacey.31": 1.02441372129632,
 "snapperCoalescentRate.stacey.32": 1.09471938351117,
 "snapperCoalescentRate.stacey.33": 1.10002733263727,
 "snapperCoalescentRate.stacey.34": 1.00976104194027,
 "snapperCoalescentRate.stacey.35": 0.951805033036135,
 "snapperCoalescentRate.stacey.36": 1.1452329027978,
 "snapperCoalescentRate.stacey.37": 0.814877866749762,
 "snapperCoalescentRate.stacey.38": 1.13185262835419,
 "snapperCoalescentRate.stacey.39": 0.824077003137877,
 "snapperCoalescentRate.stacey.40": 1.11956100442068,
 "snapperCoalescentRate.stacey.41": 0.939414317688616,
 "snapperCoalescentRate.stacey.42": 0.93834080702941,
 "snapperCoalescentRate.stacey.43": 1.02582567825252,
 "snapperCoalescentRate.stacey.44": 0.981419526716219,
 "snapperCoalescentRate.stacey.45": 0.766058319677441,
 "snapperCoalescentRate.stacey.46": 0.859751126039189,
 "snapperCoalescentRate.stacey.47": 1.04702279111474,
 "snapperCoalescentRate.stacey.48": 0.907917831314925,
 "snapperCoalescentRate.stacey.49": 0.922244048204397,
 "snapperCoalescentRate.stacey.50": 0.848073987509665,
 "snapperCoalescentRate.stacey.51": 1.11655011083566,
 "snapperCoalescentRate.stacey.52": 0.955681597900406,
 "snapperCoalescentRate.stacey.53": 0.991663666962024,
 "snapperCoalescentRate.stacey.54": 1.12814005562246,
 "snapperCoalescentRate.stacey.55": 0.940091133758868,
 "snapperCoalescentRate.stacey.56": 0.838055055071163,
 "snapperCoalescentRate.stacey.57": 1.10439957657406,
 "snapperCoalescentRate.stacey.58": 0.944141474062469,
 "snapperCoalescentRate.stacey.59": 1.19615805660264,
 "snapperCoalescentRate.stacey.60": 0.858367070274505,
 "snapperCoalescentRate.stacey.61": 0.944013723980895,
 "snapperCoalescentRate.stacey.62": 1.01653085467151,
 "snapperCoalescentRate.stacey.63": 1.10008565937459,
 "snapperCoalescentRate.stacey.64": 1.05347025512799,
 "snapperCoalescentRate.stacey.65": 0.925646229262866,
 "snapperCoalescentRate.stacey.66": 1.11883650887758,
 "snapperCoalescentRate.stacey.67": 1.05420986612969,
 "snapperCoalescentRate.stacey.68": 1.11382597925852,
 "snapperCoalescentRate.stacey.69": 1.00476794852462,
 "snapperCoalescentRate.stacey.70": 0.917474400921106,
 "snapperCoalescentRate.stacey.71": 1.08507449938832,
 "snapperCoalescentRate.stacey.72": 1.05194359007191,
 "snapperCoalescentRate.stacey.73": 0.976110538915298,
 "snapperCoalescentRate.stacey.74": 1.02749715522512,
 "snapperCoalescentRate.stacey.75": 1.01826705541373,
 "snapperCoalescentRate.stacey.76": 1.06260838919667,
 "snapperCoalescentRate.stacey.77": 0.973139207446926,
 "snapperCoalescentRate.stacey.78": 0.943805808924248,
 "snapperCoalescentRate.stacey.79": 1.06254278676649,
 "bdcGrowthRateRate.Species": 0.235901853116692,
 "relativeDeathRate.Species": 0,
 "collapseWeight.Species": 0.0924044691872575,
 "originHeight.Species": 2.39033692770832e+98,
 "BirthDeathCollapseModel.Species": 28.7441238302408,
 "BirthRates.1": 3.78899244775287,
 "BirthRates.2": 2.5743201439745,
 "BirthRates.3": 2.95192990499715,
 "BirthRates.4": 13.6373550678158,
 "clusterCount": 36,