{
 "Sample": 26450000,
 "posterior": 170.610795981141,
 "likelihood": 0,
 "prior": 170.610795981141,
 "TreeHeight.stacey": 0.481178297974788,
 "snapperCoalescentRate.stacey.1": 0.982164823786132,
 "snapperCoalescentRate.stacey.2": 0.85539051598333,
 "snapperCoalescentRate.stacey.3": 0.949622296498002,
 "snapperCoalescentRate.stacey.4": 1.23310116943432,
 "snapperCoalescentRate.stacey.5": 1.07102523196607,
 "snapperCoalescentRate.stacey.6": 0.917099419718949,
 "snapperCoalescentRate.stacey.7": 0.839060385228815,
 "snapperCoalescentRate.stacey.8": 0.923117565692845,
 "snapperCoalescentRate.stacey.9": 0.891507300284267,
 "snapperCoalescentRate.stacey.10": 0.987969991891402,
 "snapperCoalescentRate.stacey.11": 0.976536347288566,
 "snapperCoalescentRate.stacey.12": 1.03092065531877,
 "snapperCoalescentRate.stacey.13": 1.05419011318248,
 "snapperCoalescentRate.stacey.14": 1.03269177012204,
 "snapperCoalescentRate.stacey.15": 0.96793816201106,
 "snapperCoalescentRate.stacey.16": 0.977715478270395,
 "snapperCoalescentRate.stacey.17": 1.07948519441244,
 "snapperCoalescentRate.stacey.18": 1.05658776284977,
 "snapperCoalescentRate.stacey.19": 1.14244584812843,
 "snapperCoalescentRate.stacey.20": 1.08407400406103,
 "snapperCoalescentRate.stacey.21": 0.932748924068076,
 "snapperCoalescentRate.stacey.22": 0.893271503999965,
 "snapperCoalescentRate.stacey.23": 0.867998807434116,
 "snapperCoalescentRate.stacey.24": 0.936444269418704,
 "snapperCoalescentRate.stacey.25": 1.16643235476047,
 "snapperCoalescentRate.stacey.26": 0.891700361153577,
 "snapperCoalescentRate.stacey.27": 1.02165137077676,
 "snapperCoalescentRate.stacey.28": 1.06046660617216,
 "snapperCoalescentRate.stacey.29": 0.842868300450785,
 "snapperCoalescentRate.stacey.30": 1.13126769153558,
 "snapperCoalescentRate.stacey.31": 0.945490513409538,
 "snapperCoalescentRate.stacey.32": 0.977508457706402,
 "snapperCoalescentRate.stacey.33": 1.28756728596324,
 "snapperCoalescentRate.stacey.34": 0.974170996576117,
 "snapperCoalescentRate.stacey.35": 0.836059387086861,
 "snapperCoalescentRate.stacey.36": 0.930412546576165,
 "snapperCoalescentRate.stacey.37": 1.03671644930389,
 "snapperCoalescentRate.stacey.38": 0.978857322791453,
 "snapperCoalescentRate.stacey.39": 1.01737349004,
 "snapperCoalescentRate.stacey.40": 0.979555943653383,
 "snapperCoalescentRate.stacey.41": 1.08362141965772,
 "snapperCoalescentRate.stacey.42": 1.16024864261879,
 "snapperCoalescentRate.stacey.43": 1.06300366384736,
 "snapperCoalescentRate.stacey.44": 1.36457085209309,
 "snapperCoalescentRate.stacey.45": 0.970453583538078,
 "snapperCoalescentRate.stacey.46": 1.05142990841515,
 "snapperCoalescentRate.stacey.47": 0.900960036872094,
 "snapperCoalescentRate.stacey.48": 1.14148317800218,
 "snapperCoalescentRate.stacey.49": 1.04842083178206,
 "snapperCoalescentRate.stacey.50": 0.903878718929883,
 "snapperCoalescentRate.stacey.51": 1.03549466067074,
 "snapperCoalescentRate.stacey.52": 0.973337121205754,
 "snapperCoalescentRate.stacey.53": 1.0119966596461,
 "snapperCoalescentRate.stacey.54": 0.984489227629552,
 "snapperCoalescentRate.stacey.55": 0.994808079295973,
 "snapperCoalescentRate.stacey.56": 1.10488722487945,
 "snapperCoalescentRate.stacey.57": 0.894783232876572,
 "snapperCoalescentRate.stacey.58": 0.881579100144685,
 "snapperCoalescentRate.stacey.59": 1.06147974014257,
 "snapperCoalescentRate.stacey.60": 0.963199465765698,
 "snapperCoalescentRate.stacey.61": 0.962254085186793,
 "snapperCoalescentRate.stacey.62": 1.12268460011701,
 "snapperCoalescentRate.stacey.63": 0.975682530534242,
 "snapperCoalescentRate.stacey.64": 1.12283771886439,
 "snapperCoalescentRate.stacey.65": 1.03050831743635,
 "snapperCoalescentRate.stacey.66": 1.04177722432819,
 "snapperCoalescentRate.stacey.67": 0.943489141617338,
 "snapperCoalescentRate.stacey.68": 1.03148925910867,
 "snapperCoalescentRate.stacey.69": 1.18369417300203,
 "snapperCoalescentRate.stacey.70": 0.899622795213604,
 "snapperCoalescentRate.stacey.71": 0.918836341701032,
 "snapperCoalescentRate.stacey.72": 1.20624182625727,
 "snapperCoalescentRate.stacey.73": 0.998577985656347,
 "snapperCoalescentRate.stacey.74": 0.936238851384294,
 "snapperCoalescentRate.stacey.75": 1.05881169442879,
 "snapperCoalescentRate.stacey.76": 0.985327466508607,
 "snapperCoalescentRate.stacey.77": 1.09320088517159,
 "snapperCoalescentRate.stacey.78": 1.02310282453159,
 "snapperCoalescentRate.stacey.79": 0.852209918631746,
 "bdcGrowthRateRate.Species": 0.227687068009972,
 "relativeDeathRate.Species": 0,
 "collapseWeight.Species": 0.284006205030223,
 "originHeight.Species": 2.67584994599873e+98,
 "BirthDeathCollapseModel.Species": 99.6684373102127,
 "BirthRates.1": 2.01548871963329,
 "BirthRates.2": 0.500673261905108,
 "BirthRates.3": 14.4715876353353,
 "BirthRates.4": 3.96860082916949,
 "clusterCount": 30,