{
 "Sample": 42900000,
 "posterior": 168.42304804125,
 "likelihood": 0,
 "prior": 168.42304804125,
 "TreeHeight.stacey": 0.278598266558843,
 "snapperCoalescentRate.stacey.1": 1.05007702477164,
 "snapperCoalescentRate.stacey.2": 0.984456536171166,
 "snapperCoalescentRate.stacey.3": 0.909600337278222,
 "snapperCoalescentRate.stacey.4": 0.996395657068734,
 "snapperCoalescentRate.stacey.5": 1.05782758127343,
 "snapperCoalescentRate.stacey.6": 1.02070034353763,
 "snapperCoalescentRate.stacey.7": 1.00108485600904,
 "snapperCoalescentRate.stacey.8": 0.883027807429898,
 "snapperCoalescentRate.stacey.9": 0.985346930464899,
 "snapperCoalescentRate.stacey.10": 1.13817596486732,
 "snapperCoalescentRate.stacey.11": 1.07696306751348,
 "snapperCoalescentRate.stacey.12": 0.929194912339021,
 "snapperCoalescentRate.stacey.13": 0.877592791748888,
 "snapperCoalescentRate.stacey.14": 0.941957205279679,
 "snapperCoalescentRate.stacey.15": 0.858237440052136,
 "snapperCoalescentRate.stacey.16": 0.935717518754417,
 "snapperCoalescentRate.stacey.17": 1.08301539479369,
 "snapperCoalescentRate.stacey.18": 1.0127338225658,
 "snapperCoalescentRate.stacey.19": 0.912332328108721,
 "snapperCoalescentRate.stacey.20": 1.13288922173213,
 "snapperCoalescentRate.stacey.21": 1.00273564276545,
 "snapperCoalescentRate.stacey.22": 0.915109489894039,
 "snapperCoalescentRate.stacey.23": 1.17119040539543,
 "snapperCoalescentRate.stacey.24": 0.956840872909804,
 "snapperCoalescentRate.stacey.25": 0.884831136947224,
 "snapperCoalescentRate.stacey.26": 0.998862347456386,
 "snapperCoalescentRate.stacey.27": 1.15577600243633,
 "snapperCoalescentRate.stacey.28": 0.993181067312854,
 "snapperCoalescentRate.stacey.29": 0.840551984902476,
 "snapperCoalescentRate.stacey.30": 1.03134205920107,
 "snapperCoalescentRate.stacey.31": 1.10672512653564,
 "snapperCoalescentRate.stacey.32": 1.01501635740183,
 "snapperCoalescentRate.stacey.33": 0.877295455768323,
 "snapperCoalescentRate.stacey.34": 0.98443120048495,
 "snapperCoalescentRate.stacey.35": 0.744596145081677,
 "snapperCoalescentRate.stacey.36": 0.762003244470451,
 "snapperCoalescentRate.stacey.37": 0.967674607566876,
 "snapperCoalescentRate.stacey.38": 1.04268235543282,
 "snapperCoalescentRate.stacey.39": 0.949143190745992,
 "snapperCoalescentRate.stacey.40": 0.923214480775508,
 "snapperCoalescentRate.stacey.41": 1.10068099572408,
 "snapperCoalescentRate.stacey.42": 1.0110081621147,
 "snapperCoalescentRate.stacey.43": 0.926651774444776,
 "snapperCoalescentRate.stacey.44": 0.946249741081193,
 "snapperCoalescentRate.stacey.45": 1.09479786232139,
 "snapperCoalescentRate.stacey.46": 1.02240978883248,
 "snapperCoalescentRate.stacey.47": 1.01494067426279,
 "snapperCoalescentRate.stacey.48": 0.962292653087529,
 "snapperCoalescentRate.stacey.49": 1.04753966278235,
 "snapperCoalescentRate.stacey.50": 0.899240205262037,
 "snapperCoalescentRate.stacey.51": 1.06440865853094,
 "snapperCoalescentRate.stacey.52": 1.00655186154143,
 "snapperCoalescentRate.stacey.53": 0.997354837620092,
 "snapperCoalescentRate.stacey.54": 1.00752001555329,
 "snapperCoalescentRate.stacey.55": 0.920761687105078,
 "snapperCoalescentRate.stacey.56": 1.07853234667575,
 "snapperCoalescentRate.stacey.57": 0.884912339485707,
 "snapperCoalescentRate.stacey.58": 1.09832708122891,
 "snapperCoalescentRate.stacey.59": 1.07778687298917,
 "snapperCoalescentRate.stacey.60": 1.04400786368118,
 "snapperCoalescentRate.stacey.61": 1.04178389498002,
 "snapperCoalescentRate.stacey.62": 0.842739870402528,
 "snapperCoalescentRate.stacey.63": 0.941351374506072,
 "snapperCoalescentRate.stacey.64": 1.12246853171722,
 "snapperCoalescentRate.stacey.65": 0.925999054089534,
 "snapperCoalescentRate.stacey.66": 0.866909196088751,
 "snapperCoalescentRate.stacey.67": 0.887452747615766,
 "snapperCoalescentRate.stacey.68": 1.02222374848274,
 "snapperCoalescentRate.stacey.69": 1.28635377732596,
 "snapperCoalescentRate.stacey.70": 0.92555624446589,
 "snapperCoalescentRate.stacey.71": 0.93648554403694,
 "snapperCoalescentRate.stacey.72": 1.09580445194374,
 "snapperCoalescentRate.stacey.73": 0.978253342007204,
 "snapperCoalescentRate.stacey.74": 0.954905326477724,
 "snapperCoalescentRate.stacey.75": 0.920525113697493,
 "snapperCoalescentRate.stacey.76": 0.914103295205621,
 "snapperCoalescentRate.stacey.77": 0.980805862811464,
 "snapperCoalescentRate.stacey.78": 0.884706870747339,
 "snapperCoalescentRate.stacey.79": 0.971436403512664,
 "bdcGrowthRateRate.Species": 0.241887990409264,
 "relativeDeathRate.Species": 0,
 "collapseWeight.Species": 0.158909527564555,
 "originHeight.Species": 7.64036535243397e+98,
 "BirthDeathCollapseModel.Species": 91.5083122315039,
 "BirthRates.1": 12.3606951005244,
 "BirthRates.2": 3.5769350104653,
 "BirthRates.3": 2.64627671616683,
 "BirthRates.4": 9.96387686629604,
 "clusterCount": 31,