{
 "Sample": 45400000,
 "posterior": 310.006054236386,
 "likelihood": 0,
 "prior": 310.006054236386,
 "TreeHeight.stacey": 0.443007632805376,
 "snapperCoalescentRate.stacey.1": 1.1420776578984,
 "snapperCoalescentRate.stacey.2": 1.08601576087386,
 "snapperCoalescentRate.stacey.3": 1.16775068106606,
 "snapperCoalescentRate.stacey.4": 0.931854721031326,
 "snapperCoalescentRate.stacey.5": 0.829196562755726,
 "snapperCoalescentRate.stacey.6": 0.858234962965461,
 "snapperCoalescentRate.stacey.7": 1.03104302903998,
 "snapperCoalescentRate.stacey.8": 0.952811592150877,
 "snapperCoalescentRate.stacey.9": 0.910643368507872,
 "snapperCoalescentRate.stacey.10": 1.09879681070035,
 "snapperCoalescentRate.stacey.11": 1.09719216582807,
 "snapperCoalescentRate.stacey.12": 0.910924673529331,
 "snapperCoalescentRate.stacey.13": 0.930849490417075,
 "snapperCoalescentRate.stacey.14": 1.08360346894424,
 "snapperCoalescentRate.stacey.15": 0.972586792128869,
 "snapperCoalescentRate.stacey.16": 1.05557948568157,
 "snapperCoalescentRate.stacey.17": 0.881280294000133,
 "snapperCoalescentRate.stacey.18": 0.859814579212106,
 "snapperCoalescentRate.stacey.19": 0.964304372826871,
 "snapperCoalescentRate.stacey.20": 0.956933914369686,
 "snapperCoalescentRate.stacey.21": 0.987429685454003,
 "snapperCoalescentRate.stacey.22": 1.01527709033774,
 "snapperCoalescentRate.stacey.23": 1.04794824830208,
 "snapperCoalescentRate.stacey.24": 1.13586636192766,
 "snapperCoalescentRate.stacey.25": 0.958134891732299,
 "snapperCoalescentRate.stacey.26": 0.997468622339017,
 "snapperCoalescentRate.stacey.27": 1.2324174544122,
 "snapperCoalescentRate.stacey.28": 1.11123459708045,
 "snapperCoalescentRate.stacey.29": 0.977017718143669,
 "snapperCoalescentRate.stacey.30": 1.14890205606771,
 "snapperCoalescentRate.stacey.31": 1.03686212312819,
 "snapperCoalescentRate.stacey.32": 0.983813146033484,
 "snapperCoalescentRate.stacey.33": 1.00168129532934,
 "snapperCoalescentRate.stacey.34": 1.08383847111361,
 "snapperCoalescentRate.stacey.35": 1.03430575913044,
 "snapperCoalescentRate.stacey.36": 0.889910785914601,
 "snapperCoalescentRate.stacey.37": 0.935348823097768,
 "snapperCoalescentRate.stacey.38": 1.04287406307365,
 "snapperCoalescentRate.stacey.39": 1.10649028046061,
 "snapperCoalescentRate.stacey.40": 0.864025593881238,
 "snapperCoalescentRate.stacey.41": 1.02209170914939,
 "snapperCoalescentRate.stacey.42": 1.08392986884072,
 "snapperCoalescentRate.stacey.43": 0.867327630346611,
 "snapperCoalescentRate.stacey.44": 1.04557549151474,
 "snapperCoalescentRate.stacey.45": 0.882295502985986,
 "snapperCoalescentRate.stacey.46": 0.912574313606947,
 "snapperCoalescentRate.stacey.47": 0.972131607419196,
 "snapperCoalescentRate.stacey.48": 0.969179299634527,
 "snapperCoalescentRate.stacey.49": 0.920015765767656,
 "snapperCoalescentRate.stacey.50": 1.02619085725766,
 "snapperCoalescentRate.stacey.51": 1.01014398723705,
 "snapperCoalescentRate.stacey.52": 0.89636232314523,
 "snapperCoalescentRate.stacey.53": 0.921969111814165,
 "snapperCoalescentRate.stacey.54": 1.03190880823909,
 "snapperCoalescentRate.stacey.55": 1.05060170199946,
 "snapperCoalescentRate.stacey.56": 0.9405528873388,
 "snapperCoalescentRate.stacey.57": 0.871379304776646,
 "snapperCoalescentRate.stacey.58": 0.848159641794865,
 "snapperCoalescentRate.stacey.59": 0.817982218999078,
 "snapperCoalescentRate.stacey.60": 0.852220481833475,
 "snapperCoalescentRate.stacey.61": 1.07183519165672,
 "snapperCoalescentRate.stacey.62": 0.961302251683427,
 "snapperCoalescentRate.stacey.63": 0.984021916831152,
 "snapperCoalescentRate.stacey.64": 1.0676642663314,
 "snapperCoalescentRate.stacey.65": 0.9943371236719,
 "snapperCoalescentRate.stacey.66": 1.2674356488202,
 "snapperCoalescentRate.stacey.67": 1.07710756050104,
 "snapperCoalescentRate.stacey.68": 1.07223189510149,
 "snapperCoalescentRate.stacey.69": 1.12414925993505,
 "snapperCoalescentRate.stacey.70": 0.893662807326188,
 "snapperCoalescentRate.stacey.71": 1.07865329118801,
 "snapperCoalescentRate.stacey.72": 1.12137864394106,
 "snapperCoalescentRate.stacey.73": 0.983746087710845,
 "snapperCoalescentRate.stacey.74": 1.03065112821337,
 "snapperCoalescentRate.stacey.75": 1.06236636296514,
 "snapperCoalescentRate.stacey.76": 1.00635786515725,
 "snapperCoalescentRate.stacey.77": 0.889454822296869,
 "snapperCoalescentRate.stacey.78": 1.14393748177467,
 "snapperCoalescentRate.stacey.79": 0.896292642672,
 "bdcGrowthRateRate.Species": 0.276345214746365,
 "relativeDeathRate.Species": 0,
 "collapseWeight.Species": 0.595506480394093,
 "originHeight.Species": 9.94568489357254e+98,
 "BirthDeathCollapseModel.Species": 236.736972710985,
 "BirthRates.1": 27.8782739800944,
 "BirthRates.2": 2.83195307315288,
 "BirthRates.3": 4.61453889685899,
 "BirthRates.4": 4.69905382219847,
 "clusterCount": 12,