{
 "Sample": 42650000,
 "posterior": 220.658157276636,
 "likelihood": 0,
 "prior": 220.658157276636,
 "TreeHeight.stacey": 0.52845665714616,
 "snapperCoalescentRate.stacey.1": 1.10684529437277,
 "snapperCoalescentRate.stacey.2": 1.23693957061223,
 "snapperCoalescentRate.stacey.3": 1.06410834505279,
 "snapperCoalescentRate.stacey.4": 1.08062200718003,
 "snapperCoalescentRate.stacey.5": 0.931722378361282,
 "snapperCoalescentRate.stacey.6": 1.21238555963402,
 "snapperCoalescentRate.stacey.7": 1.02383409288739,
 "snapperCoalescentRate.stacey.8": 0.916485161715364,
 "snapperCoalescentRate.stacey.9": 1.03453292765418,
 "snapperCoalescentRate.stacey.10": 0.760685143613795,
 "snapperCoalescentRate.stacey.11": 1.00400026514745,
 "snapperCoalescentRate.stacey.12": 0.954457488677396,
 "snapperCoalescentRate.stacey.13": 0.783894242817603,
 "snapperCoalescentRate.stacey.14": 0.951938971896629,
 "snapperCoalescentRate.stacey.15": 0.909823560755805,
 "snapperCoalescentRate.stacey.16": 0.971286310240411,
 "snapperCoalescentRate.stacey.17": 1.08770882023952,
 "snapperCoalescentRate.stacey.18": 0.888350955446305,
 "snapperCoalescentRate.stacey.19": 1.05806242390146,
 "snapperCoalescentRate.stacey.20": 1.13397006486752,
 "snapperCoalescentRate.stacey.21": 0.939543737362719,
 "snapperCoalescentRate.stacey.22": 1.10437272787324,
 "snapperCoalescentRate.stacey.23": 1.12955341437754,
 "snapperCoalescentRate.stacey.24": 0.927958530952664,
 "snapperCoalescentRate.stacey.25": 0.90539688655186,
 "snapperCoalescentRate.stacey.26": 1.21255699173981,
 "snapperCoalescentRate.stacey.27": 1.02973053525124,
 "snapperCoalescentRate.stacey.28": 1.04680432451562,
 "snapperCoalescentRate.stacey.29": 0.851512276059022,
 "snapperCoalescentRate.stacey.30": 1.08354823167985,
 "snapperCoalescentRate.stacey.31": 0.91060994576809,
 "snapperCoalescentRate.stacey.32": 1.05146731448571,
 "snapperCoalescentRate.stacey.33": 0.99943759897908,
 "snapperCoalescentRate.stacey.34": 0.814125442230482,
 "snapperCoalescentRate.stacey.35": 0.905459993869805,
 "snapperCoalescentRate.stacey.36": 1.00749231994625,
 "snapperCoalescentRate.stacey.37": 0.862448524659349,
 "snapperCoalescentRate.stacey.38": 0.974018379350735,
 "snapperCoalescentRate.stacey.39": 1.03080632598672,
 "snapperCoalescentRate.stacey.40": 1.06864040376566,
 "snapperCoalescentRate.stacey.41": 0.989953129465077,
 "snapperCoalescentRate.stacey.42": 1.09655938810933,
 "snapperCoalescentRate.stacey.43": 1.09918210428438,
 "snapperCoalescentRate.stacey.44": 1.01921264217597,
 "snapperCoalescentRate.stacey.45": 1.00845390416403,
 "snapperCoalescentRate.stacey.46": 1.11653333696162,
 "snapperCoalescentRate.stacey.47": 0.968938240803984,
 "snapperCoalescentRate.stacey.48": 0.939586966841532,
 "snapperCoalescentRate.stacey.49": 1.05949634996912,
 "snapperCoalescentRate.stacey.50": 0.988043310105648,
 "snapperCoalescentRate.stacey.51": 1.14025659471648,
 "snapperCoalescentRate.stacey.52": 1.11452252599917,
 "snapperCoalescentRate.stacey.53": 0.861446221415053,
 "snapperCoalescentRate.stacey.54": 0.935571320081175,
 "snapperCoalescentRate.stacey.55": 0.958230516408442,
 "snapperCoalescentRate.stacey.56": 0.938785484113354,
 "snapperCoalescentRate.stacey.57": 0.955965514701022,
 "snapperCoalescentRate.stacey.58": 0.734462684063993,
 "snapperCoalescentRate.stacey.59": 1.22118048434565,
 "snapperCoalescentRate.stacey.60": 1.1669549531061,
 "snapperCoalescentRate.stacey.61": 1.0840863313452,
 "snapperCoalescentRate.stacey.62": 1.09616221471052,
 "snapperCoalescentRate.stacey.63": 1.0854662972881,
 "snapperCoalescentRate.stacey.64": 1.02343051040827,
 "snapperCoalescentRate.stacey.65": 0.9672344154796,
 "snapperCoalescentRate.stacey.66": 1.00965564132526,
 "snapperCoalescentRate.stacey.67": 1.10114336796401,
 "snapperCoalescentRate.stacey.68": 1.2224305082016,
 "snapperCoalescentRate.stacey.69": 0.828007729931635,
 "snapperCoalescentRate.stacey.70": 0.89671945217895,
 "snapperCoalescentRate.stacey.71": 0.966328731318259,
 "snapperCoalescentRate.stacey.72": 0.93917971828399,
 "snapperCoalescentRate.stacey.73": 0.949333595522525,
 "snapperCoalescentRate.stacey.74": 1.04949650389427,
 "snapperCoalescentRate.stacey.75": 1.26100466705018,
 "snapperCoalescentRate.stacey.76": 0.921699551095346,
 "snapperCoalescentRate.stacey.77": 0.947967137030892,
 "snapperCoalescentRate.stacey.78": 0.992158597123913,
 "snapperCoalescentRate.stacey.79": 1.02852869666503,
 "bdcGrowthRateRate.Species": 0.182480623915724,
 "relativeDeathRate.Species": 0,
 "collapseWeight.Species": 0.580753228551127,
 "originHeight.Species": 2.65574359132277e+98,
 "BirthDeathCollapseModel.Species": 157.537820707739,
 "BirthRates.1": 10.4233376305598,
 "BirthRates.2": 10.5472595853831,
 "BirthRates.3": 6.23485840509275,
 "BirthRates.4": 5.48241917631218,
 "clusterCount": 21,