{
 "Sample": 44400000,
 "posterior": 187.906697500975,
 "likelihood": 0,
 "prior": 187.906697500975,
 "TreeHeight.stacey": 0.786915669464764,
 "snapperCoalescentRate.stacey.1": 1.04938583060454,
 "snapperCoalescentRate.stacey.2": 0.96119177798902,
 "snapperCoalescentRate.stacey.3": 1.11699835141359,
 "snapperCoalescentRate.stacey.4": 0.844185615152038,
 "snapperCoalescentRate.stacey.5": 0.973415023811138,
 "snapperCoalescentRate.stacey.6": 0.994610576965606,
 "snapperCoalescentRate.stacey.7": 0.788342789955242,
 "snapperCoalescentRate.stacey.8": 1.0038837657108,
 "snapperCoalescentRate.stacey.9": 0.778464661133108,
 "snapperCoalescentRate.stacey.10": 0.881464339292301,
 "snapperCoalescentRate.stacey.11": 0.90549128149578,
 "snapperCoalescentRate.stacey.12": 1.00526840144158,
 "snapperCoalescentRate.stacey.13": 0.912476676979321,
 "snapperCoalescentRate.stacey.14": 1.20433780756974,
 "snapperCoalescentRate.stacey.15": 1.22491830742176,
 "snapperCoalescentRate.stacey.16": 1.11712743168406,
 "snapperCoalescentRate.stacey.17": 0.958168326291976,
 "snapperCoalescentRate.stacey.18": 1.08440792992143,
 "snapperCoalescentRate.stacey.19": 0.99259349965353,
 "snapperCoalescentRate.stacey.20": 1.04991392818712,
 "snapperCoalescentRate.stacey.21": 1.17460464420176,
 "snapperCoalescentRate.stacey.22": 0.96198180278076,
 "snapperCoalescentRate.stacey.23": 0.901070192029541,
 "snapperCoalescentRate.stacey.24": 1.1089064942738,
 "snapperCoalescentRate.stacey.25": 0.976143002871955,
 "snapperCoalescentRate.stacey.26": 0.88725462071308,
 "snapperCoalescentRate.stacey.27": 1.04249698672875,
 "snapperCoalescentRate.stacey.28": 0.945664737774786,
 "snapperCoalescentRate.stacey.29": 0.861718905118819,
 "snapperCoalescentRate.stacey.30": 1.11720750035004,
 "snapperCoalescentRate.stacey.31": 1.1602094172674,
 "snapperCoalescentRate.stacey.32": 1.11346829240673,
 "snapperCoalescentRate.stacey.33": 0.992864554154801,
 "snapperCoalescentRate.stacey.34": 1.02723981514488,
 "snapperCoalescentRate.stacey.35": 0.894336374712355,
 "snapperCoalescentRate.stacey.36": 1.00913263092215,
 "snapperCoalescentRate.stacey.37": 1.11680539464851,
 "snapperCoalescentRate.stacey.38": 1.00960766508064,
 "snapperCoalescentRate.stacey.39": 1.03467906204977,
 "snapperCoalescentRate.stacey.40": 0.938764825965419,
 "snapperCoalescentRate.stacey.41": 0.962319623216843,
 "snapperCoalescentRate.stacey.42": 0.921694818572881,
 "snapperCoalescentRate.stacey.43": 1.13761819608215,
 "snapperCoalescentRate.stacey.44": 0.972850788723202,
 "snapperCoalescentRate.stacey.45": 0.96486032331926,
 "snapperCoalescentRate.stacey.46": 0.958904374728051,
 "snapperCoalescentRate.stacey.47": 0.842827802450573,
 "snapperCoalescentRate.stacey.48": 0.95621904314761,
 "snapperCoalescentRate.stacey.49": 0.931837453294285,
 "snapperCoalescentRate.stacey.50": 1.07831743681769,
 "snapperCoalescentRate.stacey.51": 0.881577748694439,
 "snapperCoalescentRate.stacey.52": 0.94709266144083,
 "snapperCoalescentRate.stacey.53": 0.983503508531629,
 "snapperCoalescentRate.stacey.54": 1.04074346142123,
 "snapperCoalescentRate.stacey.55": 1.24220657456504,
 "snapperCoalescentRate.stacey.56": 0.946036622574057,
 "snapperCoalescentRate.stacey.57": 1.11792499633098,
 "snapperCoalescentRate.stacey.58": 1.12738513168307,
 "snapperCoalescentRate.stacey.59": 0.867781966488486,
 "snapperCoalescentRate.stacey.60": 0.941050163738539,
 "snapperCoalescentRate.stacey.61": 0.918235449789752,
 "snapperCoalescentRate.stacey.62": 1.05964312454687,
 "snapperCoalescentRate.stacey.63": 1.1340016793163,
 "snapperCoalescentRate.stacey.64": 1.10834048511748,
 "snapperCoalescentRate.stacey.65": 1.02472757314085,
 "snapperCoalescentRate.stacey.66": 0.998522615229516,
 "snapperCoalescentRate.stacey.67": 1.05892757461463,
 "snapperCoalescentRate.stacey.68": 1.07085251661081,
 "snapperCoalescentRate.stacey.69": 0.931228756002442,
 "snapperCoalescentRate.stacey.70": 0.891164888012064,
 "snapperCoalescentRate.stacey.71": 0.904123171391586,
 "snapperCoalescentRate.stacey.72": 0.841519641048303,
 "snapperCoalescentRate.stacey.73": 1.03975554956514,
 "snapperCoalescentRate.stacey.74": 1.01839473460023,
 "snapperCoalescentRate.stacey.75": 1.01735209800283,
 "snapperCoalescentRate.stacey.76": 1.16959811743342,
 "snapperCoalescentRate.stacey.77": 0.913083284891603,
 "snapperCoalescentRate.stacey.78": 0.945537539018692,
 "snapperCoalescentRate.stacey.79": 1.18350923798261,
 "bdcGrowthRateRate.Species": 0.165221965431975,
 "relativeDeathRate.Species": 0,
 "collapseWeight.Species": 0.470747303118506,
 "originHeight.Species": 6.07371618207782e+98,
 "BirthDeathCollapseModel.Species": 117.533119164213,
 "BirthRates.1": 3.93472179815588,
 "BirthRates.2": 1.36976314206015,
 "BirthRates.3": 4.81210891719387,
 "BirthRates.4": 14.7348630662026,
 "clusterCount": 24,