{
 "Sample": 43400000,
 "posterior": 203.939732522304,
 "likelihood": 0,
 "prior": 203.939732522304,
 "TreeHeight.stacey": 0.319205912831476,
 "snapperCoalescentRate.stacey.1": 1.05203764787402,
 "snapperCoalescentRate.stacey.2": 0.806894347660153,
 "snapperCoalescentRate.stacey.3": 1.10996538743195,
 "snapperCoalescentRate.stacey.4": 0.936682363495805,
 "snapperCoalescentRate.stacey.5": 1.06594073979517,
 "snapperCoalescentRate.stacey.6": 1.01945150695303,
 "snapperCoalescentRate.stacey.7": 0.900168014420375,
 "snapperCoalescentRate.stacey.8": 0.963184643677932,
 "snapperCoalescentRate.stacey.9": 0.973049282515624,
 "snapperCoalescentRate.stacey.10": 1.15132646295262,
 "snapperCoalescentRate.stacey.11": 0.927373183401971,
 "snapperCoalescentRate.stacey.12": 1.13502595303434,
 "snapperCoalescentRate.stacey.13": 0.965982084760315,
 "snapperCoalescentRate.stacey.14": 1.10062808926204,
 "snapperCoalescentRate.stacey.15": 1.08316009106076,
 "snapperCoalescentRate.stacey.16": 0.796921268797141,
 "snapperCoalescentRate.stacey.17": 0.986071810177372,
 "snapperCoalescentRate.stacey.18": 0.990875911351171,
 "snapperCoalescentRate.stacey.19": 1.05885615026376,
 "snapperCoalescentRate.stacey.20": 1.11669340212699,
 "snapperCoalescentRate.stacey.21": 1.04408726421332,
 "snapperCoalescentRate.stacey.22": 1.02688248239102,
 "snapperCoalescentRate.stacey.23": 1.06325961679646,
 "snapperCoalescentRate.stacey.24": 0.977864274750396,
 "snapperCoalescentRate.stacey.25": 1.06543593719251,
 "snapperCoalescentRate.stacey.26": 0.992557880950798,
 "snapperCoalescentRate.stacey.27": 1.14819009168813,
 "snapperCoalescentRate.stacey.28": 0.924466230821435,
 "snapperCoalescentRate.stacey.29": 1.0085586069034,
 "snapperCoalescentRate.stacey.30": 0.952669343263892,
 "snapperCoalescentRate.stacey.31": 1.09593228655348,
 "snapperCoalescentRate.stacey.32": 1.00861746678798,
 "snapperCoalescentRate.stacey.33": 0.878319970300582,
 "snapperCoalescentRate.stacey.34": 0.955915949368861,
 "snapperCoalescentRate.stacey.35": 1.07694070421825,
 "snapperCoalescentRate.stacey.36": 0.99175876779053,
 "snapperCoalescentRate.stacey.37": 1.03761247907902,
 "snapperCoalescentRate.stacey.38": 1.02551097832762,
 "snapperCoalescentRate.stacey.39": 1.05506534132927,
 "snapperCoalescentRate.stacey.40": 0.974823629853918,
 "snapperCoalescentRate.stacey.41": 1.07096415170529,
 "snapperCoalescentRate.stacey.42": 1.0201217056957,
 "snapperCoalescentRate.stacey.43": 1.02309044489402,
 "snapperCoalescentRate.stacey.44": 1.02670831467515,
 "snapperCoalescentRate.stacey.45": 0.931861202443572,
 "snapperCoalescentRate.stacey.46": 1.02442632193183,
 "snapperCoalescentRate.stacey.47": 0.988554218852924,
 "snapperCoalescentRate.stacey.48": 0.949528726147377,
 "snapperCoalescentRate.stacey.49": 1.0067514273995,
 "snapperCoalescentRate.stacey.50": 0.980347966484845,
 "snapperCoalescentRate.stacey.51": 1.18327814971311,
 "snapperCoalescentRate.stacey.52": 0.862355279761123,
 "snapperCoalescentRate.stacey.53": 1.10514378456561,
 "snapperCoalescentRate.stacey.54": 0.997023563667511,
 "snapperCoalescentRate.stacey.55": 0.927829833147174,
 "snapperCoalescentRate.stacey.56": 0.795467255860266,
 "snapperCoalescentRate.stacey.57": 1.22052662278437,
 "snapperCoalescentRate.stacey.58": 1.03896547302896,
 "snapperCoalescentRate.stacey.59": 1.05657222079141,
 "snapperCoalescentRate.stacey.60": 1.02411911580294,
 "snapperCoalescentRate.stacey.61": 1.02956018875437,
 "snapperCoalescentRate.stacey.62": 0.877332071027175,
 "snapperCoalescentRate.stacey.63": 0.905894635672914,
 "snapperCoalescentRate.stacey.64": 0.978445484600957,
 "snapperCoalescentRate.stacey.65": 0.862334137450127,
 "snapperCoalescentRate.stacey.66": 1.01431793429923,
 "snapperCoalescentRate.stacey.67": 1.07319637174648,
 "snapperCoalescentRate.stacey.68": 1.11432364321025,
 "snapperCoalescentRate.stacey.69": 0.935285771977654,
 "snapperCoalescentRate.stacey.70": 0.999106711312013,
 "snapperCoalescentRate.stacey.71": 0.949300151085475,
 "snapperCoalescentRate.stacey.72": 1.0615657514833,
 "snapperCoalescentRate.stacey.73": 1.064507486291,
 "snapperCoalescentRate.stacey.74": 1.04565248367507,
 "snapperCoalescentRate.stacey.75": 0.870063365904337,
 "snapperCoalescentRate.stacey.76": 0.941516415093022,
 "snapperCoalescentRate.stacey.77": 0.894114381251133,
 "snapperCoalescentRate.stacey.78": 0.952570675163502,
 "snapperCoalescentRate.stacey.79": 1.02717922014109,
 "bdcGrowthRateRate.Species": 0.184131118279002,
 "relativeDeathRate.Species": 0,
 "collapseWeight.Species": 0.323840468564002,
 "originHeight.Species": 8.44872833318712e+98,
 "BirthDeathCollapseModel.Species": 120.888802460668,
 "BirthRates.1": 15.4493778286421,
 "BirthRates.2": 9.98034695871629,
 "BirthRates.3": 1.64597949234303,
 "BirthRates.4": 6.22140393310089,
 "clusterCount": 27,