{
 "Sample": 43900000,
 "posterior": 388.295923263076,
 "likelihood": 0,
 "prior": 388.295923263076,
 "TreeHeight.stacey": 0.139110251723367,
 "snapperCoalescentRate.stacey.1": 0.962085321253639,
 "snapperCoalescentRate.stacey.2": 0.869056162632517,
 "snapperCoalescentRate.stacey.3": 0.933838430734127,
 "snapperCoalescentRate.stacey.4": 1.14354709775142,
 "snapperCoalescentRate.stacey.5": 0.959917120010446,
 "snapperCoalescentRate.stacey.6": 0.930338918474915,
 "snapperCoalescentRate.stacey.7": 0.988246797439749,
 "snapperCoalescentRate.stacey.8": 1.16480113321477,
 "snapperCoalescentRate.stacey.9": 0.979498373000797,
 "snapperCoalescentRate.stacey.10": 1.06941727698797,
 "snapperCoalescentRate.stacey.11": 1.01027504581129,
 "snapperCoalescentRate.stacey.12": 1.05118258458571,
 "snapperCoalescentRate.stacey.13": 1.15189159507933,
 "snapperCoalescentRate.stacey.14": 0.839298965084224,
 "snapperCoalescentRate.stacey.15": 0.986183611719963,
 "snapperCoalescentRate.stacey.16": 1.01760821193187,
 "snapperCoalescentRate.stacey.17": 1.00761180162816,
 "snapperCoalescentRate.stacey.18": 1.16070898986347,
 "snapperCoalescentRate.stacey.19": 1.00258332115448,
 "snapperCoalescentRate.stacey.20": 0.868312017365708,
 "snapperCoalescentRate.stacey.21": 1.08923490258657,
 "snapperCoalescentRate.stacey.22": 1.08261838181289,
 "snapperCoalescentRate.stacey.23": 1.05144158372223,
 "snapperCoalescentRate.stacey.24": 0.985575113870154,
 "snapperCoalescentRate.stacey.25": 1.03667983104112,
 "snapperCoalescentRate.stacey.26": 0.96459957927009,
 "snapperCoalescentRate.stacey.27": 1.0412329527984,
 "snapperCoalescentRate.stacey.28": 0.882586263784427,
 "snapperCoalescentRate.stacey.29": 1.06407193328764,
 "snapperCoalescentRate.stacey.30": 0.902195680727349,
 "snapperCoalescentRate.stacey.31": 1.01383467151658,
 "snapperCoalescentRate.stacey.32": 1.04888473159367,
 "snapperCoalescentRate.stacey.33": 1.15926019039733,
 "snapperCoalescentRate.stacey.34": 1.19719868655815,
 "snapperCoalescentRate.stacey.35": 1.02131869262622,
 "snapperCoalescentRate.stacey.36": 1.26371302122649,
 "snapperCoalescentRate.stacey.37": 0.808366653347548,
 "snapperCoalescentRate.stacey.38": 0.944218621403428,
 "snapperCoalescentRate.stacey.39": 0.940646381491929,
 "snapperCoalescentRate.stacey.40": 1.04861944804802,
 "snapperCoalescentRate.stacey.41": 0.925224464229364,
 "snapperCoalescentRate.stacey.42": 0.836574342297491,
 "snapperCoalescentRate.stacey.43": 0.960133225698691,
 "snapperCoalescentRate.stacey.44": 0.896703334617513,
 "snapperCoalescentRate.stacey.45": 1.13626255159539,
 "snapperCoalescentRate.stacey.46": 1.13013046252205,
 "snapperCoalescentRate.stacey.47": 1.00719710436966,
 "snapperCoalescentRate.stacey.48": 1.05683761795084,
 "snapperCoalescentRate.stacey.49": 0.977782387717551,
 "snapperCoalescentRate.stacey.50": 0.801624164514314,
 "snapperCoalescentRate.stacey.51": 0.994774860041891,
 "snapperCoalescentRate.stacey.52": 1.02896949315681,
 "snapperCoalescentRate.stacey.53": 0.888231922986514,
 "snapperCoalescentRate.stacey.54": 0.842774793469224,
 "snapperCoalescentRate.stacey.55": 0.90238909802926,
 "snapperCoalescentRate.stacey.56": 0.92103156869502,
 "snapperCoalescentRate.stacey.57": 0.796431928126646,
 "snapperCoalescentRate.stacey.58": 1.07244311445252,
 "snapperCoalescentRate.stacey.59": 1.12158651170341,
 "snapperCoalescentRate.stacey.60": 1.02772821596107,
 "snapperCoalescentRate.stacey.61": 0.926043810666296,
 "snapperCoalescentRate.stacey.62": 0.975251716876233,
 "snapperCoalescentRate.stacey.63": 1.05658095788738,
 "snapperCoalescentRate.stacey.64": 0.821100269885309,
 "snapperCoalescentRate.stacey.65": 0.981889149503809,
 "snapperCoalescentRate.stacey.66": 0.974647187509574,
 "snapperCoalescentRate.stacey.67": 1.08007520702279,
 "snapperCoalescentRate.stacey.68": 0.885645671820556,
 "snapperCoalescentRate.stacey.69": 1.06577905100459,
 "snapperCoalescentRate.stacey.70": 1.14872568296006,
 "snapperCoalescentRate.stacey.71": 0.944227858135947,
 "snapperCoalescentRate.stacey.72": 0.938425937182123,
 "snapperCoalescentRate.stacey.73": 1.03131670472942,
 "snapperCoalescentRate.stacey.74": 0.976650351318745,
 "snapperCoalescentRate.stacey.75": 1.03460196549985,
 "snapperCoalescentRate.stacey.76": 1.00421321975815,
 "snapperCoalescentRate.stacey.77": 0.853995900131559,
 "snapperCoalescentRate.stacey.78": 1.03792798673748,
 "snapperCoalescentRate.stacey.79": 1.25364810050673,
 "bdcGrowthRateRate.Species": 0.223483585246739,
 "relativeDeathRate.Species": 0,
 "collapseWeight.Species": 0.841813460004142,
 "originHeight.Species": 4.3622580764897e+98,
 "BirthDeathCollapseModel.Species": 319.49573784184,
 "BirthRates.1": 103.149579137163,
 "BirthRates.2": 3.71900924660296,
 "BirthRates.3": 2.7036297831389,
 "BirthRates.4": 3.95338395353941,
 "clusterCount": 4,