{
 "Sample": 39850000,
 "posterior": 205.338393199298,
 "likelihood": 0,
 "prior": 205.338393199298,
 "TreeHeight.stacey": 0.686618549613241,
 "snapperCoalescentRate.stacey.1": 0.952233750895028,
 "snapperCoalescentRate.stacey.2": 0.916506602070826,
 "snapperCoalescentRate.stacey.3": 1.04118586893138,
 "snapperCoalescentRate.stacey.4": 0.935539250017181,
 "snapperCoalescentRate.stacey.5": 1.12032664073625,
 "snapperCoalescentRate.stacey.6": 1.05492315179656,
 "snapperCoalescentRate.stacey.7": 0.962995677481414,
 "snapperCoalescentRate.stacey.8": 0.91491946068237,
 "snapperCoalescentRate.stacey.9": 0.945561203852035,
 "snapperCoalescentRate.stacey.10": 1.04066277231833,
 "snapperCoalescentRate.stacey.11": 0.981776290641901,
 "snapperCoalescentRate.stacey.12": 0.786739499428588,
 "snapperCoalescentRate.stacey.13": 1.16917549092446,
 "snapperCoalescentRate.stacey.14": 0.991015599344895,
 "snapperCoalescentRate.stacey.15": 0.993496890996282,
 "snapperCoalescentRate.stacey.16": 1.20424629633862,
 "snapperCoalescentRate.stacey.17": 1.13320923781684,
 "snapperCoalescentRate.stacey.18": 1.22933092140271,
 "snapperCoalescentRate.stacey.19": 1.05121676490832,
 "snapperCoalescentRate.stacey.20": 1.05600222469822,
 "snapperCoalescentRate.stacey.21": 1.10540427244702,
 "snapperCoalescentRate.stacey.22": 0.963432226965045,
 "snapperCoalescentRate.stacey.23": 0.989259021518968,
 "snapperCoalescentRate.stacey.24": 1.12960108289162,
 "snapperCoalescentRate.stacey.25": 1.02038712206043,
 "snapperCoalescentRate.stacey.26": 1.01707443466093,
 "snapperCoalescentRate.stacey.27": 0.998380688213604,
 "snapperCoalescentRate.stacey.28": 1.01329702499175,
 "snapperCoalescentRate.stacey.29": 0.811025440652935,
 "snapperCoalescentRate.stacey.30": 1.07385573231157,
 "snapperCoalescentRate.stacey.31": 1.00452674603631,
 "snapperCoalescentRate.stacey.32": 0.974977069062094,
 "snapperCoalescentRate.stacey.33": 0.957783856933072,
 "snapperCoalescentRate.stacey.34": 0.996331493391526,
 "snapperCoalescentRate.stacey.35": 0.985003047252332,
 "snapperCoalescentRate.stacey.36": 0.978876939536361,
 "snapperCoalescentRate.stacey.37": 0.829125505159335,
 "snapperCoalescentRate.stacey.38": 1.20068116652897,
 "snapperCoalescentRate.stacey.39": 1.07887311771676,
 "snapperCoalescentRate.stacey.40": 0.920834459242158,
 "snapperCoalescentRate.stacey.41": 0.911776337466446,
 "snapperCoalescentRate.stacey.42": 0.891060341795965,
 "snapperCoalescentRate.stacey.43": 0.772937846273605,
 "snapperCoalescentRate.stacey.44": 0.816071025662085,
 "snapperCoalescentRate.stacey.45": 0.942993678166076,
 "snapperCoalescentRate.stacey.46": 0.890969289742296,
 "snapperCoalescentRate.stacey.47": 0.894869486432129,
 "snapperCoalescentRate.stacey.48": 0.887977024874285,
 "snapperCoalescentRate.stacey.49": 0.985386586707756,
 "snapperCoalescentRate.stacey.50": 0.860959870022629,
 "snapperCoalescentRate.stacey.51": 0.983469325994014,
 "snapperCoalescentRate.stacey.52": 1.16822179381943,
 "snapperCoalescentRate.stacey.53": 1.02670486991666,
 "snapperCoalescentRate.stacey.54": 1.02400037437027,
 "snapperCoalescentRate.stacey.55": 1.00299262581388,
 "snapperCoalescentRate.stacey.56": 0.961497480935201,
 "snapperCoalescentRate.stacey.57": 0.970815787935986,
 "snapperCoalescentRate.stacey.58": 1.14413762681327,
 "snapperCoalescentRate.stacey.59": 0.95144145294966,
 "snapperCoalescentRate.stacey.60": 0.923126425968543,
 "snapperCoalescentRate.stacey.61": 1.0208589224575,
 "snapperCoalescentRate.stacey.62": 1.03541559772352,
 "snapperCoalescentRate.stacey.63": 0.919218667304746,
 "snapperCoalescentRate.stacey.64": 0.909246700665048,
 "snapperCoalescentRate.stacey.65": 1.04177834676896,
 "snapperCoalescentRate.stacey.66": 1.07674801088572,
 "snapperCoalescentRate.stacey.67": 0.935059630401277,
 "snapperCoalescentRate.stacey.68": 1.10463529217839,
 "snapperCoalescentRate.stacey.69": 1.08566351864838,
 "snapperCoalescentRate.stacey.70": 1.22637732088166,
 "snapperCoalescentRate.stacey.71": 0.987549096833937,
 "snapperCoalescentRate.stacey.72": 1.06061338487737,
 "snapperCoalescentRate.stacey.73": 0.985093453663703,
 "snapperCoalescentRate.stacey.74": 0.855603156097688,
 "snapperCoalescentRate.stacey.75": 0.956216035895663,
 "snapperCoalescentRate.stacey.76": 1.0640169679954,
 "snapperCoalescentRate.stacey.77": 0.990509001710837,
 "snapperCoalescentRate.stacey.78": 1.06884720696259,
 "snapperCoalescentRate.stacey.79": 0.822417617680426,
 "bdcGrowthRateRate.Species": 0.177053163408507,
 "relativeDeathRate.Species": 0,
 "collapseWeight.Species": 0.460034724704343,
 "originHeight.Species": 9.97049578989732e+98,
 "BirthDeathCollapseModel.Species": 132.644500336672,
 "BirthRates.1": 5.60980045421724,
 "BirthRates.2": 0.89395373902576,
 "BirthRates.3": 6.26760625697018,
 "BirthRates.4": 9.06268584819492,
 "clusterCount": 23,