{
 "Sample": 37050000,
 "posterior": 183.428084609205,
 "likelihood": 0,
 "prior": 183.428084609205,
 "TreeHeight.stacey": 0.302589194758263,
 "snapperCoalescentRate.stacey.1": 1.1036534017509,
 "snapperCoalescentRate.stacey.2": 1.09994268547913,
 "snapperCoalescentRate.stacey.3": 0.960156401198381,
 "snapperCoalescentRate.stacey.4": 1.0198185633042,
 "snapperCoalescentRate.stacey.5": 0.983390649836852,
 "snapperCoalescentRate.stacey.6": 1.04970831913294,
 "snapperCoalescentRate.stacey.7": 1.00861818089845,
 "snapperCoalescentRate.stacey.8": 1.03883815400899,
 "snapperCoalescentRate.stacey.9": 1.03711785406773,
 "snapperCoalescentRate.stacey.10": 1.0074377931023,
 "snapperCoalescentRate.stacey.11": 1.13694630869041,
 "snapperCoalescentRate.stacey.12": 1.09319585798729,
 "snapperCoalescentRate.stacey.13": 0.94416267634651,
 "snapperCoalescentRate.stacey.14": 0.871565554177534,
 "snapperCoalescentRate.stacey.15": 1.17671031094987,
 "snapperCoalescentRate.stacey.16": 1.11565695261677,
 "snapperCoalescentRate.stacey.17": 1.01039056267768,
 "snapperCoalescentRate.stacey.18": 1.05031366845865,
 "snapperCoalescentRate.stacey.19": 1.01983620194112,
 "snapperCoalescentRate.stacey.20": 0.882381230510432,
 "snapperCoalescentRate.stacey.21": 0.969818167237485,
 "snapperCoalescentRate.stacey.22": 1.14539663124919,
 "snapperCoalescentRate.stacey.23": 1.05617182072852,
 "snapperCoalescentRate.stacey.24": 0.785915966865999,
 "snapperCoalescentRate.stacey.25": 1.16217165284099,
 "snapperCoalescentRate.stacey.26": 1.23693473964573,
 "snapperCoalescentRate.stacey.27": 0.859113080478428,
 "snapperCoalescentRate.stacey.28": 0.900015539165594,
 "snapperCoalescentRate.stacey.29": 0.837001656540513,
 "snapperCoalescentRate.stacey.30": 0.984898135068192,
 "snapperCoalescentRate.stacey.31": 0.887084156280866,
 "snapperCoalescentRate.stacey.32": 0.929815614868536,
 "snapperCoalescentRate.stacey.33": 0.968674367663766,
 "snapperCoalescentRate.stacey.34": 0.974439741940806,
 "snapperCoalescentRate.stacey.35": 1.09672032049963,
 "snapperCoalescentRate.stacey.36": 0.928832130716498,
 "snapperCoalescentRate.stacey.37": 1.01325139088745,
 "snapperCoalescentRate.stacey.38": 0.838328984548671,
 "snapperCoalescentRate.stacey.39": 1.01582650387829,
 "snapperCoalescentRate.stacey.40": 1.09995398431548,
 "snapperCoalescentRate.stacey.41": 0.975403101764682,
 "snapperCoalescentRate.stacey.42": 0.936033787901202,
 "snapperCoalescentRate.stacey.43": 1.00105961666865,
 "snapperCoalescentRate.stacey.44": 1.02128456972714,
 "snapperCoalescentRate.stacey.45": 0.869529105586778,
 "snapperCoalescentRate.stacey.46": 1.06935957576421,
 "snapperCoalescentRate.stacey.47": 1.03698146556841,
 "snapperCoalescentRate.stacey.48": 1.21938522942809,
 "snapperCoalescentRate.stacey.49": 0.801068187212425,
 "snapperCoalescentRate.stacey.50": 1.08963071489594,
 "snapperCoalescentRate.stacey.51": 1.07095711079903,
 "snapperCoalescentRate.stacey.52": 1.00636737722476,
 "snapperCoalescentRate.stacey.53": 1.20292297603066,
 "snapperCoalescentRate.stacey.54": 0.903612944638766,
 "snapperCoalescentRate.stacey.55": 1.1597323605545,
 "snapperCoalescentRate.stacey.56": 0.859828951639242,
 "snapperCoalescentRate.stacey.57": 0.896562334211222,
 "snapperCoalescentRate.stacey.58": 0.816586395567679,
 "snapperCoalescentRate.stacey.59": 0.908131496937939,
 "snapperCoalescentRate.stacey.60": 0.915011399568653,
 "snapperCoalescentRate.stacey.61": 0.950283713608435,
 "snapperCoalescentRate.stacey.62": 1.01924957058769,
 "snapperCoalescentRate.stacey.63": 1.07625142045368,
 "snapperCoalescentRate.stacey.64": 1.05793789200083,
 "snapperCoalescentRate.stacey.65": 1.10553986578757,
 "snapperCoalescentRate.stacey.66": 1.0050893001665,
 "snapperCoalescentRate.stacey.67": 0.945033636479825,
 "snapperCoalescentRate.stacey.68": 1.01884651342889,
 "snapperCoalescentRate.stacey.69": 0.845761784800992,
 "snapperCoalescentRate.stacey.70": 0.999321556783027,
 "snapperCoalescentRate.stacey.71": 1.09407477145114,
 "snapperCoalescentRate.stacey.72": 0.93419560176197,
 "snapperCoalescentRate.stacey.73": 1.041350131194,
 "snapperCoalescentRate.stacey.74": 0.998778506644187,
 "snapperCoalescentRate.stacey.75": 1.16538176239817,
 "snapperCoalescentRate.stacey.76": 0.906582691876986,
 "snapperCoalescentRate.stacey.77": 0.88957438446735,
 "snapperCoalescentRate.stacey.78": 0.924934586838494,
 "snapperCoalescentRate.stacey.79": 1.0043235772297,
 "bdcGrowthRateRate.Species": 0.272465053616233,
 "relativeDeathRate.Species": 0,
 "collapseWeight.Species": 0.347797587775688,
 "originHeight.Species": 7.69510091052266e+98,
 "BirthDeathCollapseModel.Species": 114.144260587107,
 "BirthRates.1": 10.8523516893548,
 "BirthRates.2": 2.82794938516117,
 "BirthRates.3": 9.91310980363021,
 "BirthRates.4": 13.3450203469281,
 "clusterCount": 27,