{
 "Sample": 36550000,
 "posterior": 303.667771197295,
 "likelihood": 0,
 "prior": 303.667771197295,
 "TreeHeight.stacey": 0.37725791990796,
 "snapperCoalescentRate.stacey.1": 1.03853333175192,
 "snapperCoalescentRate.stacey.2": 0.870933327507794,
 "snapperCoalescentRate.stacey.3": 0.900983983563944,
 "snapperCoalescentRate.stacey.4": 0.827542078012785,
 "snapperCoalescentRate.stacey.5": 1.05623817380777,
 "snapperCoalescentRate.stacey.6": 0.981387220327909,
 "snapperCoalescentRate.stacey.7": 1.1717654125733,
 "snapperCoalescentRate.stacey.8": 0.993132672637357,
 "snapperCoalescentRate.stacey.9": 1.03822078358113,
 "snapperCoalescentRate.stacey.10": 0.836952976084532,
 "snapperCoalescentRate.stacey.11": 1.01025730152105,
 "snapperCoalescentRate.stacey.12": 0.993065482768792,
 "snapperCoalescentRate.stacey.13": 0.987417726518962,
 "snapperCoalescentRate.stacey.14": 0.720475957267513,
 "snapperCoalescentRate.stacey.15": 0.924626698750082,
 "snapperCoalescentRate.stacey.16": 0.868114554158446,
 "snapperCoalescentRate.stacey.17": 0.954223658221606,
 "snapperCoalescentRate.stacey.18": 0.869444283130809,
 "snapperCoalescentRate.stacey.19": 1.01553989415245,
 "snapperCoalescentRate.stacey.20": 0.952158340914216,
 "snapperCoalescentRate.stacey.21": 0.822443048819761,
 "snapperCoalescentRate.stacey.22": 1.00652764158536,
 "snapperCoalescentRate.stacey.23": 0.900703896476563,
 "snapperCoalescentRate.stacey.24": 0.920932765096159,
 "snapperCoalescentRate.stacey.25": 0.848051168863423,
 "snapperCoalescentRate.stacey.26": 1.08208536703733,
 "snapperCoalescentRate.stacey.27": 1.07181553061409,
 "snapperCoalescentRate.stacey.28": 1.11049134024499,
 "snapperCoalescentRate.stacey.29": 1.00335730523084,
 "snapperCoalescentRate.stacey.30": 1.13079273735854,
 "snapperCoalescentRate.stacey.31": 0.861829888009153,
 "snapperCoalescentRate.stacey.32": 1.12581365873658,
 "snapperCoalescentRate.stacey.33": 0.947844367811233,
 "snapperCoalescentRate.stacey.34": 0.956013533858558,
 "snapperCoalescentRate.stacey.35": 1.03550863110367,
 "snapperCoalescentRate.stacey.36": 0.859702337610035,
 "snapperCoalescentRate.stacey.37": 0.93278149643266,
 "snapperCoalescentRate.stacey.38": 0.934018870839507,
 "snapperCoalescentRate.stacey.39": 1.0151241368447,
 "snapperCoalescentRate.stacey.40": 0.850822555961468,
 "snapperCoalescentRate.stacey.41": 0.833399043251003,
 "snapperCoalescentRate.stacey.42": 0.878407119539127,
 "snapperCoalescentRate.stacey.43": 0.922422598902208,
 "snapperCoalescentRate.stacey.44": 0.906190992682424,
 "snapperCoalescentRate.stacey.45": 0.935659108735967,
 "snapperCoalescentRate.stacey.46": 0.916646667182981,
 "snapperCoalescentRate.stacey.47": 0.944933674950187,
 "snapperCoalescentRate.stacey.48": 1.05432779710859,
 "snapperCoalescentRate.stacey.49": 0.871919702860836,
 "snapperCoalescentRate.stacey.50": 0.913558726122728,
 "snapperCoalescentRate.stacey.51": 1.12884967607852,
 "snapperCoalescentRate.stacey.52": 1.12339176315447,
 "snapperCoalescentRate.stacey.53": 1.01182201479415,
 "snapperCoalescentRate.stacey.54": 0.891762400774525,
 "snapperCoalescentRate.stacey.55": 1.05253260365744,
 "snapperCoalescentRate.stacey.56": 1.04332032223772,
 "snapperCoalescentRate.stacey.57": 0.904267223347571,
 "snapperCoalescentRate.stacey.58": 0.863297469768904,
 "snapperCoalescentRate.stacey.59": 1.18860425896316,
 "snapperCoalescentRate.stacey.60": 0.987067880340217,
 "snapperCoalescentRate.stacey.61": 0.969522669794683,
 "snapperCoalescentRate.stacey.62": 0.963093406513194,
 "snapperCoalescentRate.stacey.63": 1.18394642811163,
 "snapperCoalescentRate.stacey.64": 1.16520293115942,
 "snapperCoalescentRate.stacey.65": 1.02532163397233,
 "snapperCoalescentRate.stacey.66": 0.885418579506049,
 "snapperCoalescentRate.stacey.67": 1.15212590869607,
 "snapperCoalescentRate.stacey.68": 0.829273369091738,
 "snapperCoalescentRate.stacey.69": 0.86345934045989,
 "snapperCoalescentRate.stacey.70": 1.08152231633536,
 "snapperCoalescentRate.stacey.71": 0.900935953844336,
 "snapperCoalescentRate.stacey.72": 1.02934697271537,
 "snapperCoalescentRate.stacey.73": 1.04597586024872,
 "snapperCoalescentRate.stacey.74": 1.09327794591934,
 "snapperCoalescentRate.stacey.75": 1.03380605535421,
 "snapperCoalescentRate.stacey.76": 0.815405251700844,
 "snapperCoalescentRate.stacey.77": 1.0076389579943,
 "snapperCoalescentRate.stacey.78": 1.07728078185376,
 "snapperCoalescentRate.stacey.79": 0.993898461508525,
 "bdcGrowthRateRate.Species": 0.212459488682545,
 "relativeDeathRate.Species": 0,
 "collapseWeight.Species": 0.76182227618012,
 "originHeight.Species": 8.03309907549898e+98,
 "BirthDeathCollapseModel.Species": 236.482720522892,
 "BirthRates.1": 14.4830653287231,
 "BirthRates.2": 1.51751039267546,
 "BirthRates.3": 2.08562600192033,
 "BirthRates.4": 5.02304214163387,
 "clusterCount": 12,