{
 "Sample": 43150000,
 "posterior": 201.787906981924,
 "likelihood": 0,
 "prior": 201.787906981924,
 "TreeHeight.stacey": 0.183849199864862,
 "snapperCoalescentRate.stacey.1": 0.965074652863873,
 "snapperCoalescentRate.stacey.2": 1.05843071371231,
 "snapperCoalescentRate.stacey.3": 0.996214554324397,
 "snapperCoalescentRate.stacey.4": 1.0361098178807,
 "snapperCoalescentRate.stacey.5": 0.851062886847437,
 "snapperCoalescentRate.stacey.6": 1.0180513128139,
 "snapperCoalescentRate.stacey.7": 1.04894227040414,
 "snapperCoalescentRate.stacey.8": 0.938875850381357,
 "snapperCoalescentRate.stacey.9": 1.15656798545492,
 "snapperCoalescentRate.stacey.10": 0.932464230886018,
 "snapperCoalescentRate.stacey.11": 1.00765637908199,
 "snapperCoalescentRate.stacey.12": 1.03148283942031,
 "snapperCoalescentRate.stacey.13": 0.905990230541344,
 "snapperCoalescentRate.stacey.14": 0.828214911685094,
 "snapperCoalescentRate.stacey.15": 0.857915733899765,
 "snapperCoalescentRate.stacey.16": 1.01637378202445,
 "snapperCoalescentRate.stacey.17": 1.06778402439323,
 "snapperCoalescentRate.stacey.18": 1.03423017054142,
 "snapperCoalescentRate.stacey.19": 1.04478317508916,
 "snapperCoalescentRate.stacey.20": 0.97901338624581,
 "snapperCoalescentRate.stacey.21": 0.929692919158554,
 "snapperCoalescentRate.stacey.22": 1.04121357802507,
 "snapperCoalescentRate.stacey.23": 1.11079416167026,
 "snapperCoalescentRate.stacey.24": 1.06949748436551,
 "snapperCoalescentRate.stacey.25": 0.981932130891562,
 "snapperCoalescentRate.stacey.26": 1.03169765268691,
 "snapperCoalescentRate.stacey.27": 1.14849744623935,
 "snapperCoalescentRate.stacey.28": 1.03931675860874,
 "snapperCoalescentRate.stacey.29": 1.01626843024734,
 "snapperCoalescentRate.stacey.30": 0.935195471302056,
 "snapperCoalescentRate.stacey.31": 0.989459338095099,
 "snapperCoalescentRate.stacey.32": 0.932618594893292,
 "snapperCoalescentRate.stacey.33": 1.15588721579402,
 "snapperCoalescentRate.stacey.34": 0.916548840929727,
 "snapperCoalescentRate.stacey.35": 1.01959328229857,
 "snapperCoalescentRate.stacey.36": 1.07265360194442,
 "snapperCoalescentRate.stacey.37": 0.997964747818799,
 "snapperCoalescentRate.stacey.38": 1.00463803077063,
 "snapperCoalescentRate.stacey.39": 1.00883078209686,
 "snapperCoalescentRate.stacey.40": 1.05101179591043,
 "snapperCoalescentRate.stacey.41": 1.0464024371881,
 "snapperCoalescentRate.stacey.42": 0.983335045928801,
 "snapperCoalescentRate.stacey.43": 0.930150395019611,
 "snapperCoalescentRate.stacey.44": 0.970760157699927,
 "snapperCoalescentRate.stacey.45": 1.05235528604305,
 "snapperCoalescentRate.stacey.46": 0.980365941869756,
 "snapperCoalescentRate.stacey.47": 0.981430997841607,
 "snapperCoalescentRate.stacey.48": 0.990949963511705,
 "snapperCoalescentRate.stacey.49": 0.929498410711852,
 "snapperCoalescentRate.stacey.50": 1.02920706014326,
 "snapperCoalescentRate.stacey.51": 0.895964232585056,
 "snapperCoalescentRate.stacey.52": 0.964767178206901,
 "snapperCoalescentRate.stacey.53": 0.917834105714384,
 "snapperCoalescentRate.stacey.54": 1.11713241251439,
 "snapperCoalescentRate.stacey.55": 1.05963992137002,
 "snapperCoalescentRate.stacey.56": 1.11837231545025,
 "snapperCoalescentRate.stacey.57": 0.977922485001552,
 "snapperCoalescentRate.stacey.58": 0.975014120205125,
 "snapperCoalescentRate.stacey.59": 0.942837358602906,
 "snapperCoalescentRate.stacey.60": 1.08845072767008,
 "snapperCoalescentRate.stacey.61": 0.951906397059539,
 "snapperCoalescentRate.stacey.62": 0.99325939164628,
 "snapperCoalescentRate.stacey.63": 0.970190463241374,
 "snapperCoalescentRate.stacey.64": 0.919086175114134,
 "snapperCoalescentRate.stacey.65": 1.25616378196041,
 "snapperCoalescentRate.stacey.66": 1.05990623501946,
 "snapperCoalescentRate.stacey.67": 1.11836517507925,
 "snapperCoalescentRate.stacey.68": 0.993214374532867,
 "snapperCoalescentRate.stacey.69": 1.16221181718537,
 "snapperCoalescentRate.stacey.70": 0.999697177777231,
 "snapperCoalescentRate.stacey.71": 0.911254198942227,
 "snapperCoalescentRate.stacey.72": 0.985058899866362,
 "snapperCoalescentRate.stacey.73": 0.963443089522315,
 "snapperCoalescentRate.stacey.74": 0.97808823916732,
 "snapperCoalescentRate.stacey.75": 1.00418254006783,
 "snapperCoalescentRate.stacey.76": 1.08251840215502,
 "snapperCoalescentRate.stacey.77": 1.04047779675095,
 "snapperCoalescentRate.stacey.78": 0.980330145629728,
 "snapperCoalescentRate.stacey.79": 1.02213110426146,
 "bdcGrowthRateRate.Species": 0.214628700945838,
 "relativeDeathRate.Species": 0,
 "collapseWeight.Species": 0.246881187397014,
 "originHeight.Species": 5.59909575763072e+98,
 "BirthDeathCollapseModel.Species": 112.128996343382,
 "BirthRates.1": 19.3756464362976,
 "BirthRates.2": 8.53983342528155,
 "BirthRates.3": 12.9030442411928,
 "BirthRates.4": 6.12160321623776,
 "clusterCount": 30,