{
 "Sample": 26700000,
 "posterior": 110.890527614779,
 "likelihood": 0,
 "prior": 110.890527614779,
 "TreeHeight.stacey": 0.511560894685658,
 "snapperCoalescentRate.stacey.1": 0.95418387901033,
 "snapperCoalescentRate.stacey.2": 0.993977340778328,
 "snapperCoalescentRate.stacey.3": 1.1049497343112,
 "snapperCoalescentRate.stacey.4": 1.18936560466407,
 "snapperCoalescentRate.stacey.5": 1.08971181278021,
 "snapperCoalescentRate.stacey.6": 1.01916259438725,
 "snapperCoalescentRate.stacey.7": 0.861403455375677,
 "snapperCoalescentRate.stacey.8": 1.01582951853733,
 "snapperCoalescentRate.stacey.9": 0.986785801153968,
 "snapperCoalescentRate.stacey.10": 0.949971035548867,
 "snapperCoalescentRate.stacey.11": 0.846579885737719,
 "snapperCoalescentRate.stacey.12": 1.11980144321074,
 "snapperCoalescentRate.stacey.13": 0.978743549336828,
 "snapperCoalescentRate.stacey.14": 1.12389759021889,
 "snapperCoalescentRate.stacey.15": 0.967425282727745,
 "snapperCoalescentRate.stacey.16": 0.945000389342439,
 "snapperCoalescentRate.stacey.17": 1.11911462805795,
 "snapperCoalescentRate.stacey.18": 1.01581342430136,
 "snapperCoalescentRate.stacey.19": 1.10226369151814,
 "snapperCoalescentRate.stacey.20": 1.02203185694644,
 "snapperCoalescentRate.stacey.21": 0.996848266292586,
 "snapperCoalescentRate.stacey.22": 0.997894748237408,
 "snapperCoalescentRate.stacey.23": 0.941585794865548,
 "snapperCoalescentRate.stacey.24": 1.01640074865504,
 "snapperCoalescentRate.stacey.25": 0.93637899850167,
 "snapperCoalescentRate.stacey.26": 1.05700613962623,
 "snapperCoalescentRate.stacey.27": 1.01896909494385,
 "snapperCoalescentRate.stacey.28": 0.990652611878987,
 "snapperCoalescentRate.stacey.29": 0.973143912372044,
 "snapperCoalescentRate.stacey.30": 0.962401948674232,
 "snapperCoalescentRate.stacey.31": 1.03491172879136,
 "snapperCoalescentRate.stacey.32": 0.998080074037306,
 "snapperCoalescentRate.stacey.33": 0.935007405397668,
 "snapperCoalescentRate.stacey.34": 1.03586242254733,
 "snapperCoalescentRate.stacey.35": 0.964206591213851,
 "snapperCoalescentRate.stacey.36": 0.978146944021581,
 "snapperCoalescentRate.stacey.37": 0.884918723060872,
 "snapperCoalescentRate.stacey.38": 1.04298047042247,
 "snapperCoalescentRate.stacey.39": 1.19134372860133,
 "snapperCoalescentRate.stacey.40": 1.08880797560235,
 "snapperCoalescentRate.stacey.41": 0.90986384760985,
 "snapperCoalescentRate.stacey.42": 0.966036224990401,
 "snapperCoalescentRate.stacey.43": 0.909145022876485,
 "snapperCoalescentRate.stacey.44": 0.94051372144818,
 "snapperCoalescentRate.stacey.45": 0.816065679377087,
 "snapperCoalescentRate.stacey.46": 1.17874039383156,
 "snapperCoalescentRate.stacey.47": 0.98425960431006,
 "snapperCoalescentRate.stacey.48": 0.936874281178486,
 "snapperCoalescentRate.stacey.49": 1.02954997349765,
 "snapperCoalescentRate.stacey.50": 0.939514295255665,
 "snapperCoalescentRate.stacey.51": 1.06457121424737,
 "snapperCoalescentRate.stacey.52": 1.09625454259489,
 "snapperCoalescentRate.stacey.53": 0.872665729429626,
 "snapperCoalescentRate.stacey.54": 1.19176455586746,
 "snapperCoalescentRate.stacey.55": 1.18536348325916,
 "snapperCoalescentRate.stacey.56": 0.89574303587773,
 "snapperCoalescentRate.stacey.57": 1.11811805519197,
 "snapperCoalescentRate.stacey.58": 1.16479398833465,
 "snapperCoalescentRate.stacey.59": 0.934921711455108,
 "snapperCoalescentRate.stacey.60": 0.986091840593475,
 "snapperCoalescentRate.stacey.61": 0.953768135570522,
 "snapperCoalescentRate.stacey.62": 0.947058670554163,
 "snapperCoalescentRate.stacey.63": 0.969981497032571,
 "snapperCoalescentRate.stacey.64": 1.07420501314885,
 "snapperCoalescentRate.stacey.65": 0.86398800740293,
 "snapperCoalescentRate.stacey.66": 0.911173371498866,
 "snapperCoalescentRate.stacey.67": 0.871101683645863,
 "snapperCoalescentRate.stacey.68": 0.87224180720901,
 "snapperCoalescentRate.stacey.69": 1.03544306837622,
 "snapperCoalescentRate.stacey.70": 0.979762370252878,
 "snapperCoalescentRate.stacey.71": 1.01400862002763,
 "snapperCoalescentRate.stacey.72": 1.07390796055162,
 "snapperCoalescentRate.stacey.73": 0.915447956299916,
 "snapperCoalescentRate.stacey.74": 1.03225966509461,
 "snapperCoalescentRate.stacey.75": 0.99894293818934,
 "snapperCoalescentRate.stacey.76": 1.00811904364055,
 "snapperCoalescentRate.stacey.77": 1.08630058394413,
 "snapperCoalescentRate.stacey.78": 0.984581301658763,
 "snapperCoalescentRate.stacey.79": 1.07229320184347,
 "bdcGrowthRateRate.Species": 0.213495626865636,
 "relativeDeathRate.Species": 0,
 "collapseWeight.Species": 0.00445816371988957,
 "originHeight.Species": 9.77460879316478e+97,
 "BirthDeathCollapseModel.Species": 28.0812857385782,
 "BirthRates.1": 5.31924453850284,
 "BirthRates.2": 5.95199600699536,
 "BirthRates.3": 2.0744310438427,
 "BirthRates.4": 4.68976330546058,
 "clusterCount": 40,