{
 "Sample": 48450000,
 "posterior": 177.367201407038,
 "likelihood": 0,
 "prior": 177.367201407038,
 "TreeHeight.stacey": 0.482730619842308,
 "snapperCoalescentRate.stacey.1": 0.936308680409779,
 "snapperCoalescentRate.stacey.2": 0.966883968663313,
 "snapperCoalescentRate.stacey.3": 1.0536155449723,
 "snapperCoalescentRate.stacey.4": 0.79610444893618,
 "snapperCoalescentRate.stacey.5": 1.1580123609558,
 "snapperCoalescentRate.stacey.6": 0.909923937269622,
 "snapperCoalescentRate.stacey.7": 1.31720382043604,
 "snapperCoalescentRate.stacey.8": 1.1893209908269,
 "snapperCoalescentRate.stacey.9": 0.907502340902402,
 "snapperCoalescentRate.stacey.10": 0.857069510399285,
 "snapperCoalescentRate.stacey.11": 0.950238969534078,
 "snapperCoalescentRate.stacey.12": 0.912897839450857,
 "snapperCoalescentRate.stacey.13": 0.92946743111099,
 "snapperCoalescentRate.stacey.14": 1.11547608514646,
 "snapperCoalescentRate.stacey.15": 0.925114712058563,
 "snapperCoalescentRate.stacey.16": 0.81058092885766,
 "snapperCoalescentRate.stacey.17": 0.883376936403329,
 "snapperCoalescentRate.stacey.18": 1.04858394209881,
 "snapperCoalescentRate.stacey.19": 1.12301812914261,
 "snapperCoalescentRate.stacey.20": 1.00547084735697,
 "snapperCoalescentRate.stacey.21": 0.967324627246203,
 "snapperCoalescentRate.stacey.22": 0.917697404504968,
 "snapperCoalescentRate.stacey.23": 1.11099832259305,
 "snapperCoalescentRate.stacey.24": 1.02763341563843,
 "snapperCoalescentRate.stacey.25": 1.14710569195976,
 "snapperCoalescentRate.stacey.26": 1.00164505204277,
 "snapperCoalescentRate.stacey.27": 1.10907513259489,
 "snapperCoalescentRate.stacey.28": 0.92667324246101,
 "snapperCoalescentRate.stacey.29": 1.201765834372,
 "snapperCoalescentRate.stacey.30": 1.02138091011375,
 "snapperCoalescentRate.stacey.31": 0.882181667243764,
 "snapperCoalescentRate.stacey.32": 1.20223748421051,
 "snapperCoalescentRate.stacey.33": 1.00712206621574,
 "snapperCoalescentRate.stacey.34": 1.13998544939307,
 "snapperCoalescentRate.stacey.35": 1.07559011221007,
 "snapperCoalescentRate.stacey.36": 0.798592968868961,
 "snapperCoalescentRate.stacey.37": 0.987886512047413,
 "snapperCoalescentRate.stacey.38": 1.1841985844799,
 "snapperCoalescentRate.stacey.39": 1.1171610478662,
 "snapperCoalescentRate.stacey.40": 0.889431007198212,
 "snapperCoalescentRate.stacey.41": 1.00207600668502,
 "snapperCoalescentRate.stacey.42": 1.05851352590995,
 "snapperCoalescentRate.stacey.43": 0.90923944378421,
 "snapperCoalescentRate.stacey.44": 1.1042183985215,
 "snapperCoalescentRate.stacey.45": 1.05435424147247,
 "snapperCoalescentRate.stacey.46": 1.26753542097606,
 "snapperCoalescentRate.stacey.47": 1.12688568440942,
 "snapperCoalescentRate.stacey.48": 1.10296433303619,
 "snapperCoalescentRate.stacey.49": 0.958133510691724,
 "snapperCoalescentRate.stacey.50": 0.970017804994802,
 "snapperCoalescentRate.stacey.51": 0.820197803370265,
 "snapperCoalescentRate.stacey.52": 0.890887826794046,
 "snapperCoalescentRate.stacey.53": 1.1398807822702,
 "snapperCoalescentRate.stacey.54": 0.953147347008635,
 "snapperCoalescentRate.stacey.55": 0.895044414602951,
 "snapperCoalescentRate.stacey.56": 1.10192221788224,
 "snapperCoalescentRate.stacey.57": 1.04713554754146,
 "snapperCoalescentRate.stacey.58": 1.01421130009451,
 "snapperCoalescentRate.stacey.59": 1.10996572701913,
 "snapperCoalescentRate.stacey.60": 0.875022328708488,
 "snapperCoalescentRate.stacey.61": 1.00270291277694,
 "snapperCoalescentRate.stacey.62": 0.923220659179722,
 "snapperCoalescentRate.stacey.63": 0.979934041349267,
 "snapperCoalescentRate.stacey.64": 0.95593977459264,
 "snapperCoalescentRate.stacey.65": 0.959463727294708,
 "snapperCoalescentRate.stacey.66": 0.867795545255398,
 "snapperCoalescentRate.stacey.67": 1.15470282570098,
 "snapperCoalescentRate.stacey.68": 0.809643606788564,
 "snapperCoalescentRate.stacey.69": 0.924166977481636,
 "snapperCoalescentRate.stacey.70": 1.11900129973661,
 "snapperCoalescentRate.stacey.71": 0.897204808473039,
 "snapperCoalescentRate.stacey.72": 1.0534627728139,
 "snapperCoalescentRate.stacey.73": 1.03172818306523,
 "snapperCoalescentRate.stacey.74": 1.31017896025055,
 "snapperCoalescentRate.stacey.75": 1.17752883512332,
 "snapperCoalescentRate.stacey.76": 1.00028658429863,
 "snapperCoalescentRate.stacey.77": 0.957222545073968,
 "snapperCoalescentRate.stacey.78": 0.935542820499197,
 "snapperCoalescentRate.stacey.79": 0.914753126328037,
 "bdcGrowthRateRate.Species": 0.191764705516705,
 "relativeDeathRate.Species": 0,
 "collapseWeight.Species": 0.424115134541945,
 "originHeight.Species": 5.37663412299332e+98,
 "BirthDeathCollapseModel.Species": 120.800383800118,
 "BirthRates.1": 7.90058246107308,
 "BirthRates.2": 8.61419370924266,
 "BirthRates.3": 9.52989060573466,
 "BirthRates.4": 6.51413371219098,
 "clusterCount": 25,