{
 "Sample": 48200000,
 "posterior": 361.808849433517,
 "likelihood": 0,
 "prior": 361.808849433517,
 "TreeHeight.stacey": 0.0742447558283752,
 "snapperCoalescentRate.stacey.1": 1.02379199899931,
 "snapperCoalescentRate.stacey.2": 1.13571327179107,
 "snapperCoalescentRate.stacey.3": 0.924485909099375,
 "snapperCoalescentRate.stacey.4": 1.08594185980174,
 "snapperCoalescentRate.stacey.5": 0.979597352411766,
 "snapperCoalescentRate.stacey.6": 1.04959055761117,
 "snapperCoalescentRate.stacey.7": 0.999914527505225,
 "snapperCoalescentRate.stacey.8": 0.912105130740025,
 "snapperCoalescentRate.stacey.9": 1.07490779973091,
 "snapperCoalescentRate.stacey.10": 0.901422501632584,
 "snapperCoalescentRate.stacey.11": 0.865020111846322,
 "snapperCoalescentRate.stacey.12": 1.07294921933197,
 "snapperCoalescentRate.stacey.13": 0.901761682925691,
 "snapperCoalescentRate.stacey.14": 1.0346439971202,
 "snapperCoalescentRate.stacey.15": 1.1164933786157,
 "snapperCoalescentRate.stacey.16": 0.906736033564169,
 "snapperCoalescentRate.stacey.17": 0.959467976577201,
 "snapperCoalescentRate.stacey.18": 1.02829720493698,
 "snapperCoalescentRate.stacey.19": 1.14253895487913,
 "snapperCoalescentRate.stacey.20": 1.05692316492218,
 "snapperCoalescentRate.stacey.21": 1.00430954740858,
 "snapperCoalescentRate.stacey.22": 0.936010526984206,
 "snapperCoalescentRate.stacey.23": 0.98986520599073,
 "snapperCoalescentRate.stacey.24": 1.03460300769054,
 "snapperCoalescentRate.stacey.25": 1.04526288988834,
 "snapperCoalescentRate.stacey.26": 0.951447542519117,
 "snapperCoalescentRate.stacey.27": 1.0550744726516,
 "snapperCoalescentRate.stacey.28": 0.959151049028821,
 "snapperCoalescentRate.stacey.29": 1.05430082517188,
 "snapperCoalescentRate.stacey.30": 1.16524795405905,
 "snapperCoalescentRate.stacey.31": 0.963638717539088,
 "snapperCoalescentRate.stacey.32": 1.00927657787196,
 "snapperCoalescentRate.stacey.33": 0.970310377401758,
 "snapperCoalescentRate.stacey.34": 0.828267220353128,
 "snapperCoalescentRate.stacey.35": 1.16041197377302,
 "snapperCoalescentRate.stacey.36": 0.910276750360088,
 "snapperCoalescentRate.stacey.37": 1.17159949607848,
 "snapperCoalescentRate.stacey.38": 1.0585833871515,
 "snapperCoalescentRate.stacey.39": 1.00918290996573,
 "snapperCoalescentRate.stacey.40": 1.09376894554087,
 "snapperCoalescentRate.stacey.41": 1.12689941705612,
 "snapperCoalescentRate.stacey.42": 0.881723275938257,
 "snapperCoalescentRate.stacey.43": 1.13531722644954,
 "snapperCoalescentRate.stacey.44": 0.890515664992607,
 "snapperCoalescentRate.stacey.45": 1.07755314057754,
 "snapperCoalescentRate.stacey.46": 0.969497955423716,
 "snapperCoalescentRate.stacey.47": 1.0445938532032,
 "snapperCoalescentRate.stacey.48": 1.02174922016973,
 "snapperCoalescentRate.stacey.49": 0.99446222985505,
 "snapperCoalescentRate.stacey.50": 1.08032789482918,
 "snapperCoalescentRate.stacey.51": 1.02384789519912,
 "snapperCoalescentRate.stacey.52": 1.10256786007493,
 "snapperCoalescentRate.stacey.53": 1.19317265667654,
 "snapperCoalescentRate.stacey.54": 1.0360118531823,
 "snapperCoalescentRate.stacey.55": 0.977522261547145,
 "snapperCoalescentRate.stacey.56": 1.02751824283496,
 "snapperCoalescentRate.stacey.57": 0.93602897491334,
 "snapperCoalescentRate.stacey.58": 0.982971296914749,
 "snapperCoalescentRate.stacey.59": 0.9543745481298,
 "snapperCoalescentRate.stacey.60": 0.837931731115761,
 "snapperCoalescentRate.stacey.61": 1.00222068090065,
 "snapperCoalescentRate.stacey.62": 0.994670650977234,
 "snapperCoalescentRate.stacey.63": 0.9442215500079,
 "snapperCoalescentRate.stacey.64": 1.05480377494231,
 "snapperCoalescentRate.stacey.65": 1.05809133227076,
 "snapperCoalescentRate.stacey.66": 1.13684682584732,
 "snapperCoalescentRate.stacey.67": 0.974467156739707,
 "snapperCoalescentRate.stacey.68": 0.988927204395825,
 "snapperCoalescentRate.stacey.69": 1.15814212791024,
 "snapperCoalescentRate.stacey.70": 1.04892212678562,
 "snapperCoalescentRate.stacey.71": 0.909091535467624,
 "snapperCoalescentRate.stacey.72": 0.999798168374919,
 "snapperCoalescentRate.stacey.73": 0.877320345463769,
 "snapperCoalescentRate.stacey.74": 1.25273550326776,
 "snapperCoalescentRate.stacey.75": 1.02846439910128,
 "snapperCoalescentRate.stacey.76": 1.07412741466492,
 "snapperCoalescentRate.stacey.77": 0.994139141594104,
 "snapperCoalescentRate.stacey.78": 1.19839403245356,
 "snapperCoalescentRate.stacey.79": 0.784912140159989,
 "bdcGrowthRateRate.Species": 0.185692676153,
 "relativeDeathRate.Species": 0,
 "collapseWeight.Species": 0.801134681308322,
 "originHeight.Species": 7.88805458060867e+98,
 "BirthDeathCollapseModel.Species": 285.703465342726,
 "BirthRates.1": 99.5779251124893,
 "BirthRates.2": 10.7505837878073,
 "BirthRates.3": 24.7599648459961,
 "BirthRates.4": 23.9326204389216,
 "clusterCount": 8,