{
 "Sample": 40100000,
 "posterior": 361.175219800509,
 "likelihood": 0,
 "prior": 361.175219800509,
 "TreeHeight.stacey": 0.109368635306198,
 "snapperCoalescentRate.stacey.1": 1.03252409321903,
 "snapperCoalescentRate.stacey.2": 1.03645466937651,
 "snapperCoalescentRate.stacey.3": 1.01989745237644,
 "snapperCoalescentRate.stacey.4": 1.08259067189901,
 "snapperCoalescentRate.stacey.5": 0.957684239622632,
 "snapperCoalescentRate.stacey.6": 0.964141552255159,
 "snapperCoalescentRate.stacey.7": 1.36583769941511,
 "snapperCoalescentRate.stacey.8": 0.850744774412329,
 "snapperCoalescentRate.stacey.9": 1.15835761176537,
 "snapperCoalescentRate.stacey.10": 1.06581268682281,
 "snapperCoalescentRate.stacey.11": 1.08395453000518,
 "snapperCoalescentRate.stacey.12": 1.05413744743134,
 "snapperCoalescentRate.stacey.13": 1.02690271395421,
 "snapperCoalescentRate.stacey.14": 1.19761155733238,
 "snapperCoalescentRate.stacey.15": 0.981780786276987,
 "snapperCoalescentRate.stacey.16": 0.939203385182829,
 "snapperCoalescentRate.stacey.17": 1.20401898333254,
 "snapperCoalescentRate.stacey.18": 0.981744345850763,
 "snapperCoalescentRate.stacey.19": 0.982514593847258,
 "snapperCoalescentRate.stacey.20": 0.986709394369559,
 "snapperCoalescentRate.stacey.21": 0.997272144126058,
 "snapperCoalescentRate.stacey.22": 0.936594669674153,
 "snapperCoalescentRate.stacey.23": 0.950861998929039,
 "snapperCoalescentRate.stacey.24": 0.971881875450274,
 "snapperCoalescentRate.stacey.25": 0.952642898904808,
 "snapperCoalescentRate.stacey.26": 0.926353015671378,
 "snapperCoalescentRate.stacey.27": 1.012832839894,
 "snapperCoalescentRate.stacey.28": 1.02001727894174,
 "snapperCoalescentRate.stacey.29": 0.997291064693588,
 "snapperCoalescentRate.stacey.30": 1.14153459040034,
 "snapperCoalescentRate.stacey.31": 0.896392525943206,
 "snapperCoalescentRate.stacey.32": 0.973516600527664,
 "snapperCoalescentRate.stacey.33": 0.992052258659919,
 "snapperCoalescentRate.stacey.34": 0.865753981833459,
 "snapperCoalescentRate.stacey.35": 1.05906096331421,
 "snapperCoalescentRate.stacey.36": 0.850860518664268,
 "snapperCoalescentRate.stacey.37": 1.03435672070278,
 "snapperCoalescentRate.stacey.38": 0.92458183001254,
 "snapperCoalescentRate.stacey.39": 1.04567684654198,
 "snapperCoalescentRate.stacey.40": 1.01557951945473,
 "snapperCoalescentRate.stacey.41": 1.05038888535717,
 "snapperCoalescentRate.stacey.42": 1.04591207349895,
 "snapperCoalescentRate.stacey.43": 0.896076485530082,
 "snapperCoalescentRate.stacey.44": 0.935982194795729,
 "snapperCoalescentRate.stacey.45": 1.12786852501946,
 "snapperCoalescentRate.stacey.46": 1.0504542280226,
 "snapperCoalescentRate.stacey.47": 1.06145541434028,
 "snapperCoalescentRate.stacey.48": 0.998369580312409,
 "snapperCoalescentRate.stacey.49": 0.954379166609012,
 "snapperCoalescentRate.stacey.50": 1.0353543211499,
 "snapperCoalescentRate.stacey.51": 1.01003445220235,
 "snapperCoalescentRate.stacey.52": 0.853558426164544,
 "snapperCoalescentRate.stacey.53": 1.08145804144042,
 "snapperCoalescentRate.stacey.54": 1.07482844236006,
 "snapperCoalescentRate.stacey.55": 0.877515752198594,
 "snapperCoalescentRate.stacey.56": 1.03925372687887,
 "snapperCoalescentRate.stacey.57": 0.992318377642297,
 "snapperCoalescentRate.stacey.58": 1.08105191081171,
 "snapperCoalescentRate.stacey.59": 1.07180462020959,
 "snapperCoalescentRate.stacey.60": 0.987892927074425,
 "snapperCoalescentRate.stacey.61": 1.25757224389546,
 "snapperCoalescentRate.stacey.62": 0.856805980983301,
 "snapperCoalescentRate.stacey.63": 1.05301358513227,
 "snapperCoalescentRate.stacey.64": 0.96770134961541,
 "snapperCoalescentRate.stacey.65": 0.931816531146916,
 "snapperCoalescentRate.stacey.66": 1.01444071879935,
 "snapperCoalescentRate.stacey.67": 0.978575839267205,
 "snapperCoalescentRate.stacey.68": 0.940969172749791,
 "snapperCoalescentRate.stacey.69": 0.96831389541337,
 "snapperCoalescentRate.stacey.70": 1.03721368437553,
 "snapperCoalescentRate.stacey.71": 0.927309221027078,
 "snapperCoalescentRate.stacey.72": 0.927081979318823,
 "snapperCoalescentRate.stacey.73": 0.886831996155705,
 "snapperCoalescentRate.stacey.74": 0.879441256809342,
 "snapperCoalescentRate.stacey.75": 0.925521030275348,
 "snapperCoalescentRate.stacey.76": 0.940393872490467,
 "snapperCoalescentRate.stacey.77": 1.1347846977873,
 "snapperCoalescentRate.stacey.78": 0.935311491104965,
 "snapperCoalescentRate.stacey.79": 1.01883007236226,
 "bdcGrowthRateRate.Species": 0.205753155413701,
 "relativeDeathRate.Species": 0,
 "collapseWeight.Species": 0.824420196956376,
 "originHeight.Species": 9.58931478876547e+98,
 "BirthDeathCollapseModel.Species": 282.65961842041,
 "BirthRates.1": 83.7286821977187,
 "BirthRates.2": 3.13561304114429,
 "BirthRates.3": 15.9489824378481,
 "BirthRates.4": 7.7257827650487,
 "clusterCount": 8,