{
 "Sample": 47450000,
 "posterior": 352.22784172018,
 "likelihood": 0,
 "prior": 352.22784172018,
 "TreeHeight.stacey": 0.623642372907311,
 "snapperCoalescentRate.stacey.1": 0.839699862605634,
 "snapperCoalescentRate.stacey.2": 0.959010832463118,
 "snapperCoalescentRate.stacey.3": 1.01162267440211,
 "snapperCoalescentRate.stacey.4": 0.925518964948339,
 "snapperCoalescentRate.stacey.5": 0.872540059199384,
 "snapperCoalescentRate.stacey.6": 1.03872932192815,
 "snapperCoalescentRate.stacey.7": 1.05053486663456,
 "snapperCoalescentRate.stacey.8": 1.04385677890045,
 "snapperCoalescentRate.stacey.9": 1.01693168795467,
 "snapperCoalescentRate.stacey.10": 0.926330765992658,
 "snapperCoalescentRate.stacey.11": 0.933990460729039,
 "snapperCoalescentRate.stacey.12": 0.979856267402735,
 "snapperCoalescentRate.stacey.13": 1.03497284728491,
 "snapperCoalescentRate.stacey.14": 0.921452423815791,
 "snapperCoalescentRate.stacey.15": 0.994029021547851,
 "snapperCoalescentRate.stacey.16": 0.931927812381447,
 "snapperCoalescentRate.stacey.17": 0.813367126063354,
 "snapperCoalescentRate.stacey.18": 1.19856846025361,
 "snapperCoalescentRate.stacey.19": 1.01269758699912,
 "snapperCoalescentRate.stacey.20": 0.941364930320726,
 "snapperCoalescentRate.stacey.21": 1.15720841208405,
 "snapperCoalescentRate.stacey.22": 0.989593170808476,
 "snapperCoalescentRate.stacey.23": 0.894408700531485,
 "snapperCoalescentRate.stacey.24": 1.0543563135001,
 "snapperCoalescentRate.stacey.25": 1.28523725299597,
 "snapperCoalescentRate.stacey.26": 1.07037179022518,
 "snapperCoalescentRate.stacey.27": 0.95481748203632,
 "snapperCoalescentRate.stacey.28": 1.17257770477783,
 "snapperCoalescentRate.stacey.29": 0.923347071237782,
 "snapperCoalescentRate.stacey.30": 1.09376187132294,
 "snapperCoalescentRate.stacey.31": 0.996711815686604,
 "snapperCoalescentRate.stacey.32": 1.022979930378,
 "snapperCoalescentRate.stacey.33": 1.14181768478553,
 "snapperCoalescentRate.stacey.34": 1.00361071676305,
 "snapperCoalescentRate.stacey.35": 0.899022165894284,
 "snapperCoalescentRate.stacey.36": 0.850896693137313,
 "snapperCoalescentRate.stacey.37": 1.01319634543323,
 "snapperCoalescentRate.stacey.38": 0.932929679348386,
 "snapperCoalescentRate.stacey.39": 1.11338714265001,
 "snapperCoalescentRate.stacey.40": 0.846775085799131,
 "snapperCoalescentRate.stacey.41": 1.0814292357842,
 "snapperCoalescentRate.stacey.42": 1.00534866405582,
 "snapperCoalescentRate.stacey.43": 0.992156269953861,
 "snapperCoalescentRate.stacey.44": 1.10272849778224,
 "snapperCoalescentRate.stacey.45": 0.935285459332373,
 "snapperCoalescentRate.stacey.46": 1.10920567819791,
 "snapperCoalescentRate.stacey.47": 0.990599489855952,
 "snapperCoalescentRate.stacey.48": 1.02702688088099,
 "snapperCoalescentRate.stacey.49": 0.94606503065567,
 "snapperCoalescentRate.stacey.50": 1.15295890105937,
 "snapperCoalescentRate.stacey.51": 0.954209101700373,
 "snapperCoalescentRate.stacey.52": 0.992564875350154,
 "snapperCoalescentRate.stacey.53": 1.04361995356118,
 "snapperCoalescentRate.stacey.54": 0.977472582299357,
 "snapperCoalescentRate.stacey.55": 1.12941197232989,
 "snapperCoalescentRate.stacey.56": 1.09397220197509,
 "snapperCoalescentRate.stacey.57": 0.961574550498874,
 "snapperCoalescentRate.stacey.58": 1.05910980497641,
 "snapperCoalescentRate.stacey.59": 1.04728111477867,
 "snapperCoalescentRate.stacey.60": 1.08534653852456,
 "snapperCoalescentRate.stacey.61": 0.93896635610224,
 "snapperCoalescentRate.stacey.62": 0.970544604432059,
 "snapperCoalescentRate.stacey.63": 1.00376410662606,
 "snapperCoalescentRate.stacey.64": 0.98182941132042,
 "snapperCoalescentRate.stacey.65": 1.07980424814894,
 "snapperCoalescentRate.stacey.66": 0.97845463505467,
 "snapperCoalescentRate.stacey.67": 1.03550952245683,
 "snapperCoalescentRate.stacey.68": 1.01445168445688,
 "snapperCoalescentRate.stacey.69": 1.04771206014233,
 "snapperCoalescentRate.stacey.70": 0.98624383743071,
 "snapperCoalescentRate.stacey.71": 1.0118737822085,
 "snapperCoalescentRate.stacey.72": 0.85011717017261,
 "snapperCoalescentRate.stacey.73": 1.09495296534472,
 "snapperCoalescentRate.stacey.74": 1.05226882694232,
 "snapperCoalescentRate.stacey.75": 1.00264290365332,
 "snapperCoalescentRate.stacey.76": 1.080372869905,
 "snapperCoalescentRate.stacey.77": 1.03609583424167,
 "snapperCoalescentRate.stacey.78": 0.984180121023006,
 "snapperCoalescentRate.stacey.79": 1.0791331558995,
 "bdcGrowthRateRate.Species": 0.154487189537844,
 "relativeDeathRate.Species": 0,
 "collapseWeight.Species": 0.878516629580231,
 "originHeight.Species": 9.62307684357356e+98,
 "BirthDeathCollapseModel.Species": 271.904076183566,
 "BirthRates.1": 11.5774881871965,
 "BirthRates.2": 0.283543426551125,
 "BirthRates.3": 0.909899534203382,
 "BirthRates.4": 11.366943123941,
 "clusterCount": 8,