{
 "Sample": 33550000,
 "posterior": 145.515392248925,
 "likelihood": 0,
 "prior": 145.515392248925,
 "TreeHeight.stacey": 0.388836122529772,
 "snapperCoalescentRate.stacey.1": 0.954320216072262,
 "snapperCoalescentRate.stacey.2": 1.02630717600374,
 "snapperCoalescentRate.stacey.3": 0.954750430699755,
 "snapperCoalescentRate.stacey.4": 0.984545496843231,
 "snapperCoalescentRate.stacey.5": 0.99580668823127,
 "snapperCoalescentRate.stacey.6": 1.11155424015257,
 "snapperCoalescentRate.stacey.7": 0.877907309599102,
 "snapperCoalescentRate.stacey.8": 0.944944176183183,
 "snapperCoalescentRate.stacey.9": 1.05875528576794,
 "snapperCoalescentRate.stacey.10": 1.11372895869936,
 "snapperCoalescentRate.stacey.11": 1.27667072139285,
 "snapperCoalescentRate.stacey.12": 0.982125231260214,
 "snapperCoalescentRate.stacey.13": 1.10158365053086,
 "snapperCoalescentRate.stacey.14": 0.959400456231553,
 "snapperCoalescentRate.stacey.15": 0.893776153532048,
 "snapperCoalescentRate.stacey.16": 0.964965806856511,
 "snapperCoalescentRate.stacey.17": 1.12908809788178,
 "snapperCoalescentRate.stacey.18": 0.941499564674695,
 "snapperCoalescentRate.stacey.19": 0.946623917614169,
 "snapperCoalescentRate.stacey.20": 1.07740095760569,
 "snapperCoalescentRate.stacey.21": 1.14833133610432,
 "snapperCoalescentRate.stacey.22": 1.10955889216039,
 "snapperCoalescentRate.stacey.23": 0.948220867679736,
 "snapperCoalescentRate.stacey.24": 0.969752275094541,
 "snapperCoalescentRate.stacey.25": 1.09083387137205,
 "snapperCoalescentRate.stacey.26": 0.950687031845213,
 "snapperCoalescentRate.stacey.27": 1.10441358844994,
 "snapperCoalescentRate.stacey.28": 1.11185764580867,
 "snapperCoalescentRate.stacey.29": 0.918091758092322,
 "snapperCoalescentRate.stacey.30": 1.10225923070064,
 "snapperCoalescentRate.stacey.31": 0.957998255413734,
 "snapperCoalescentRate.stacey.32": 0.990346912475506,
 "snapperCoalescentRate.stacey.33": 1.0085265872357,
 "snapperCoalescentRate.stacey.34": 0.904825617374517,
 "snapperCoalescentRate.stacey.35": 0.969180709397934,
 "snapperCoalescentRate.stacey.36": 1.0786052495113,
 "snapperCoalescentRate.stacey.37": 0.995669836545491,
 "snapperCoalescentRate.stacey.38": 1.01103803495689,
 "snapperCoalescentRate.stacey.39": 1.07893965682965,
 "snapperCoalescentRate.stacey.40": 1.09513143780517,
 "snapperCoalescentRate.stacey.41": 0.945931801434849,
 "snapperCoalescentRate.stacey.42": 1.11947305044951,
 "snapperCoalescentRate.stacey.43": 1.19985680852471,
 "snapperCoalescentRate.stacey.44": 1.00515839033164,
 "snapperCoalescentRate.stacey.45": 1.26772702847661,
 "snapperCoalescentRate.stacey.46": 0.890415230697022,
 "snapperCoalescentRate.stacey.47": 0.928472513693443,
 "snapperCoalescentRate.stacey.48": 0.899677647640445,
 "snapperCoalescentRate.stacey.49": 0.960478897407598,
 "snapperCoalescentRate.stacey.50": 1.08465837740115,
 "snapperCoalescentRate.stacey.51": 1.09462601043662,
 "snapperCoalescentRate.stacey.52": 0.899433947722048,
 "snapperCoalescentRate.stacey.53": 0.995375105331237,
 "snapperCoalescentRate.stacey.54": 1.02411591474788,
 "snapperCoalescentRate.stacey.55": 1.00113170329168,
 "snapperCoalescentRate.stacey.56": 1.05779481994033,
 "snapperCoalescentRate.stacey.57": 1.00585913607539,
 "snapperCoalescentRate.stacey.58": 0.899317968094658,
 "snapperCoalescentRate.stacey.59": 1.18090182236595,
 "snapperCoalescentRate.stacey.60": 1.09570688974193,
 "snapperCoalescentRate.stacey.61": 0.949828847250037,
 "snapperCoalescentRate.stacey.62": 1.02933721470369,
 "snapperCoalescentRate.stacey.63": 1.07493573871564,
 "snapperCoalescentRate.stacey.64": 1.06163263626845,
 "snapperCoalescentRate.stacey.65": 0.979096128728645,
 "snapperCoalescentRate.stacey.66": 1.01749457569071,
 "snapperCoalescentRate.stacey.67": 0.955265012130649,
 "snapperCoalescentRate.stacey.68": 0.918335997323268,
 "snapperCoalescentRate.stacey.69": 1.05108369627556,
 "snapperCoalescentRate.stacey.70": 1.10199009163624,
 "snapperCoalescentRate.stacey.71": 1.00154678561352,
 "snapperCoalescentRate.stacey.72": 0.902821584420621,
 "snapperCoalescentRate.stacey.73": 1.07911227531331,
 "snapperCoalescentRate.stacey.74": 0.91000727648084,
 "snapperCoalescentRate.stacey.75": 0.917929801821608,
 "snapperCoalescentRate.stacey.76": 1.02555532049017,
 "snapperCoalescentRate.stacey.77": 1.01711407584654,
 "snapperCoalescentRate.stacey.78": 1.08286370385056,
 "snapperCoalescentRate.stacey.79": 0.925222286651292,
 "bdcGrowthRateRate.Species": 0.249667336722607,
 "relativeDeathRate.Species": 0,
 "collapseWeight.Species": 0.0605355538575994,
 "originHeight.Species": 9.13881373747277e+98,
 "BirthDeathCollapseModel.Species": 64.7367473360098,
 "BirthRates.1": 15.4873147417878,
 "BirthRates.2": 1.71699302935741,
 "BirthRates.3": 4.738537601098,
 "BirthRates.4": 7.0058057188434,
 "clusterCount": 38,